DriverNumber,Abbreviation,FullName,TeamName,GridPosition,Position,Points,Status,Finished,QualiPosition,QualiTime_s,AvgAirTemp,AvgTrackTemp,Humidity,Rainfall,Year,Round,GP,Circuit,Country,Date,driver_avg_pos_last3,driver_avg_pos_last5,driver_best_pos_last5,driver_std_pos_last5,driver_finish_rate_last10,driver_pos_trend,team_avg_pos_last3,team_best_pos_season,grid_vs_driver_form,teammate_pos_delta_last5,quali_time_delta_s,driver_track_avg,driver_track_count,driver_similar_circuits_avg,is_rain,season_race_number,regulation_era,sample_weight
16,LEC,Charles Leclerc,Ferrari,1.0,1.0,26.0,Finished,True,1.0,90.558,23.617791411042944,28.61042944785276,29.49079754601227,False,2022,1,Bahrain Grand Prix,Sakhir,Bahrain,2022-03-20,,,,,,,,,,,0.0,,0.0,,0,1,0,0.03675834394910802
55,SAI,Carlos Sainz,Ferrari,3.0,2.0,18.0,Finished,True,3.0,90.687,23.617791411042944,28.61042944785276,29.49079754601227,False,2022,1,Bahrain Grand Prix,Sakhir,Bahrain,2022-03-20,,,,,,,,,,,0.12899999999999068,,0.0,,0,1,0,0.03675834394910802
44,HAM,Lewis Hamilton,Mercedes,5.0,3.0,15.0,Finished,True,5.0,91.238,23.617791411042944,28.61042944785276,29.49079754601227,False,2022,1,Bahrain Grand Prix,Sakhir,Bahrain,2022-03-20,,,,,,,,,,,0.6799999999999926,,0.0,,0,1,0,0.03675834394910802
63,RUS,George Russell,Mercedes,9.0,4.0,12.0,Finished,True,9.0,92.216,23.617791411042944,28.61042944785276,29.49079754601227,False,2022,1,Bahrain Grand Prix,Sakhir,Bahrain,2022-03-20,,,,,,,,,,,1.657999999999987,,0.0,,0,1,0,0.03675834394910802
20,MAG,Kevin Magnussen,Haas F1 Team,7.0,5.0,10.0,Finished,True,7.0,91.808,23.617791411042944,28.61042944785276,29.49079754601227,False,2022,1,Bahrain Grand Prix,Sakhir,Bahrain,2022-03-20,,,,,,,,,,,1.25,,0.0,,0,1,0,0.03675834394910802
77,BOT,Valtteri Bottas,Alfa Romeo,6.0,6.0,8.0,Finished,True,6.0,91.56,23.617791411042944,28.61042944785276,29.49079754601227,False,2022,1,Bahrain Grand Prix,Sakhir,Bahrain,2022-03-20,,,,,,,,,,,1.0019999999999953,,0.0,,0,1,0,0.03675834394910802
31,OCO,Esteban Ocon,Alpine,11.0,7.0,6.0,Finished,True,11.0,91.782,23.617791411042944,28.61042944785276,29.49079754601227,False,2022,1,Bahrain Grand Prix,Sakhir,Bahrain,2022-03-20,,,,,,,,,,,1.2239999999999895,,0.0,,0,1,0,0.03675834394910802
22,TSU,Yuki Tsunoda,AlphaTauri,16.0,8.0,4.0,Finished,True,16.0,92.75,23.617791411042944,28.61042944785276,29.49079754601227,False,2022,1,Bahrain Grand Prix,Sakhir,Bahrain,2022-03-20,,,,,,,,,,,2.191999999999993,,0.0,,0,1,0,0.03675834394910802
14,ALO,Fernando Alonso,Alpine,8.0,9.0,2.0,Finished,True,8.0,92.195,23.617791411042944,28.61042944785276,29.49079754601227,False,2022,1,Bahrain Grand Prix,Sakhir,Bahrain,2022-03-20,,,,,,,,,,,1.6369999999999862,,0.0,,0,1,0,0.03675834394910802
24,ZHO,Guanyu Zhou,Alfa Romeo,15.0,10.0,1.0,Finished,True,15.0,93.543,23.617791411042944,28.61042944785276,29.49079754601227,False,2022,1,Bahrain Grand Prix,Sakhir,Bahrain,2022-03-20,,,,,,,,,,,2.9849999999999994,,0.0,,0,1,0,0.03675834394910802
47,MSC,Mick Schumacher,Haas F1 Team,12.0,11.0,0.0,Finished,True,12.0,91.998,23.617791411042944,28.61042944785276,29.49079754601227,False,2022,1,Bahrain Grand Prix,Sakhir,Bahrain,2022-03-20,,,,,,,,,,,1.4399999999999977,,0.0,,0,1,0,0.03675834394910802
18,STR,Lance Stroll,Aston Martin,19.0,12.0,0.0,Finished,True,19.0,93.032,23.617791411042944,28.61042944785276,29.49079754601227,False,2022,1,Bahrain Grand Prix,Sakhir,Bahrain,2022-03-20,,,,,,,,,,,2.4739999999999895,,0.0,,0,1,0,0.03675834394910802
23,ALB,Alexander Albon,Williams,14.0,13.0,0.0,Finished,True,14.0,92.664,23.617791411042944,28.61042944785276,29.49079754601227,False,2022,1,Bahrain Grand Prix,Sakhir,Bahrain,2022-03-20,,,,,,,,,,,2.1059999999999945,,0.0,,0,1,0,0.03675834394910802
3,RIC,Daniel Ricciardo,McLaren,18.0,14.0,0.0,Finished,True,18.0,92.945,23.617791411042944,28.61042944785276,29.49079754601227,False,2022,1,Bahrain Grand Prix,Sakhir,Bahrain,2022-03-20,,,,,,,,,,,2.3869999999999862,,0.0,,0,1,0,0.03675834394910802
4,NOR,Lando Norris,McLaren,13.0,15.0,0.0,Finished,True,13.0,92.008,23.617791411042944,28.61042944785276,29.49079754601227,False,2022,1,Bahrain Grand Prix,Sakhir,Bahrain,2022-03-20,,,,,,,,,,,1.4499999999999886,,0.0,,0,1,0,0.03675834394910802
6,LAT,Nicholas Latifi,Williams,20.0,16.0,0.0,Finished,True,20.0,93.634,23.617791411042944,28.61042944785276,29.49079754601227,False,2022,1,Bahrain Grand Prix,Sakhir,Bahrain,2022-03-20,,,,,,,,,,,3.0759999999999934,,0.0,,0,1,0,0.03675834394910802
27,HUL,Nico Hulkenberg,Aston Martin,17.0,17.0,0.0,Finished,True,17.0,92.777,23.617791411042944,28.61042944785276,29.49079754601227,False,2022,1,Bahrain Grand Prix,Sakhir,Bahrain,2022-03-20,,,,,,,,,,,2.218999999999994,,0.0,,0,1,0,0.03675834394910802
11,PER,Sergio Perez,Red Bull Racing,4.0,18.0,0.0,Fuel pressure,False,4.0,90.921,23.617791411042944,28.61042944785276,29.49079754601227,False,2022,1,Bahrain Grand Prix,Sakhir,Bahrain,2022-03-20,,,,,,,,,,,0.36299999999999955,,0.0,,0,1,0,0.03675834394910802
1,VER,Max Verstappen,Red Bull Racing,2.0,19.0,0.0,Fuel pressure,False,2.0,90.681,23.617791411042944,28.61042944785276,29.49079754601227,False,2022,1,Bahrain Grand Prix,Sakhir,Bahrain,2022-03-20,,,,,,,,,,,0.12299999999999045,,0.0,,0,1,0,0.03675834394910802
10,GAS,Pierre Gasly,AlphaTauri,10.0,20.0,0.0,Power Unit,False,10.0,92.338,23.617791411042944,28.61042944785276,29.49079754601227,False,2022,1,Bahrain Grand Prix,Sakhir,Bahrain,2022-03-20,,,,,,,,,,,1.779999999999987,,0.0,,0,1,0,0.03675834394910802
1,VER,Max Verstappen,Red Bull Racing,4.0,1.0,25.0,Finished,True,4.0,88.461,25.42039473684211,28.40921052631579,59.66447368421053,False,2022,2,Saudi Arabian Grand Prix,Jeddah,Saudi Arabia,2022-03-27,19.0,19.0,19.0,,0.0,0.0,18.5,18.5,-15.0,1.0,0.2609999999999957,,0.0,,0,2,0,0.03725024342567857
16,LEC,Charles Leclerc,Ferrari,2.0,2.0,19.0,Finished,True,2.0,88.225,25.42039473684211,28.40921052631579,59.66447368421053,False,2022,2,Saudi Arabian Grand Prix,Jeddah,Saudi Arabia,2022-03-27,1.0,1.0,1.0,,1.0,0.0,1.5,1.5,1.0,-1.0,0.024999999999991473,,0.0,,0,2,0,0.03725024342567857
55,SAI,Carlos Sainz,Ferrari,3.0,3.0,15.0,Finished,True,3.0,88.402,25.42039473684211,28.40921052631579,59.66447368421053,False,2022,2,Saudi Arabian Grand Prix,Jeddah,Saudi Arabia,2022-03-27,2.0,2.0,2.0,,1.0,0.0,1.5,1.5,1.0,1.0,0.20199999999999818,,0.0,,0,2,0,0.03725024342567857
11,PER,Sergio Perez,Red Bull Racing,1.0,4.0,12.0,Finished,True,1.0,88.2,25.42039473684211,28.40921052631579,59.66447368421053,False,2022,2,Saudi Arabian Grand Prix,Jeddah,Saudi Arabia,2022-03-27,18.0,18.0,18.0,,0.0,0.0,18.5,18.5,-17.0,-1.0,0.0,,0.0,,0,2,0,0.03725024342567857
63,RUS,George Russell,Mercedes,6.0,5.0,10.0,Finished,True,6.0,89.104,25.42039473684211,28.40921052631579,59.66447368421053,False,2022,2,Saudi Arabian Grand Prix,Jeddah,Saudi Arabia,2022-03-27,4.0,4.0,4.0,,1.0,0.0,3.5,3.5,2.0,1.0,0.9039999999999964,,0.0,,0,2,0,0.03725024342567857
31,OCO,Esteban Ocon,Alpine,5.0,6.0,8.0,Finished,True,5.0,89.068,25.42039473684211,28.40921052631579,59.66447368421053,False,2022,2,Saudi Arabian Grand Prix,Jeddah,Saudi Arabia,2022-03-27,7.0,7.0,7.0,,1.0,0.0,8.0,8.0,-2.0,-2.0,0.867999999999995,,0.0,,0,2,0,0.03725024342567857
4,NOR,Lando Norris,McLaren,11.0,7.0,6.0,Finished,True,11.0,89.651,25.42039473684211,28.40921052631579,59.66447368421053,False,2022,2,Saudi Arabian Grand Prix,Jeddah,Saudi Arabia,2022-03-27,15.0,15.0,15.0,,1.0,0.0,14.5,14.5,-4.0,1.0,1.4509999999999934,,0.0,,0,2,0,0.03725024342567857
10,GAS,Pierre Gasly,AlphaTauri,9.0,8.0,4.0,Finished,True,9.0,89.254,25.42039473684211,28.40921052631579,59.66447368421053,False,2022,2,Saudi Arabian Grand Prix,Jeddah,Saudi Arabia,2022-03-27,20.0,20.0,20.0,,0.0,0.0,14.0,14.0,-11.0,12.0,1.054000000000002,,0.0,,0,2,0,0.03725024342567857
20,MAG,Kevin Magnussen,Haas F1 Team,10.0,9.0,2.0,Finished,True,10.0,89.588,25.42039473684211,28.40921052631579,59.66447368421053,False,2022,2,Saudi Arabian Grand Prix,Jeddah,Saudi Arabia,2022-03-27,5.0,5.0,5.0,,1.0,0.0,8.0,8.0,5.0,-6.0,1.387999999999991,,0.0,,0,2,0,0.03725024342567857
44,HAM,Lewis Hamilton,Mercedes,15.0,10.0,1.0,Finished,True,16.0,90.343,25.42039473684211,28.40921052631579,59.66447368421053,False,2022,2,Saudi Arabian Grand Prix,Jeddah,Saudi Arabia,2022-03-27,3.0,3.0,3.0,,1.0,0.0,3.5,3.5,12.0,-1.0,2.1430000000000007,,0.0,,0,2,0,0.03725024342567857
24,ZHO,Guanyu Zhou,Alfa Romeo,12.0,11.0,0.0,Finished,True,13.0,89.819,25.42039473684211,28.40921052631579,59.66447368421053,False,2022,2,Saudi Arabian Grand Prix,Jeddah,Saudi Arabia,2022-03-27,10.0,10.0,10.0,,1.0,0.0,8.0,8.0,2.0,4.0,1.6189999999999998,,0.0,,0,2,0,0.03725024342567857
27,HUL,Nico Hulkenberg,Aston Martin,17.0,12.0,0.0,Finished,True,18.0,90.543,25.42039473684211,28.40921052631579,59.66447368421053,False,2022,2,Saudi Arabian Grand Prix,Jeddah,Saudi Arabia,2022-03-27,17.0,17.0,17.0,,1.0,0.0,14.5,14.5,0.0,5.0,2.3430000000000035,,0.0,,0,2,0,0.03725024342567857
18,STR,Lance Stroll,Aston Martin,13.0,13.0,0.0,+1 Lap,True,15.0,91.009,25.42039473684211,28.40921052631579,59.66447368421053,False,2022,2,Saudi Arabian Grand Prix,Jeddah,Saudi Arabia,2022-03-27,12.0,12.0,12.0,,1.0,0.0,14.5,14.5,1.0,-5.0,2.8089999999999975,,0.0,,0,2,0,0.03725024342567857
23,ALB,Alexander Albon,Williams,16.0,14.0,0.0,Collision damage,False,17.0,90.492,25.42039473684211,28.40921052631579,59.66447368421053,False,2022,2,Saudi Arabian Grand Prix,Jeddah,Saudi Arabia,2022-03-27,13.0,13.0,13.0,,1.0,0.0,14.5,14.5,3.0,-3.0,2.2920000000000016,,0.0,,0,2,0,0.03725024342567857
77,BOT,Valtteri Bottas,Alfa Romeo,8.0,15.0,0.0,Cooling system,False,8.0,89.183,25.42039473684211,28.40921052631579,59.66447368421053,False,2022,2,Saudi Arabian Grand Prix,Jeddah,Saudi Arabia,2022-03-27,6.0,6.0,6.0,,1.0,0.0,8.0,8.0,2.0,-4.0,0.9830000000000041,,0.0,,0,2,0,0.03725024342567857
14,ALO,Fernando Alonso,Alpine,7.0,16.0,0.0,Water pump,False,7.0,89.147,25.42039473684211,28.40921052631579,59.66447368421053,False,2022,2,Saudi Arabian Grand Prix,Jeddah,Saudi Arabia,2022-03-27,9.0,9.0,9.0,,1.0,0.0,8.0,8.0,-2.0,2.0,0.9470000000000027,,0.0,,0,2,0,0.03725024342567857
3,RIC,Daniel Ricciardo,McLaren,14.0,17.0,0.0,Gearbox,False,12.0,89.773,25.42039473684211,28.40921052631579,59.66447368421053,False,2022,2,Saudi Arabian Grand Prix,Jeddah,Saudi Arabia,2022-03-27,14.0,14.0,14.0,,1.0,0.0,14.5,14.5,0.0,-1.0,1.5729999999999933,,0.0,,0,2,0,0.03725024342567857
6,LAT,Nicholas Latifi,Williams,18.0,18.0,0.0,Accident,False,19.0,91.817,25.42039473684211,28.40921052631579,59.66447368421053,False,2022,2,Saudi Arabian Grand Prix,Jeddah,Saudi Arabia,2022-03-27,16.0,16.0,16.0,,1.0,0.0,14.5,14.5,2.0,3.0,3.6169999999999902,,0.0,,0,2,0,0.03725024342567857
22,TSU,Yuki Tsunoda,AlphaTauri,19.0,19.0,0.0,Power Unit,False,20.0,,25.42039473684211,28.40921052631579,59.66447368421053,False,2022,2,Saudi Arabian Grand Prix,Jeddah,Saudi Arabia,2022-03-27,8.0,8.0,8.0,,1.0,0.0,14.0,14.0,11.0,-12.0,,,0.0,,0,2,0,0.03725024342567857
47,MSC,Mick Schumacher,Haas F1 Team,14.0,,0.0,Withdrew,False,14.0,89.92,25.42039473684211,28.40921052631579,59.66447368421053,False,2022,2,Saudi Arabian Grand Prix,Jeddah,Saudi Arabia,2022-03-27,11.0,11.0,11.0,,1.0,0.0,8.0,8.0,3.0,6.0,1.7199999999999989,,0.0,,0,2,0,0.03725024342567857
16,LEC,Charles Leclerc,Ferrari,1.0,1.0,26.0,Finished,True,1.0,77.868,26.69743589743589,37.40833333333334,43.65384615384615,False,2022,3,Australian Grand Prix,Melbourne,Australia,2022-04-10,1.5,1.5,1.0,0.7071067811865476,1.0,0.0,2.0,1.5,-0.5,-1.0,0.0,,0.0,,0,3,0,0.03825387823591306
11,PER,Sergio Perez,Red Bull Racing,3.0,2.0,18.0,Finished,True,3.0,78.24,26.69743589743589,37.40833333333334,43.65384615384615,False,2022,3,Australian Grand Prix,Melbourne,Australia,2022-04-10,11.0,11.0,4.0,9.899494936611665,0.5,0.0,10.5,2.5,-8.0,1.0,0.3719999999999999,,0.0,,0,3,0,0.03825387823591306
63,RUS,George Russell,Mercedes,6.0,3.0,15.0,Finished,True,6.0,78.933,26.69743589743589,37.40833333333334,43.65384615384615,False,2022,3,Australian Grand Prix,Melbourne,Australia,2022-04-10,4.5,4.5,4.0,0.7071067811865476,1.0,0.0,5.5,3.5,1.5,-2.0,1.065000000000012,,0.0,,0,3,0,0.03825387823591306
44,HAM,Lewis Hamilton,Mercedes,5.0,4.0,12.0,Finished,True,5.0,78.825,26.69743589743589,37.40833333333334,43.65384615384615,False,2022,3,Australian Grand Prix,Melbourne,Australia,2022-04-10,6.5,6.5,3.0,4.949747468305833,1.0,0.0,5.5,3.5,-1.5,2.0,0.9570000000000078,,0.0,,0,3,0,0.03825387823591306
4,NOR,Lando Norris,McLaren,4.0,5.0,10.0,Finished,True,4.0,78.703,26.69743589743589,37.40833333333334,43.65384615384615,False,2022,3,Australian Grand Prix,Melbourne,Australia,2022-04-10,11.0,11.0,7.0,5.656854249492381,1.0,0.0,13.25,12.0,-7.0,-4.5,0.835000000000008,,0.0,,0,3,0,0.03825387823591306
3,RIC,Daniel Ricciardo,McLaren,7.0,6.0,8.0,Finished,True,7.0,79.032,26.69743589743589,37.40833333333334,43.65384615384615,False,2022,3,Australian Grand Prix,Melbourne,Australia,2022-04-10,15.5,15.5,14.0,2.1213203435596424,0.5,0.0,13.25,12.0,-8.5,4.5,1.1640000000000015,,0.0,,0,3,0,0.03825387823591306
31,OCO,Esteban Ocon,Alpine,8.0,7.0,6.0,Finished,True,8.0,79.061,26.69743589743589,37.40833333333334,43.65384615384615,False,2022,3,Australian Grand Prix,Melbourne,Australia,2022-04-10,6.5,6.5,6.0,0.7071067811865476,1.0,0.0,9.5,8.0,1.5,-6.0,1.193000000000012,,0.0,,0,3,0,0.03825387823591306
77,BOT,Valtteri Bottas,Alfa Romeo,12.0,8.0,4.0,Finished,True,12.0,79.41,26.69743589743589,37.40833333333334,43.65384615384615,False,2022,3,Australian Grand Prix,Melbourne,Australia,2022-04-10,10.5,10.5,6.0,6.363961030678928,0.5,0.0,10.5,8.0,1.5,0.0,1.5420000000000016,,0.0,,0,3,0,0.03825387823591306
10,GAS,Pierre Gasly,AlphaTauri,11.0,9.0,2.0,Finished,True,11.0,79.226,26.69743589743589,37.40833333333334,43.65384615384615,False,2022,3,Australian Grand Prix,Melbourne,Australia,2022-04-10,14.0,14.0,8.0,8.48528137423857,0.5,0.0,13.75,13.5,-3.0,0.5,1.358000000000004,,0.0,,0,3,0,0.03825387823591306
23,ALB,Alexander Albon,Williams,20.0,10.0,1.0,Finished,True,16.0,80.135,26.69743589743589,37.40833333333334,43.65384615384615,False,2022,3,Australian Grand Prix,Melbourne,Australia,2022-04-10,13.5,13.5,13.0,0.7071067811865476,0.5,0.0,15.25,14.5,6.5,-3.5,2.26700000000001,,0.0,,0,3,0,0.03825387823591306
24,ZHO,Guanyu Zhou,Alfa Romeo,14.0,11.0,0.0,Finished,True,14.0,80.155,26.69743589743589,37.40833333333334,43.65384615384615,False,2022,3,Australian Grand Prix,Melbourne,Australia,2022-04-10,10.5,10.5,10.0,0.7071067811865476,1.0,0.0,10.5,8.0,3.5,0.0,2.287000000000006,,0.0,,0,3,0,0.03825387823591306
18,STR,Lance Stroll,Aston Martin,19.0,12.0,0.0,Finished,True,20.0,,26.69743589743589,37.40833333333334,43.65384615384615,False,2022,3,Australian Grand Prix,Melbourne,Australia,2022-04-10,12.5,12.5,12.0,0.7071067811865476,1.0,0.0,13.5,12.5,6.5,-2.0,,,0.0,,0,3,0,0.03825387823591306
47,MSC,Mick Schumacher,Haas F1 Team,15.0,13.0,0.0,+1 Lap,True,15.0,80.465,26.69743589743589,37.40833333333334,43.65384615384615,False,2022,3,Australian Grand Prix,Melbourne,Australia,2022-04-10,11.0,11.0,11.0,,0.5,0.0,8.5,8.0,4.0,6.0,2.5970000000000084,,0.0,,0,3,0,0.03825387823591306
20,MAG,Kevin Magnussen,Haas F1 Team,16.0,14.0,0.0,+1 Lap,True,17.0,80.254,26.69743589743589,37.40833333333334,43.65384615384615,False,2022,3,Australian Grand Prix,Melbourne,Australia,2022-04-10,7.0,7.0,5.0,2.8284271247461903,1.0,0.0,8.5,8.0,9.0,-6.0,2.38600000000001,,0.0,,0,3,0,0.03825387823591306
22,TSU,Yuki Tsunoda,AlphaTauri,13.0,15.0,0.0,+1 Lap,True,13.0,79.424,26.69743589743589,37.40833333333334,43.65384615384615,False,2022,3,Australian Grand Prix,Melbourne,Australia,2022-04-10,13.5,13.5,8.0,7.7781745930520225,0.5,0.0,13.75,13.5,-0.5,-0.5,1.5560000000000116,,0.0,,0,3,0,0.03825387823591306
6,LAT,Nicholas Latifi,Williams,18.0,16.0,0.0,+1 Lap,True,19.0,81.372,26.69743589743589,37.40833333333334,43.65384615384615,False,2022,3,Australian Grand Prix,Melbourne,Australia,2022-04-10,17.0,17.0,16.0,1.4142135623730951,0.5,0.0,15.25,14.5,1.0,3.5,3.504000000000005,,0.0,,0,3,0,0.03825387823591306
14,ALO,Fernando Alonso,Alpine,10.0,17.0,0.0,+1 Lap,True,10.0,78.815,26.69743589743589,37.40833333333334,43.65384615384615,False,2022,3,Australian Grand Prix,Melbourne,Australia,2022-04-10,12.5,12.5,9.0,4.949747468305833,0.5,0.0,9.5,8.0,-2.5,6.0,0.9470000000000027,,0.0,,0,3,0,0.03825387823591306
1,VER,Max Verstappen,Red Bull Racing,2.0,18.0,0.0,Fuel leak,False,2.0,78.154,26.69743589743589,37.40833333333334,43.65384615384615,False,2022,3,Australian Grand Prix,Melbourne,Australia,2022-04-10,10.0,10.0,1.0,12.727922061357855,0.5,0.0,10.5,2.5,-8.0,-1.0,0.28600000000000136,,0.0,,0,3,0,0.03825387823591306
5,VET,Sebastian Vettel,Aston Martin,17.0,19.0,0.0,Accident,False,18.0,81.149,26.69743589743589,37.40833333333334,43.65384615384615,False,2022,3,Australian Grand Prix,Melbourne,Australia,2022-04-10,,,,,,,13.5,12.5,,,3.281000000000006,,0.0,,0,3,0,0.03825387823591306
55,SAI,Carlos Sainz,Ferrari,9.0,20.0,0.0,Spun off,False,9.0,79.408,26.69743589743589,37.40833333333334,43.65384615384615,False,2022,3,Australian Grand Prix,Melbourne,Australia,2022-04-10,2.5,2.5,2.0,0.7071067811865476,1.0,0.0,2.0,1.5,6.5,1.0,1.5400000000000063,,0.0,,0,3,0,0.03825387823591306
1,VER,Max Verstappen,Red Bull Racing,1.0,1.0,26.0,Finished,True,1.0,87.999,12.899367088607592,17.41898734177215,83.17088607594937,False,2022,4,Emilia Romagna Grand Prix,Imola,Italy,2022-04-24,12.666666666666666,12.666666666666666,1.0,10.115993936995679,0.3333333333333333,0.0,10.333333333333334,2.5,-11.666666666666666,4.666666666666667,9.009,,0.0,18.0,0,4,0,0.03928455401929778
11,PER,Sergio Perez,Red Bull Racing,3.0,2.0,18.0,Finished,True,7.0,89.808,12.899367088607592,17.41898734177215,83.17088607594937,False,2022,4,Emilia Romagna Grand Prix,Imola,Italy,2022-04-24,8.0,8.0,2.0,8.717797887081348,0.6666666666666666,0.0,10.333333333333334,2.5,-5.0,-4.666666666666667,10.818000000000012,,0.0,2.0,0,4,0,0.03928455401929778
4,NOR,Lando Norris,McLaren,5.0,3.0,15.0,Finished,True,3.0,89.131,12.899367088607592,17.41898734177215,83.17088607594937,False,2022,4,Emilia Romagna Grand Prix,Imola,Italy,2022-04-24,9.0,9.0,5.0,5.291502622129181,1.0,0.0,10.666666666666666,5.5,-4.0,-3.3333333333333335,10.141000000000005,,0.0,5.0,0,4,0,0.03928455401929778
63,RUS,George Russell,Mercedes,11.0,4.0,12.0,Finished,True,11.0,80.757,12.899367088607592,17.41898734177215,83.17088607594937,False,2022,4,Emilia Romagna Grand Prix,Imola,Italy,2022-04-24,4.0,4.0,3.0,1.0,1.0,0.0,4.833333333333333,3.5,7.0,-1.6666666666666667,1.7670000000000101,,0.0,3.0,0,4,0,0.03928455401929778
77,BOT,Valtteri Bottas,Alfa Romeo,7.0,5.0,10.0,Finished,True,8.0,90.439,12.899367088607592,17.41898734177215,83.17088607594937,False,2022,4,Emilia Romagna Grand Prix,Imola,Italy,2022-04-24,9.666666666666666,9.666666666666666,6.0,4.725815626252608,0.6666666666666666,0.0,10.166666666666666,8.0,-2.666666666666666,-1.0,11.448999999999998,,0.0,8.0,0,4,0,0.03928455401929778
16,LEC,Charles Leclerc,Ferrari,2.0,6.0,8.0,Finished,True,2.0,88.778,12.899367088607592,17.41898734177215,83.17088607594937,False,2022,4,Emilia Romagna Grand Prix,Imola,Italy,2022-04-24,1.3333333333333333,1.3333333333333333,1.0,0.5773502691896257,1.0,0.0,4.833333333333333,1.5,0.6666666666666667,-7.0,9.788000000000011,,0.0,1.0,0,4,0,0.03928455401929778
22,TSU,Yuki Tsunoda,AlphaTauri,12.0,7.0,6.0,Finished,True,16.0,80.474,12.899367088607592,17.41898734177215,83.17088607594937,False,2022,4,Emilia Romagna Grand Prix,Imola,Italy,2022-04-24,14.0,14.0,8.0,5.5677643628300215,0.6666666666666666,0.0,13.166666666666666,12.0,-2.0,1.6666666666666667,1.4840000000000089,,0.0,15.0,0,4,0,0.03928455401929778
5,VET,Sebastian Vettel,Aston Martin,13.0,8.0,4.0,Finished,True,9.0,91.062,12.899367088607592,17.41898734177215,83.17088607594937,False,2022,4,Emilia Romagna Grand Prix,Imola,Italy,2022-04-24,19.0,19.0,19.0,,0.0,0.0,14.166666666666666,12.5,-6.0,7.0,12.072000000000003,,0.0,19.0,0,4,0,0.03928455401929778
20,MAG,Kevin Magnussen,Haas F1 Team,8.0,9.0,2.0,Finished,True,4.0,89.164,12.899367088607592,17.41898734177215,83.17088607594937,False,2022,4,Emilia Romagna Grand Prix,Imola,Italy,2022-04-24,9.333333333333334,9.333333333333334,5.0,4.509249752822894,1.0,0.0,10.166666666666666,8.0,-1.333333333333334,-2.5,10.174000000000007,,0.0,14.0,0,4,0,0.03928455401929778
18,STR,Lance Stroll,Aston Martin,15.0,10.0,1.0,+1 Lap,True,15.0,88.119,12.899367088607592,17.41898734177215,83.17088607594937,False,2022,4,Emilia Romagna Grand Prix,Imola,Italy,2022-04-24,12.333333333333334,12.333333333333334,12.0,0.5773502691896258,1.0,0.0,14.166666666666666,12.5,2.666666666666666,-3.6666666666666665,9.129000000000005,,0.0,12.0,0,4,0,0.03928455401929778
23,ALB,Alexander Albon,Williams,18.0,11.0,0.0,+1 Lap,True,20.0,,12.899367088607592,17.41898734177215,83.17088607594937,False,2022,4,Emilia Romagna Grand Prix,Imola,Italy,2022-04-24,12.333333333333334,12.333333333333334,10.0,2.081665999466133,0.6666666666666666,0.0,14.5,13.0,5.666666666666666,-4.333333333333333,,,0.0,10.0,0,4,0,0.03928455401929778
10,GAS,Pierre Gasly,AlphaTauri,17.0,12.0,0.0,+1 Lap,True,17.0,80.732,12.899367088607592,17.41898734177215,83.17088607594937,False,2022,4,Emilia Romagna Grand Prix,Imola,Italy,2022-04-24,12.333333333333334,12.333333333333334,8.0,6.658328118479393,0.6666666666666666,0.0,13.166666666666666,12.0,4.666666666666666,-1.6666666666666667,1.7420000000000044,,0.0,9.0,0,4,0,0.03928455401929778
44,HAM,Lewis Hamilton,Mercedes,14.0,13.0,0.0,+1 Lap,True,13.0,81.138,12.899367088607592,17.41898734177215,83.17088607594937,False,2022,4,Emilia Romagna Grand Prix,Imola,Italy,2022-04-24,5.666666666666667,5.666666666666667,3.0,3.7859388972001824,1.0,0.0,4.833333333333333,3.5,8.333333333333332,1.6666666666666667,2.1480000000000103,,0.0,4.0,0,4,0,0.03928455401929778
31,OCO,Esteban Ocon,Alpine,16.0,14.0,0.0,+1 Lap,True,19.0,82.338,12.899367088607592,17.41898734177215,83.17088607594937,False,2022,4,Emilia Romagna Grand Prix,Imola,Italy,2022-04-24,6.666666666666667,6.666666666666667,6.0,0.5773502691896257,1.0,0.0,10.333333333333334,8.0,9.333333333333332,-7.333333333333333,3.347999999999999,,0.0,7.0,0,4,0,0.03928455401929778
24,ZHO,Guanyu Zhou,Alfa Romeo,20.0,15.0,0.0,+1 Lap,True,14.0,81.434,12.899367088607592,17.41898734177215,83.17088607594937,False,2022,4,Emilia Romagna Grand Prix,Imola,Italy,2022-04-24,10.666666666666666,10.666666666666666,10.0,0.5773502691896258,1.0,0.0,10.166666666666666,8.0,9.333333333333334,1.0,2.4440000000000026,,0.0,11.0,0,4,0,0.03928455401929778
6,LAT,Nicholas Latifi,Williams,19.0,16.0,0.0,+1 Lap,True,18.0,81.971,12.899367088607592,17.41898734177215,83.17088607594937,False,2022,4,Emilia Romagna Grand Prix,Imola,Italy,2022-04-24,16.666666666666668,16.666666666666668,16.0,1.1547005383792517,0.6666666666666666,0.0,14.5,13.0,2.333333333333332,4.333333333333333,2.9810000000000088,,0.0,16.0,0,4,0,0.03928455401929778
47,MSC,Mick Schumacher,Haas F1 Team,10.0,17.0,0.0,+1 Lap,True,12.0,80.916,12.899367088607592,17.41898734177215,83.17088607594937,False,2022,4,Emilia Romagna Grand Prix,Imola,Italy,2022-04-24,12.0,12.0,11.0,1.4142135623730951,0.6666666666666666,0.0,10.166666666666666,8.0,-2.0,2.5,1.926000000000002,,0.0,13.0,0,4,0,0.03928455401929778
3,RIC,Daniel Ricciardo,McLaren,6.0,18.0,0.0,+1 Lap,True,6.0,89.742,12.899367088607592,17.41898734177215,83.17088607594937,False,2022,4,Emilia Romagna Grand Prix,Imola,Italy,2022-04-24,12.333333333333334,12.333333333333334,6.0,5.686240703077327,0.6666666666666666,0.0,10.666666666666666,5.5,-6.333333333333334,3.3333333333333335,10.75200000000001,,0.0,6.0,0,4,0,0.03928455401929778
14,ALO,Fernando Alonso,Alpine,9.0,19.0,0.0,Collision damage,False,5.0,89.202,12.899367088607592,17.41898734177215,83.17088607594937,False,2022,4,Emilia Romagna Grand Prix,Imola,Italy,2022-04-24,14.0,14.0,9.0,4.358898943540674,0.6666666666666666,0.0,10.333333333333334,8.0,-5.0,7.333333333333333,10.212000000000003,,0.0,17.0,0,4,0,0.03928455401929778
55,SAI,Carlos Sainz,Ferrari,4.0,20.0,0.0,Collision,False,10.0,78.99,12.899367088607592,17.41898734177215,83.17088607594937,False,2022,4,Emilia Romagna Grand Prix,Imola,Italy,2022-04-24,8.333333333333334,8.333333333333334,2.0,10.115993936995679,0.6666666666666666,0.0,4.833333333333333,1.5,-4.333333333333334,7.0,0.0,,0.0,20.0,0,4,0,0.03928455401929778
1,VER,Max Verstappen,Red Bull Racing,3.0,1.0,26.0,Finished,True,3.0,88.991,30.617283950617285,42.81975308641975,58.858024691358025,True,2022,5,Miami Grand Prix,Miami,United States,2022-05-08,6.666666666666667,9.75,1.0,10.111874208078342,0.5,-3.083333333333333,4.666666666666667,1.5,-6.75,3.25,0.19499999999999318,,0.0,9.5,1,5,0,0.04034299934186243
16,LEC,Charles Leclerc,Ferrari,1.0,2.0,18.0,Finished,True,1.0,88.796,30.617283950617285,42.81975308641975,58.858024691358025,True,2022,5,Miami Grand Prix,Miami,United States,2022-05-08,3.0,2.5,1.0,2.3804761428476167,1.0,0.5,8.666666666666666,1.5,-1.5,-8.75,0.0,,0.0,1.5,1,5,0,0.04034299934186243
55,SAI,Carlos Sainz,Ferrari,2.0,3.0,15.0,Finished,True,2.0,88.986,30.617283950617285,42.81975308641975,58.858024691358025,True,2022,5,Miami Grand Prix,Miami,United States,2022-05-08,14.333333333333334,11.25,2.0,10.111874208078342,0.5,3.083333333333334,8.666666666666666,1.5,-9.25,8.75,0.18999999999999773,,0.0,11.5,1,5,0,0.04034299934186243
11,PER,Sergio Perez,Red Bull Racing,4.0,4.0,12.0,Finished,True,4.0,89.036,30.617283950617285,42.81975308641975,58.858024691358025,True,2022,5,Miami Grand Prix,Miami,United States,2022-05-08,2.6666666666666665,6.5,2.0,7.724420150837645,0.75,-3.8333333333333335,4.666666666666667,1.5,-2.5,-3.25,0.23999999999999488,,0.0,3.0,1,5,0,0.04034299934186243
63,RUS,George Russell,Mercedes,12.0,5.0,10.0,Finished,True,12.0,90.173,30.617283950617285,42.81975308641975,58.858024691358025,True,2022,5,Miami Grand Prix,Miami,United States,2022-05-08,4.0,4.0,3.0,0.816496580927726,1.0,0.0,6.5,3.5,8.0,-3.5,1.3769999999999953,,0.0,4.0,1,5,0,0.04034299934186243
44,HAM,Lewis Hamilton,Mercedes,6.0,6.0,8.0,Finished,True,6.0,89.625,30.617283950617285,42.81975308641975,58.858024691358025,True,2022,5,Miami Grand Prix,Miami,United States,2022-05-08,9.0,7.5,3.0,4.795831523312719,1.0,1.5,6.5,3.5,-1.5,3.5,0.8289999999999935,,0.0,7.0,1,5,0,0.04034299934186243
77,BOT,Valtteri Bottas,Alfa Romeo,5.0,7.0,6.0,Finished,True,5.0,89.475,30.617283950617285,42.81975308641975,58.858024691358025,True,2022,5,Miami Grand Prix,Miami,United States,2022-05-08,9.333333333333334,8.5,5.0,4.509249752822894,0.75,0.8333333333333339,10.833333333333334,8.0,-3.5,-3.25,0.6789999999999878,,0.0,11.5,1,5,0,0.04034299934186243
31,OCO,Esteban Ocon,Alpine,20.0,8.0,4.0,Finished,True,20.0,,30.617283950617285,42.81975308641975,58.858024691358025,True,2022,5,Miami Grand Prix,Miami,United States,2022-05-08,9.0,8.5,6.0,3.696845502136472,1.0,0.5,13.166666666666666,8.0,11.5,-6.75,,,0.0,6.5,1,5,0,0.04034299934186243
23,ALB,Alexander Albon,Williams,18.0,9.0,2.0,Finished,True,18.0,91.266,30.617283950617285,42.81975308641975,58.858024691358025,True,2022,5,Miami Grand Prix,Miami,United States,2022-05-08,11.666666666666666,12.0,10.0,1.8257418583505538,0.75,-0.3333333333333339,14.166666666666666,13.0,6.0,-4.5,2.469999999999999,,0.0,12.0,1,5,0,0.04034299934186243
18,STR,Lance Stroll,Aston Martin,21.0,10.0,1.0,Finished,True,10.0,90.676,30.617283950617285,42.81975308641975,58.858024691358025,True,2022,5,Miami Grand Prix,Miami,United States,2022-05-08,11.666666666666666,11.75,10.0,1.2583057392117918,1.0,-0.08333333333333393,12.333333333333334,9.0,9.25,-2.25,1.8799999999999955,,0.0,12.5,1,5,0,0.04034299934186243
14,ALO,Fernando Alonso,Alpine,11.0,11.0,0.0,Finished,True,11.0,90.16,30.617283950617285,42.81975308641975,58.858024691358025,True,2022,5,Miami Grand Prix,Miami,United States,2022-05-08,17.333333333333332,15.25,9.0,4.349329450233296,0.5,2.083333333333332,13.166666666666666,8.0,-4.25,6.75,1.36399999999999,,0.0,16.5,1,5,0,0.04034299934186243
22,TSU,Yuki Tsunoda,AlphaTauri,9.0,12.0,0.0,Finished,True,9.0,89.932,30.617283950617285,42.81975308641975,58.858024691358025,True,2022,5,Miami Grand Prix,Miami,United States,2022-05-08,13.666666666666666,12.25,7.0,5.737304826019502,0.75,1.416666666666666,11.666666666666666,9.5,-3.25,0.0,1.1359999999999957,,0.0,17.0,1,5,0,0.04034299934186243
3,RIC,Daniel Ricciardo,McLaren,14.0,13.0,0.0,Finished,True,14.0,90.31,30.617283950617285,42.81975308641975,58.858024691358025,True,2022,5,Miami Grand Prix,Miami,United States,2022-05-08,13.666666666666666,13.75,6.0,5.439056290693573,0.75,-0.08333333333333393,9.333333333333334,5.5,0.25,6.25,1.5139999999999958,,0.0,11.5,1,5,0,0.04034299934186243
6,LAT,Nicholas Latifi,Williams,19.0,14.0,0.0,Finished,True,19.0,91.325,30.617283950617285,42.81975308641975,58.858024691358025,True,2022,5,Miami Grand Prix,Miami,United States,2022-05-08,16.666666666666668,16.5,16.0,1.0000000000000002,0.75,0.16666666666666785,14.166666666666666,13.0,2.5,4.5,2.5289999999999964,,0.0,17.0,1,5,0,0.04034299934186243
47,MSC,Mick Schumacher,Haas F1 Team,15.0,15.0,0.0,Finished,True,15.0,90.423,30.617283950617285,42.81975308641975,58.858024691358025,True,2022,5,Miami Grand Prix,Miami,United States,2022-05-08,15.0,13.666666666666666,11.0,3.0550504633038935,0.75,1.333333333333334,11.833333333333334,8.0,1.333333333333334,4.333333333333333,1.6269999999999953,,0.0,13.0,1,5,0,0.04034299934186243
20,MAG,Kevin Magnussen,Haas F1 Team,16.0,16.0,0.0,Front wing,False,16.0,90.975,30.617283950617285,42.81975308641975,58.858024691358025,True,2022,5,Miami Grand Prix,Miami,United States,2022-05-08,10.666666666666666,9.25,5.0,3.685557397915997,1.0,1.416666666666666,11.833333333333334,8.0,6.75,-4.333333333333333,2.178999999999988,,0.0,11.5,1,5,0,0.04034299934186243
5,VET,Sebastian Vettel,Aston Martin,21.0,17.0,0.0,Collision,False,13.0,90.214,30.617283950617285,42.81975308641975,58.858024691358025,True,2022,5,Miami Grand Prix,Miami,United States,2022-05-08,13.5,13.5,8.0,7.7781745930520225,0.5,0.0,12.333333333333334,9.0,7.5,2.5,1.4179999999999922,,0.0,19.0,1,5,0,0.04034299934186243
10,GAS,Pierre Gasly,AlphaTauri,7.0,18.0,0.0,Suspension,False,7.0,89.69,30.617283950617285,42.81975308641975,58.858024691358025,True,2022,5,Miami Grand Prix,Miami,United States,2022-05-08,9.666666666666666,12.25,8.0,5.439056290693573,0.75,-2.583333333333334,11.666666666666666,9.5,-5.25,0.0,0.8939999999999912,,0.0,8.5,1,5,0,0.04034299934186243
4,NOR,Lando Norris,McLaren,8.0,19.0,0.0,Collision,False,8.0,89.75,30.617283950617285,42.81975308641975,58.858024691358025,True,2022,5,Miami Grand Prix,Miami,United States,2022-05-08,5.0,7.5,3.0,5.259911279353167,1.0,-2.5,9.333333333333334,5.5,0.5,-6.25,0.9539999999999935,,0.0,6.0,1,5,0,0.04034299934186243
24,ZHO,Guanyu Zhou,Alfa Romeo,17.0,20.0,0.0,Water leak,False,17.0,91.02,30.617283950617285,42.81975308641975,58.858024691358025,True,2022,5,Miami Grand Prix,Miami,United States,2022-05-08,12.333333333333334,11.75,10.0,2.217355782608345,1.0,0.5833333333333339,10.833333333333334,8.0,5.25,3.25,2.2239999999999895,,0.0,11.0,1,5,0,0.04034299934186243
1,VER,Max Verstappen,Red Bull Racing,2.0,1.0,25.0,Finished,True,2.0,79.073,36.56585365853658,48.957317073170735,7.109756097560975,False,2022,6,Spanish Grand Prix,Barcelona,Spain,2022-05-22,6.666666666666667,8.0,1.0,9.591663046625438,0.6,-1.333333333333333,4.666666666666667,1.5,-6.0,2.0,0.3229999999999933,,0.0,,0,6,0,0.04142996239942053
11,PER,Sergio Perez,Red Bull Racing,5.0,2.0,19.0,Finished,True,5.0,79.42,36.56585365853658,48.957317073170735,7.109756097560975,False,2022,6,Spanish Grand Prix,Barcelona,Spain,2022-05-22,2.6666666666666665,6.0,2.0,6.782329983125268,0.8,-3.3333333333333335,4.666666666666667,1.5,-1.0,-2.0,0.6700000000000017,,0.0,,0,6,0,0.04142996239942053
63,RUS,George Russell,Mercedes,4.0,3.0,15.0,Finished,True,4.0,79.393,36.56585365853658,48.957317073170735,7.109756097560975,False,2022,6,Spanish Grand Prix,Barcelona,Spain,2022-05-22,4.0,4.2,3.0,0.8366600265340756,1.0,-0.20000000000000018,5.833333333333333,3.5,-0.20000000000000018,-3.0,0.6430000000000007,,0.0,,0,6,0,0.04142996239942053
55,SAI,Carlos Sainz,Ferrari,3.0,4.0,12.0,Finished,True,3.0,79.166,36.56585365853658,48.957317073170735,7.109756097560975,False,2022,6,Spanish Grand Prix,Barcelona,Spain,2022-05-22,14.333333333333334,9.6,2.0,9.50263121456368,0.6,4.733333333333334,8.666666666666666,1.5,-6.6,7.2,0.4159999999999968,,0.0,,0,6,0,0.04142996239942053
44,HAM,Lewis Hamilton,Mercedes,6.0,5.0,10.0,Finished,True,6.0,79.512,36.56585365853658,48.957317073170735,7.109756097560975,False,2022,6,Spanish Grand Prix,Barcelona,Spain,2022-05-22,7.666666666666667,7.2,3.0,4.207136793592526,1.0,0.4666666666666668,5.833333333333333,3.5,-1.2000000000000002,3.0,0.7620000000000005,,0.0,,0,6,0,0.04142996239942053
77,BOT,Valtteri Bottas,Alfa Romeo,7.0,6.0,8.0,Finished,True,7.0,79.608,36.56585365853658,48.957317073170735,7.109756097560975,False,2022,6,Spanish Grand Prix,Barcelona,Spain,2022-05-22,6.666666666666667,8.2,5.0,3.9623225512317894,0.8,-1.5333333333333323,11.0,8.0,-1.1999999999999993,-5.2,0.8580000000000041,,0.0,,0,6,0,0.04142996239942053
31,OCO,Esteban Ocon,Alpine,12.0,7.0,6.0,Finished,True,12.0,80.638,36.56585365853658,48.957317073170735,7.109756097560975,False,2022,6,Spanish Grand Prix,Barcelona,Spain,2022-05-22,9.666666666666666,8.4,6.0,3.2093613071762426,1.0,1.2666666666666657,12.666666666666666,8.0,3.5999999999999996,-6.0,1.8880000000000052,,0.0,,0,6,0,0.04142996239942053
4,NOR,Lando Norris,McLaren,11.0,8.0,4.0,Finished,True,11.0,80.471,36.56585365853658,48.957317073170735,7.109756097560975,False,2022,6,Spanish Grand Prix,Barcelona,Spain,2022-05-22,9.0,9.8,3.0,6.870225614927067,0.8,-0.8000000000000007,10.666666666666666,5.5,1.1999999999999993,-3.8,1.7210000000000036,,0.0,,0,6,0,0.04142996239942053
14,ALO,Fernando Alonso,Alpine,20.0,9.0,2.0,+1 Lap,True,17.0,81.043,36.56585365853658,48.957317073170735,7.109756097560975,False,2022,6,Spanish Grand Prix,Barcelona,Spain,2022-05-22,15.666666666666666,14.4,9.0,4.219004621945797,0.6,1.2666666666666657,12.666666666666666,8.0,5.6,6.0,2.2930000000000064,,0.0,,0,6,0,0.04142996239942053
22,TSU,Yuki Tsunoda,AlphaTauri,13.0,10.0,1.0,+1 Lap,True,13.0,80.639,36.56585365853658,48.957317073170735,7.109756097560975,False,2022,6,Spanish Grand Prix,Barcelona,Spain,2022-05-22,11.333333333333334,12.2,7.0,4.969909455915671,0.8,-0.8666666666666654,12.166666666666666,9.5,0.8000000000000007,-1.2,1.8889999999999958,,0.0,,0,6,0,0.04142996239942053
5,VET,Sebastian Vettel,Aston Martin,16.0,11.0,0.0,+1 Lap,True,16.0,80.954,36.56585365853658,48.957317073170735,7.109756097560975,False,2022,6,Spanish Grand Prix,Barcelona,Spain,2022-05-22,14.666666666666666,14.666666666666666,8.0,5.8594652770823155,0.3333333333333333,0.0,12.666666666666666,9.0,1.333333333333334,4.0,2.2039999999999935,,0.0,,0,6,0,0.04142996239942053
3,RIC,Daniel Ricciardo,McLaren,9.0,12.0,0.0,+1 Lap,True,9.0,80.297,36.56585365853658,48.957317073170735,7.109756097560975,False,2022,6,Spanish Grand Prix,Barcelona,Spain,2022-05-22,12.333333333333334,13.6,6.0,4.722287581247038,0.8,-1.2666666666666657,10.666666666666666,5.5,-4.6,3.8,1.546999999999997,,0.0,,0,6,0,0.04142996239942053
10,GAS,Pierre Gasly,AlphaTauri,14.0,13.0,0.0,+1 Lap,True,14.0,80.861,36.56585365853658,48.957317073170735,7.109756097560975,False,2022,6,Spanish Grand Prix,Barcelona,Spain,2022-05-22,13.0,13.4,8.0,5.366563145999495,0.6,-0.40000000000000036,12.166666666666666,9.5,0.5999999999999996,1.2,2.111000000000004,,0.0,,0,6,0,0.04142996239942053
47,MSC,Mick Schumacher,Haas F1 Team,10.0,14.0,0.0,+1 Lap,True,10.0,80.368,36.56585365853658,48.957317073170735,7.109756097560975,False,2022,6,Spanish Grand Prix,Barcelona,Spain,2022-05-22,15.0,14.0,11.0,2.5819888974716116,0.8,1.0,14.0,8.0,-4.0,3.0,1.617999999999995,,0.0,,0,6,0,0.04142996239942053
18,STR,Lance Stroll,Aston Martin,17.0,15.0,0.0,+1 Lap,True,18.0,81.418,36.56585365853658,48.957317073170735,7.109756097560975,False,2022,6,Spanish Grand Prix,Barcelona,Spain,2022-05-22,10.666666666666666,11.4,10.0,1.341640786499874,1.0,-0.7333333333333343,12.666666666666666,9.0,5.6,-3.2,2.6680000000000064,,0.0,,0,6,0,0.04142996239942053
6,LAT,Nicholas Latifi,Williams,19.0,16.0,0.0,+2 Laps,True,20.0,81.915,36.56585365853658,48.957317073170735,7.109756097560975,False,2022,6,Spanish Grand Prix,Barcelona,Spain,2022-05-22,15.333333333333334,16.0,14.0,1.4142135623730951,0.8,-0.6666666666666661,12.666666666666666,11.5,3.0,4.6,3.1650000000000063,,0.0,,0,6,0,0.04142996239942053
20,MAG,Kevin Magnussen,Haas F1 Team,8.0,17.0,0.0,+2 Laps,True,8.0,79.682,36.56585365853658,48.957317073170735,7.109756097560975,False,2022,6,Spanish Grand Prix,Barcelona,Spain,2022-05-22,13.0,10.6,5.0,4.39317652729776,0.8,2.4000000000000004,14.0,8.0,-2.5999999999999996,-3.0,0.9320000000000022,,0.0,,0,6,0,0.04142996239942053
23,ALB,Alexander Albon,Williams,18.0,18.0,0.0,+2 Laps,True,19.0,81.645,36.56585365853658,48.957317073170735,7.109756097560975,False,2022,6,Spanish Grand Prix,Barcelona,Spain,2022-05-22,10.0,11.4,9.0,2.0736441353327724,0.8,-1.4000000000000004,12.666666666666666,11.5,6.6,-4.6,2.894999999999996,,0.0,,0,6,0,0.04142996239942053
24,ZHO,Guanyu Zhou,Alfa Romeo,15.0,19.0,0.0,Power loss,False,15.0,81.094,36.56585365853658,48.957317073170735,7.109756097560975,False,2022,6,Spanish Grand Prix,Barcelona,Spain,2022-05-22,15.333333333333334,13.4,10.0,4.159326868617084,0.8,1.9333333333333336,11.0,8.0,1.5999999999999996,5.2,2.343999999999994,,0.0,,0,6,0,0.04142996239942053
16,LEC,Charles Leclerc,Ferrari,1.0,20.0,0.0,Turbo,False,1.0,78.75,36.56585365853658,48.957317073170735,7.109756097560975,False,2022,6,Spanish Grand Prix,Barcelona,Spain,2022-05-22,3.0,2.4,1.0,2.073644135332772,1.0,0.6000000000000001,8.666666666666666,1.5,-1.4,-7.2,0.0,,0.0,,0,6,0,0.04142996239942053
11,PER,Sergio Perez,Red Bull Racing,3.0,1.0,25.0,Finished,True,3.0,71.629,22.27469387755102,31.038367346938777,75.66530612244898,True,2022,7,Monaco Grand Prix,Monaco,Monaco,2022-05-29,2.6666666666666665,2.8,2.0,1.0954451150103321,0.8333333333333334,-0.1333333333333333,1.8333333333333333,1.5,0.20000000000000018,-1.6,0.2530000000000001,,0.0,4.0,1,7,0,0.0419843773873979
55,SAI,Carlos Sainz,Ferrari,2.0,2.0,18.0,Finished,True,2.0,71.601,22.27469387755102,31.038367346938777,75.66530612244898,True,2022,7,Monaco Grand Prix,Monaco,Monaco,2022-05-29,9.0,10.0,3.0,9.137833441248533,0.6666666666666666,-1.0,9.166666666666666,1.5,-8.0,3.8,0.22499999999999432,,0.0,3.0,1,7,0,0.0419843773873979
1,VER,Max Verstappen,Red Bull Racing,4.0,3.0,15.0,Finished,True,4.0,71.666,22.27469387755102,31.038367346938777,75.66530612244898,True,2022,7,Monaco Grand Prix,Monaco,Monaco,2022-05-29,1.0,4.4,1.0,7.602631123499285,0.6666666666666666,-3.4000000000000004,1.8333333333333333,1.5,-0.40000000000000036,1.6,0.28999999999999204,,0.0,1.0,1,7,0,0.0419843773873979
16,LEC,Charles Leclerc,Ferrari,1.0,4.0,12.0,Finished,True,1.0,71.376,22.27469387755102,31.038367346938777,75.66530612244898,True,2022,7,Monaco Grand Prix,Monaco,Monaco,2022-05-29,9.333333333333334,6.2,1.0,7.9498427657407165,0.8333333333333334,3.1333333333333337,9.166666666666666,1.5,-5.2,-3.8,0.0,,0.0,2.0,1,7,0,0.0419843773873979
63,RUS,George Russell,Mercedes,6.0,5.0,10.0,Finished,True,6.0,72.112,22.27469387755102,31.038367346938777,75.66530612244898,True,2022,7,Monaco Grand Prix,Monaco,Monaco,2022-05-29,4.0,4.0,3.0,1.0,1.0,0.0,6.0,3.5,2.0,-3.6,0.73599999999999,,0.0,5.0,1,7,0,0.0419843773873979
4,NOR,Lando Norris,McLaren,5.0,6.0,9.0,Finished,True,5.0,71.849,22.27469387755102,31.038367346938777,75.66530612244898,True,2022,7,Monaco Grand Prix,Monaco,Monaco,2022-05-29,10.0,8.4,3.0,6.2289646009589745,0.8333333333333334,1.5999999999999996,12.166666666666666,5.5,-3.4000000000000004,-4.8,0.472999999999999,,0.0,7.0,1,7,0,0.0419843773873979
14,ALO,Fernando Alonso,Alpine,7.0,7.0,6.0,Finished,True,7.0,72.247,22.27469387755102,31.038367346938777,75.66530612244898,True,2022,7,Monaco Grand Prix,Monaco,Monaco,2022-05-29,13.0,14.4,9.0,4.219004621945797,0.6666666666666666,-1.4000000000000004,11.333333333333334,8.0,-7.4,6.0,0.8709999999999951,,0.0,16.0,1,7,0,0.0419843773873979
44,HAM,Lewis Hamilton,Mercedes,8.0,8.0,4.0,Finished,True,8.0,72.56,22.27469387755102,31.038367346938777,75.66530612244898,True,2022,7,Monaco Grand Prix,Monaco,Monaco,2022-05-29,8.0,7.6,4.0,3.7815340802378072,1.0,0.40000000000000036,6.0,3.5,0.40000000000000036,3.6,1.1839999999999975,,0.0,10.0,1,7,0,0.0419843773873979
77,BOT,Valtteri Bottas,Alfa Romeo,12.0,9.0,2.0,Finished,True,12.0,72.909,22.27469387755102,31.038367346938777,75.66530612244898,True,2022,7,Monaco Grand Prix,Monaco,Monaco,2022-05-29,6.0,8.2,5.0,3.9623225512317894,0.8333333333333334,-2.1999999999999993,12.0,8.0,3.8000000000000007,-7.0,1.5330000000000013,,0.0,15.0,1,7,0,0.0419843773873979
5,VET,Sebastian Vettel,Aston Martin,9.0,10.0,1.0,Finished,True,9.0,72.732,22.27469387755102,31.038367346938777,75.66530612244898,True,2022,7,Monaco Grand Prix,Monaco,Monaco,2022-05-29,12.0,13.75,8.0,5.123475382979799,0.5,-1.75,11.833333333333334,9.0,-4.75,2.0,1.3559999999999945,,0.0,,1,7,0,0.0419843773873979
10,GAS,Pierre Gasly,AlphaTauri,17.0,11.0,0.0,Finished,True,17.0,73.66,22.27469387755102,31.038367346938777,75.66530612244898,True,2022,7,Monaco Grand Prix,Monaco,Monaco,2022-05-29,14.333333333333334,12.0,8.0,3.9370039370059056,0.6666666666666666,2.333333333333334,12.0,9.5,5.0,-0.6,2.283999999999992,,0.0,8.0,1,7,0,0.0419843773873979
31,OCO,Esteban Ocon,Alpine,10.0,12.0,0.0,Finished,True,10.0,73.047,22.27469387755102,31.038367346938777,75.66530612244898,True,2022,7,Monaco Grand Prix,Monaco,Monaco,2022-05-29,9.666666666666666,8.4,6.0,3.2093613071762426,1.0,1.2666666666666657,11.333333333333334,8.0,1.5999999999999996,-6.0,1.6709999999999923,,0.0,6.0,1,7,0,0.0419843773873979
3,RIC,Daniel Ricciardo,McLaren,14.0,13.0,0.0,Finished,True,14.0,72.964,22.27469387755102,31.038367346938777,75.66530612244898,True,2022,7,Monaco Grand Prix,Monaco,Monaco,2022-05-29,14.333333333333334,13.2,6.0,4.764451699828638,0.8333333333333334,1.1333333333333346,12.166666666666666,5.5,0.8000000000000007,4.8,1.5879999999999939,,0.0,17.0,1,7,0,0.0419843773873979
18,STR,Lance Stroll,Aston Martin,18.0,14.0,0.0,Finished,True,18.0,73.678,22.27469387755102,31.038367346938777,75.66530612244898,True,2022,7,Monaco Grand Prix,Monaco,Monaco,2022-05-29,11.666666666666666,12.0,10.0,2.121320343559643,1.0,-0.3333333333333339,11.833333333333334,9.0,6.0,-1.4,2.3019999999999925,,0.0,13.0,1,7,0,0.0419843773873979
6,LAT,Nicholas Latifi,Williams,19.0,15.0,0.0,+1 Lap,True,19.0,74.403,22.27469387755102,31.038367346938777,75.66530612244898,True,2022,7,Monaco Grand Prix,Monaco,Monaco,2022-05-29,15.333333333333334,16.0,14.0,1.4142135623730951,0.8333333333333334,-0.6666666666666661,14.0,11.5,3.0,3.6,3.027000000000001,,0.0,18.0,1,7,0,0.0419843773873979
24,ZHO,Guanyu Zhou,Alfa Romeo,20.0,16.0,0.0,+1 Lap,True,20.0,75.606,22.27469387755102,31.038367346938777,75.66530612244898,True,2022,7,Monaco Grand Prix,Monaco,Monaco,2022-05-29,18.0,15.2,11.0,4.266145801540309,0.6666666666666666,2.8000000000000007,12.0,8.0,4.800000000000001,7.0,4.22999999999999,,0.0,11.0,1,7,0,0.0419843773873979
22,TSU,Yuki Tsunoda,AlphaTauri,11.0,17.0,0.0,+1 Lap,True,11.0,72.797,22.27469387755102,31.038367346938777,75.66530612244898,True,2022,7,Monaco Grand Prix,Monaco,Monaco,2022-05-29,9.666666666666666,12.6,7.0,4.61519230368573,0.8333333333333334,-2.9333333333333336,12.0,9.5,-1.5999999999999996,0.6,1.4209999999999923,,0.0,19.0,1,7,0,0.0419843773873979
23,ALB,Alexander Albon,Williams,16.0,18.0,0.0,Mechanical,False,16.0,73.611,22.27469387755102,31.038367346938777,75.66530612244898,True,2022,7,Monaco Grand Prix,Monaco,Monaco,2022-05-29,12.666666666666666,12.4,9.0,3.646916505762094,0.8333333333333334,0.2666666666666657,14.0,11.5,3.5999999999999996,-3.6,2.2349999999999994,,0.0,14.0,1,7,0,0.0419843773873979
47,MSC,Mick Schumacher,Haas F1 Team,15.0,19.0,0.0,Accident,False,15.0,73.081,22.27469387755102,31.038367346938777,75.66530612244898,True,2022,7,Monaco Grand Prix,Monaco,Monaco,2022-05-29,15.333333333333334,14.75,13.0,1.7078251276599339,0.8333333333333334,0.5833333333333339,14.666666666666666,8.0,0.25,0.75,1.7049999999999983,,0.0,,1,7,0,0.0419843773873979
20,MAG,Kevin Magnussen,Haas F1 Team,13.0,20.0,0.0,Water pressure,False,13.0,72.921,22.27469387755102,31.038367346938777,75.66530612244898,True,2022,7,Monaco Grand Prix,Monaco,Monaco,2022-05-29,14.0,13.0,9.0,3.8078865529319543,0.8333333333333334,1.0,14.666666666666666,8.0,0.0,-0.75,1.5450000000000017,,0.0,9.0,1,7,0,0.0419843773873979
1,VER,Max Verstappen,Red Bull Racing,3.0,1.0,25.0,Finished,True,3.0,101.706,25.43540372670808,47.14968944099379,59.49068322981366,False,2022,8,Azerbaijan Grand Prix,Baku,Azerbaijan,2022-06-12,1.6666666666666667,4.8,1.0,7.429670248402684,0.7142857142857143,-3.133333333333333,2.0,1.5,-1.7999999999999998,2.6,0.3470000000000084,,0.0,1.6666666666666667,0,8,0,0.043115564159803436
11,PER,Sergio Perez,Red Bull Racing,2.0,2.0,19.0,Finished,True,2.0,101.641,25.43540372670808,47.14968944099379,59.49068322981366,False,2022,8,Azerbaijan Grand Prix,Baku,Azerbaijan,2022-06-12,2.3333333333333335,2.2,1.0,1.0954451150103321,0.8571428571428571,0.1333333333333333,2.0,1.5,-0.20000000000000018,-2.6,0.2820000000000107,,0.0,3.0,0,8,0,0.043115564159803436
63,RUS,George Russell,Mercedes,5.0,3.0,15.0,Finished,True,5.0,102.712,25.43540372670808,47.14968944099379,59.49068322981366,False,2022,8,Azerbaijan Grand Prix,Baku,Azerbaijan,2022-06-12,4.333333333333333,4.0,3.0,1.0,1.0,0.33333333333333304,5.333333333333333,3.5,1.0,-3.2,1.3530000000000086,,0.0,5.0,0,8,0,0.043115564159803436
44,HAM,Lewis Hamilton,Mercedes,7.0,4.0,12.0,Finished,True,7.0,102.924,25.43540372670808,47.14968944099379,59.49068322981366,False,2022,8,Azerbaijan Grand Prix,Baku,Azerbaijan,2022-06-12,6.333333333333333,7.2,4.0,3.563705936241092,1.0,-0.8666666666666671,5.333333333333333,3.5,-0.20000000000000018,3.2,1.565000000000012,,0.0,8.0,0,8,0,0.043115564159803436
10,GAS,Pierre Gasly,AlphaTauri,6.0,5.0,10.0,Finished,True,6.0,102.845,25.43540372670808,47.14968944099379,59.49068322981366,False,2022,8,Azerbaijan Grand Prix,Baku,Azerbaijan,2022-06-12,14.0,12.6,9.0,3.361547262794322,0.7142857142857143,1.4000000000000004,13.5,9.5,-6.6,0.4,1.4860000000000042,,0.0,12.333333333333334,0,8,0,0.043115564159803436
5,VET,Sebastian Vettel,Aston Martin,9.0,6.0,8.0,Finished,True,9.0,103.091,25.43540372670808,47.14968944099379,59.49068322981366,False,2022,8,Azerbaijan Grand Prix,Baku,Azerbaijan,2022-06-12,12.666666666666666,13.0,8.0,4.743416490252569,0.6,-0.3333333333333339,12.833333333333334,9.0,-4.0,0.8,1.7319999999999993,,0.0,13.5,0,8,0,0.043115564159803436
14,ALO,Fernando Alonso,Alpine,10.0,7.0,6.0,Finished,True,10.0,103.173,25.43540372670808,47.14968944099379,59.49068322981366,False,2022,8,Azerbaijan Grand Prix,Baku,Azerbaijan,2022-06-12,9.0,12.6,7.0,5.176871642217914,0.7142857142857143,-3.5999999999999996,9.0,8.0,-2.5999999999999996,3.0,1.8140000000000072,,0.0,11.333333333333334,0,8,0,0.043115564159803436
3,RIC,Daniel Ricciardo,McLaren,12.0,8.0,4.0,Finished,True,12.0,103.574,25.43540372670808,47.14968944099379,59.49068322981366,False,2022,8,Azerbaijan Grand Prix,Baku,Azerbaijan,2022-06-12,12.666666666666666,12.4,6.0,4.277849927241488,0.8571428571428571,0.2666666666666657,11.833333333333334,5.5,-0.40000000000000036,4.2,2.2150000000000034,,0.0,14.333333333333334,0,8,0,0.043115564159803436
4,NOR,Lando Norris,McLaren,11.0,9.0,2.0,Finished,True,11.0,103.398,25.43540372670808,47.14968944099379,59.49068322981366,False,2022,8,Azerbaijan Grand Prix,Baku,Azerbaijan,2022-06-12,11.0,8.2,3.0,6.300793600809346,0.8571428571428571,2.8000000000000007,11.833333333333334,5.5,2.8000000000000007,-4.2,2.0390000000000015,,0.0,10.666666666666666,0,8,0,0.043115564159803436
31,OCO,Esteban Ocon,Alpine,13.0,10.0,1.0,Finished,True,13.0,103.585,25.43540372670808,47.14968944099379,59.49068322981366,False,2022,8,Azerbaijan Grand Prix,Baku,Azerbaijan,2022-06-12,9.0,9.6,7.0,3.2093613071762426,1.0,-0.5999999999999996,9.0,8.0,3.4000000000000004,-3.0,2.225999999999999,,0.0,8.666666666666666,0,8,0,0.043115564159803436
77,BOT,Valtteri Bottas,Alfa Romeo,15.0,11.0,0.0,+1 Lap,True,15.0,104.444,25.43540372670808,47.14968944099379,59.49068322981366,False,2022,8,Azerbaijan Grand Prix,Baku,Azerbaijan,2022-06-12,7.333333333333333,7.0,5.0,1.5811388300841887,0.8571428571428571,0.33333333333333304,12.833333333333334,8.0,8.0,-9.2,3.085000000000008,,0.0,10.333333333333334,0,8,0,0.043115564159803436
23,ALB,Alexander Albon,Williams,17.0,12.0,0.0,+1 Lap,True,17.0,104.719,25.43540372670808,47.14968944099379,59.49068322981366,False,2022,8,Azerbaijan Grand Prix,Baku,Azerbaijan,2022-06-12,15.0,13.2,9.0,4.43846820423443,0.7142857142857143,1.8000000000000007,15.0,11.5,3.8000000000000007,-2.2,3.3599999999999994,,0.0,13.666666666666666,0,8,0,0.043115564159803436
22,TSU,Yuki Tsunoda,AlphaTauri,8.0,13.0,0.0,+1 Lap,True,8.0,103.056,25.43540372670808,47.14968944099379,59.49068322981366,False,2022,8,Azerbaijan Grand Prix,Baku,Azerbaijan,2022-06-12,13.0,12.2,7.0,3.96232255123179,0.8571428571428571,0.8000000000000007,13.5,9.5,-4.199999999999999,-0.4,1.6970000000000027,,0.0,16.0,0,8,0,0.043115564159803436
47,MSC,Mick Schumacher,Haas F1 Team,20.0,14.0,0.0,+1 Lap,True,20.0,105.775,25.43540372670808,47.14968944099379,59.49068322981366,False,2022,8,Azerbaijan Grand Prix,Baku,Azerbaijan,2022-06-12,16.0,15.6,13.0,2.4083189157584597,0.7142857142857143,0.40000000000000036,16.833333333333332,8.0,4.4,0.4,4.416000000000011,,0.0,17.0,0,8,0,0.043115564159803436
6,LAT,Nicholas Latifi,Williams,18.0,15.0,0.0,+1 Lap,True,18.0,105.367,25.43540372670808,47.14968944099379,59.49068322981366,False,2022,8,Azerbaijan Grand Prix,Baku,Azerbaijan,2022-06-12,15.0,15.4,14.0,0.8944271909999162,0.8571428571428571,-0.40000000000000036,15.0,11.5,2.5999999999999996,2.2,4.00800000000001,,0.0,15.666666666666666,0,8,0,0.043115564159803436
18,STR,Lance Stroll,Aston Martin,19.0,16.0,0.0,Vibrations,False,19.0,105.371,25.43540372670808,47.14968944099379,59.49068322981366,False,2022,8,Azerbaijan Grand Prix,Baku,Azerbaijan,2022-06-12,13.0,12.2,10.0,2.280350850198276,1.0,0.8000000000000007,12.833333333333334,9.0,6.800000000000001,-0.8,4.0120000000000005,,0.0,12.333333333333334,0,8,0,0.043115564159803436
20,MAG,Kevin Magnussen,Haas F1 Team,16.0,17.0,0.0,Power Unit,False,16.0,104.643,25.43540372670808,47.14968944099379,59.49068322981366,False,2022,8,Azerbaijan Grand Prix,Baku,Azerbaijan,2022-06-12,17.666666666666668,15.2,9.0,4.08656334834051,0.7142857142857143,2.4666666666666686,16.833333333333332,8.0,0.8000000000000007,-0.4,3.284000000000006,,0.0,15.0,0,8,0,0.043115564159803436
24,ZHO,Guanyu Zhou,Alfa Romeo,14.0,18.0,0.0,Hydraulics,False,14.0,103.79,25.43540372670808,47.14968944099379,59.49068322981366,False,2022,8,Azerbaijan Grand Prix,Baku,Azerbaijan,2022-06-12,18.333333333333332,16.2,11.0,3.5637059362410923,0.7142857142857143,2.133333333333333,12.833333333333334,8.0,-2.1999999999999993,9.2,2.4310000000000116,,0.0,15.666666666666666,0,8,0,0.043115564159803436
16,LEC,Charles Leclerc,Ferrari,1.0,19.0,0.0,Power Unit,False,1.0,101.359,25.43540372670808,47.14968944099379,59.49068322981366,False,2022,8,Azerbaijan Grand Prix,Baku,Azerbaijan,2022-06-12,8.666666666666666,6.6,1.0,7.733045971672482,0.8571428571428571,2.0666666666666664,5.833333333333333,1.5,-5.6,-3.2,0.0,,0.0,2.6666666666666665,0,8,0,0.043115564159803436
55,SAI,Carlos Sainz,Ferrari,4.0,20.0,0.0,Hydraulics,False,4.0,101.814,25.43540372670808,47.14968944099379,59.49068322981366,False,2022,8,Azerbaijan Grand Prix,Baku,Azerbaijan,2022-06-12,3.0,9.8,2.0,9.338094023943002,0.7142857142857143,-6.800000000000001,5.833333333333333,1.5,-5.800000000000001,3.2,0.4549999999999983,,0.0,2.6666666666666665,0,8,0,0.043115564159803436
1,VER,Max Verstappen,Red Bull Racing,1.0,1.0,25.0,Finished,True,1.0,81.299,20.762962962962963,41.261111111111106,28.925925925925927,False,2022,9,Canadian Grand Prix,Montréal,Canada,2022-06-19,1.6666666666666667,1.4,1.0,0.8944271909999192,0.75,0.26666666666666683,1.6666666666666667,1.5,-0.3999999999999999,-0.8,0.0,,0.0,6.666666666666667,0,9,0,0.04369253583925708
55,SAI,Carlos Sainz,Ferrari,3.0,2.0,19.0,Finished,True,3.0,82.096,20.762962962962963,41.261111111111106,28.925925925925927,False,2022,9,Canadian Grand Prix,Montréal,Canada,2022-06-19,8.666666666666666,9.8,2.0,9.338094023943002,0.625,-1.1333333333333346,11.5,1.5,-6.800000000000001,-0.4,0.796999999999997,,0.0,20.0,0,9,0,0.04369253583925708
44,HAM,Lewis Hamilton,Mercedes,4.0,3.0,15.0,Finished,True,4.0,82.891,20.762962962962963,41.261111111111106,28.925925925925927,False,2022,9,Canadian Grand Prix,Montréal,Canada,2022-06-19,5.666666666666667,7.2,4.0,3.563705936241092,1.0,-1.5333333333333332,4.666666666666667,3.5,-3.2,3.2,1.5919999999999987,,0.0,7.0,0,9,0,0.04369253583925708
63,RUS,George Russell,Mercedes,8.0,4.0,12.0,Finished,True,8.0,83.557,20.762962962962963,41.261111111111106,28.925925925925927,False,2022,9,Canadian Grand Prix,Montréal,Canada,2022-06-19,3.6666666666666665,4.0,3.0,1.0,1.0,-0.3333333333333335,4.666666666666667,3.5,4.0,-3.2,2.2579999999999956,,0.0,3.3333333333333335,0,9,0,0.04369253583925708
16,LEC,Charles Leclerc,Ferrari,19.0,5.0,10.0,Finished,True,15.0,93.008,20.762962962962963,41.261111111111106,28.925925925925927,False,2022,9,Canadian Grand Prix,Montréal,Canada,2022-06-19,14.333333333333334,10.2,2.0,8.613942186943213,0.75,4.133333333333335,11.5,1.5,8.8,0.4,11.708999999999989,,0.0,8.666666666666666,0,9,0,0.04369253583925708
31,OCO,Esteban Ocon,Alpine,7.0,6.0,8.0,Finished,True,7.0,83.529,20.762962962962963,41.261111111111106,28.925925925925927,False,2022,9,Canadian Grand Prix,Montréal,Canada,2022-06-19,9.666666666666666,10.2,7.0,2.863564212655271,1.0,-0.5333333333333332,8.666666666666666,8.0,-3.1999999999999993,-0.4,2.2299999999999898,,0.0,10.333333333333334,0,9,0,0.04369253583925708
77,BOT,Valtteri Bottas,Alfa Romeo,11.0,7.0,6.0,Finished,True,11.0,86.788,20.762962962962963,41.261111111111106,28.925925925925927,False,2022,9,Canadian Grand Prix,Montréal,Canada,2022-06-19,8.666666666666666,7.6,5.0,2.4083189157584584,0.875,1.0666666666666664,13.166666666666666,8.0,3.4000000000000004,-10.0,5.48899999999999,,0.0,8.0,0,9,0,0.04369253583925708
24,ZHO,Guanyu Zhou,Alfa Romeo,10.0,8.0,4.0,Finished,True,10.0,84.03,20.762962962962963,41.261111111111106,28.925925925925927,False,2022,9,Canadian Grand Prix,Montréal,Canada,2022-06-19,17.666666666666668,17.6,15.0,2.073644135332772,0.625,0.06666666666666643,13.166666666666666,8.0,-7.600000000000001,10.0,2.7309999999999945,,0.0,14.666666666666666,0,9,0,0.04369253583925708
14,ALO,Fernando Alonso,Alpine,2.0,9.0,2.0,Finished,True,2.0,81.944,20.762962962962963,41.261111111111106,28.925925925925927,False,2022,9,Canadian Grand Prix,Montréal,Canada,2022-06-19,7.666666666666667,10.6,7.0,4.979959839195493,0.75,-2.9333333333333327,8.666666666666666,8.0,-8.6,0.4,0.644999999999996,,0.0,14.333333333333334,0,9,0,0.04369253583925708
18,STR,Lance Stroll,Aston Martin,17.0,10.0,1.0,Finished,True,18.0,95.532,20.762962962962963,41.261111111111106,28.925925925925927,False,2022,9,Canadian Grand Prix,Montréal,Canada,2022-06-19,15.0,13.0,10.0,2.8284271247461903,0.875,2.0,12.0,9.0,4.0,2.6,14.23299999999999,,0.0,12.666666666666666,0,9,0,0.04369253583925708
3,RIC,Daniel Ricciardo,McLaren,9.0,11.0,0.0,Finished,True,9.0,83.749,20.762962962962963,41.261111111111106,28.925925925925927,False,2022,9,Canadian Grand Prix,Montréal,Canada,2022-06-19,11.0,12.8,8.0,3.5637059362410923,0.875,-1.8000000000000007,9.333333333333334,5.5,-3.8000000000000007,3.8,2.4499999999999886,,0.0,10.666666666666666,0,9,0,0.04369253583925708
5,VET,Sebastian Vettel,Aston Martin,16.0,12.0,0.0,Finished,True,17.0,94.512,20.762962962962963,41.261111111111106,28.925925925925927,False,2022,9,Canadian Grand Prix,Montréal,Canada,2022-06-19,9.0,10.4,6.0,4.159326868617084,0.6666666666666666,-1.4000000000000004,12.0,9.0,5.6,-2.6,13.212999999999994,,0.0,11.0,0,9,0,0.04369253583925708
23,ALB,Alexander Albon,Williams,12.0,13.0,0.0,Finished,True,12.0,86.858,20.762962962962963,41.261111111111106,28.925925925925927,False,2022,9,Canadian Grand Prix,Montréal,Canada,2022-06-19,16.0,13.6,9.0,4.159326868617085,0.75,2.4000000000000004,15.666666666666666,11.5,-1.5999999999999996,-1.6,5.5589999999999975,,0.0,11.0,0,9,0,0.04369253583925708
10,GAS,Pierre Gasly,AlphaTauri,15.0,14.0,0.0,Finished,True,16.0,94.492,20.762962962962963,41.261111111111106,28.925925925925927,False,2022,9,Canadian Grand Prix,Montréal,Canada,2022-06-19,9.666666666666666,11.8,5.0,4.658325879540847,0.75,-2.1333333333333346,11.5,9.0,3.1999999999999993,0.0,13.192999999999998,,0.0,8.666666666666666,0,9,0,0.04369253583925708
4,NOR,Lando Norris,McLaren,14.0,15.0,0.0,Finished,True,14.0,94.066,20.762962962962963,41.261111111111106,28.925925925925927,False,2022,9,Canadian Grand Prix,Montréal,Canada,2022-06-19,7.666666666666667,9.0,3.0,6.041522986797286,0.875,-1.333333333333333,9.333333333333334,5.5,5.0,-3.8,12.766999999999996,,0.0,5.666666666666667,0,9,0,0.04369253583925708
6,LAT,Nicholas Latifi,Williams,18.0,16.0,0.0,Finished,True,19.0,95.66,20.762962962962963,41.261111111111106,28.925925925925927,False,2022,9,Canadian Grand Prix,Montréal,Canada,2022-06-19,15.333333333333334,15.2,14.0,0.8366600265340759,0.875,0.13333333333333464,15.666666666666666,11.5,2.8000000000000007,1.6,14.36099999999999,,0.0,15.666666666666666,0,9,0,0.04369253583925708
20,MAG,Kevin Magnussen,Haas F1 Team,5.0,17.0,0.0,Finished,True,5.0,82.96,20.762962962962963,41.261111111111106,28.925925925925927,False,2022,9,Canadian Grand Prix,Montréal,Canada,2022-06-19,18.0,15.8,9.0,4.08656334834051,0.625,2.1999999999999993,16.833333333333332,8.0,-10.8,0.0,1.6609999999999872,,0.0,13.333333333333334,0,9,0,0.04369253583925708
22,TSU,Yuki Tsunoda,AlphaTauri,20.0,18.0,0.0,Accident,False,20.0,96.575,20.762962962962963,41.261111111111106,28.925925925925927,False,2022,9,Canadian Grand Prix,Montréal,Canada,2022-06-19,13.333333333333334,11.8,7.0,3.7013511046643495,0.875,1.5333333333333332,11.5,9.0,8.2,0.0,15.275999999999996,,0.0,11.666666666666666,0,9,0,0.04369253583925708
47,MSC,Mick Schumacher,Haas F1 Team,6.0,19.0,0.0,Engine,False,6.0,83.356,20.762962962962963,41.261111111111106,28.925925925925927,False,2022,9,Canadian Grand Prix,Montréal,Canada,2022-06-19,15.666666666666666,15.8,14.0,2.1679483388678804,0.75,-0.13333333333333464,16.833333333333332,8.0,-9.8,0.0,2.056999999999988,,0.0,14.666666666666666,0,9,0,0.04369253583925708
11,PER,Sergio Perez,Red Bull Racing,13.0,20.0,0.0,Gearbox,False,13.0,93.127,20.762962962962963,41.261111111111106,28.925925925925927,False,2022,9,Canadian Grand Prix,Montréal,Canada,2022-06-19,1.6666666666666667,2.2,1.0,1.0954451150103321,0.875,-0.5333333333333334,1.6666666666666667,1.5,10.8,0.8,11.827999999999989,,0.0,2.0,0,9,0,0.04369253583925708
55,SAI,Carlos Sainz,Ferrari,1.0,1.0,25.0,Finished,True,1.0,100.983,18.25320197044335,30.026108374384233,59.748768472906406,True,2022,10,British Grand Prix,Silverstone,Great Britain,2022-07-03,8.0,6.2,2.0,7.758865896508331,0.6666666666666666,1.7999999999999998,8.666666666666666,1.5,-5.2,-3.8,0.0,,0.0,,1,10,0,0.04486974559368963
11,PER,Sergio Perez,Red Bull Racing,4.0,2.0,18.0,Finished,True,4.0,101.616,18.25320197044335,30.026108374384233,59.748768472906406,True,2022,10,British Grand Prix,Silverstone,Great Britain,2022-07-03,7.666666666666667,5.8,1.0,8.012490249604053,0.7777777777777778,1.8666666666666671,4.666666666666667,1.5,-1.7999999999999998,4.4,0.6329999999999956,,0.0,,1,10,0,0.04486974559368963
44,HAM,Lewis Hamilton,Mercedes,5.0,3.0,16.0,Finished,True,5.0,101.995,18.25320197044335,30.026108374384233,59.748768472906406,True,2022,10,British Grand Prix,Silverstone,Great Britain,2022-07-03,5.0,5.2,3.0,1.9235384061671335,1.0,-0.20000000000000018,4.5,3.5,-0.20000000000000018,1.2,1.0120000000000005,,0.0,,1,10,0,0.04486974559368963
16,LEC,Charles Leclerc,Ferrari,3.0,4.0,12.0,Finished,True,3.0,101.298,18.25320197044335,30.026108374384233,59.748768472906406,True,2022,10,British Grand Prix,Silverstone,Great Britain,2022-07-03,9.333333333333334,10.0,2.0,8.74642784226795,0.7777777777777778,-0.6666666666666661,8.666666666666666,1.5,-7.0,3.8,0.3149999999999977,,0.0,,1,10,0,0.04486974559368963
14,ALO,Fernando Alonso,Alpine,7.0,5.0,10.0,Finished,True,7.0,102.116,18.25320197044335,30.026108374384233,59.748768472906406,True,2022,10,British Grand Prix,Silverstone,Great Britain,2022-07-03,7.666666666666667,8.6,7.0,1.6733200530681511,0.7777777777777778,-0.9333333333333327,8.5,7.5,-1.5999999999999996,0.0,1.1329999999999956,,0.0,,1,10,0,0.04486974559368963
4,NOR,Lando Norris,McLaren,6.0,6.0,8.0,Finished,True,6.0,102.084,18.25320197044335,30.026108374384233,59.748768472906406,True,2022,10,British Grand Prix,Silverstone,Great Britain,2022-07-03,10.0,11.4,6.0,5.412947441089743,0.8888888888888888,-1.4000000000000004,10.333333333333334,5.5,-5.4,0.0,1.100999999999999,,0.0,,1,10,0,0.04486974559368963
1,VER,Max Verstappen,Red Bull Racing,2.0,7.0,6.0,Finished,True,2.0,101.055,18.25320197044335,30.026108374384233,59.748768472906406,True,2022,10,British Grand Prix,Silverstone,Great Britain,2022-07-03,1.6666666666666667,1.4,1.0,0.8944271909999192,0.7777777777777778,0.26666666666666683,4.666666666666667,1.5,0.6000000000000001,-4.4,0.07200000000000273,,0.0,,1,10,0,0.04486974559368963
47,MSC,Mick Schumacher,Haas F1 Team,19.0,8.0,4.0,Finished,True,19.0,102.708,18.25320197044335,30.026108374384233,59.748768472906406,True,2022,10,British Grand Prix,Silverstone,Great Britain,2022-07-03,17.333333333333332,16.2,14.0,2.5884358211089578,0.6666666666666666,1.1333333333333329,17.666666666666668,8.0,2.8000000000000007,-1.2,1.7249999999999943,,0.0,,1,10,0,0.04486974559368963
5,VET,Sebastian Vettel,Aston Martin,18.0,9.0,2.0,Finished,True,18.0,102.666,18.25320197044335,30.026108374384233,59.748768472906406,True,2022,10,British Grand Prix,Silverstone,Great Britain,2022-07-03,9.333333333333334,11.2,6.0,3.96232255123179,0.7142857142857143,-1.8666666666666654,11.333333333333334,9.0,6.800000000000001,-1.8,1.6829999999999927,,0.0,,1,10,0,0.04486974559368963
20,MAG,Kevin Magnussen,Haas F1 Team,17.0,10.0,1.0,Finished,True,17.0,102.159,18.25320197044335,30.026108374384233,59.748768472906406,True,2022,10,British Grand Prix,Silverstone,Great Britain,2022-07-03,18.0,17.4,16.0,1.5165750888103104,0.6666666666666666,0.6000000000000014,17.666666666666668,8.0,-0.3999999999999986,1.2,1.176000000000002,,0.0,,1,10,0,0.04486974559368963
18,STR,Lance Stroll,Aston Martin,20.0,11.0,0.0,Finished,True,20.0,103.43,18.25320197044335,30.026108374384233,59.748768472906406,True,2022,10,British Grand Prix,Silverstone,Great Britain,2022-07-03,13.333333333333334,13.0,10.0,2.8284271247461903,0.8888888888888888,0.3333333333333339,11.333333333333334,9.0,7.0,1.8,2.4470000000000027,,0.0,,1,10,0,0.04486974559368963
6,LAT,Nicholas Latifi,Williams,10.0,12.0,0.0,Finished,True,10.0,123.095,18.25320197044335,30.026108374384233,59.748768472906406,True,2022,10,British Grand Prix,Silverstone,Great Britain,2022-07-03,15.333333333333334,15.2,14.0,0.8366600265340759,0.8888888888888888,0.13333333333333464,14.833333333333334,11.5,-5.199999999999999,1.2,22.111999999999995,,0.0,,1,10,0,0.04486974559368963
3,RIC,Daniel Ricciardo,McLaren,14.0,13.0,0.0,Finished,True,14.0,104.355,18.25320197044335,30.026108374384233,59.748768472906406,True,2022,10,British Grand Prix,Silverstone,Great Britain,2022-07-03,10.666666666666666,11.4,8.0,2.0736441353327724,0.8888888888888888,-0.7333333333333343,10.333333333333334,5.5,2.5999999999999996,0.0,3.372,,0.0,,1,10,0,0.04486974559368963
22,TSU,Yuki Tsunoda,AlphaTauri,13.0,14.0,0.0,Finished,True,13.0,104.311,18.25320197044335,30.026108374384233,59.748768472906406,True,2022,10,British Grand Prix,Silverstone,Great Britain,2022-07-03,16.0,14.0,10.0,3.3911649915626336,0.7777777777777778,2.0,13.0,9.0,-1.0,1.8,3.328000000000003,,0.0,,1,10,0,0.04486974559368963
31,OCO,Esteban Ocon,Alpine,15.0,15.0,0.0,Fuel pump,False,15.0,105.19,18.25320197044335,30.026108374384233,59.748768472906406,True,2022,10,British Grand Prix,Silverstone,Great Britain,2022-07-03,9.333333333333334,8.6,6.0,2.4083189157584592,1.0,0.7333333333333343,8.5,7.5,6.4,0.0,4.206999999999994,,0.0,,1,10,0,0.04486974559368963
10,GAS,Pierre Gasly,AlphaTauri,11.0,16.0,0.0,Collision damage,False,11.0,103.702,18.25320197044335,30.026108374384233,59.748768472906406,True,2022,10,British Grand Prix,Silverstone,Great Britain,2022-07-03,10.0,12.2,5.0,4.764451699828639,0.7777777777777778,-2.1999999999999993,13.0,9.0,-1.1999999999999993,-1.8,2.718999999999994,,0.0,,1,10,0,0.04486974559368963
77,BOT,Valtteri Bottas,Alfa Romeo,12.0,17.0,0.0,Gearbox,False,12.0,104.232,18.25320197044335,30.026108374384233,59.748768472906406,True,2022,10,British Grand Prix,Silverstone,Great Britain,2022-07-03,9.0,8.0,6.0,1.9999999999999993,0.8888888888888888,1.0,11.5,7.5,4.0,-8.2,3.2489999999999952,,0.0,,1,10,0,0.04486974559368963
63,RUS,George Russell,Mercedes,8.0,18.0,0.0,Collision,False,8.0,102.161,18.25320197044335,30.026108374384233,59.748768472906406,True,2022,10,British Grand Prix,Silverstone,Great Britain,2022-07-03,4.0,4.0,3.0,1.0,1.0,0.0,4.5,3.5,4.0,-1.2,1.1779999999999973,,0.0,,1,10,0,0.04486974559368963
24,ZHO,Guanyu Zhou,Alfa Romeo,9.0,19.0,0.0,Collision,False,9.0,102.719,18.25320197044335,30.026108374384233,59.748768472906406,True,2022,10,British Grand Prix,Silverstone,Great Britain,2022-07-03,14.0,16.2,8.0,4.816637831516918,0.6666666666666666,-2.1999999999999993,11.5,7.5,-7.199999999999999,8.2,1.73599999999999,,0.0,,1,10,0,0.04486974559368963
23,ALB,Alexander Albon,Williams,16.0,20.0,0.0,Collision,False,16.0,102.078,18.25320197044335,30.026108374384233,59.748768472906406,True,2022,10,British Grand Prix,Silverstone,Great Britain,2022-07-03,14.333333333333334,14.0,9.0,3.937003937005906,0.7777777777777778,0.3333333333333339,14.833333333333334,11.5,2.0,-1.2,1.0949999999999989,,0.0,,1,10,0,0.04486974559368963
16,LEC,Charles Leclerc,Ferrari,2.0,1.0,25.0,Finished,True,2.0,65.013,20.25592105263158,30.74671052631579,35.13815789473684,False,2022,11,Austrian Grand Prix,Spielberg,Austria,2022-07-10,9.333333333333334,10.4,4.0,8.324662155306964,0.8,-1.0666666666666664,8.5,1.5,-8.4,4.6,0.029000000000010573,,0.0,,0,11,0,0.045470191696537675
1,VER,Max Verstappen,Red Bull Racing,1.0,2.0,19.0,Finished,True,1.0,64.984,20.25592105263158,30.74671052631579,35.13815789473684,False,2022,11,Austrian Grand Prix,Spielberg,Austria,2022-07-10,3.0,2.6,1.0,2.607680962081061,0.8,0.3999999999999999,5.5,1.5,-1.6,-2.8,0.0,,0.0,,0,11,0,0.045470191696537675
44,HAM,Lewis Hamilton,Mercedes,8.0,3.0,15.0,Finished,True,9.0,73.151,20.25592105263158,30.74671052631579,35.13815789473684,False,2022,11,Austrian Grand Prix,Spielberg,Austria,2022-07-10,3.3333333333333335,4.6,3.0,2.073644135332771,1.0,-1.2666666666666662,5.833333333333333,3.5,3.4000000000000004,-2.0,8.167000000000002,,0.0,,0,11,0,0.045470191696537675
63,RUS,George Russell,Mercedes,4.0,4.0,12.0,Finished,True,4.0,65.431,20.25592105263158,30.74671052631579,35.13815789473684,False,2022,11,Austrian Grand Prix,Spielberg,Austria,2022-07-10,8.333333333333334,6.6,3.0,6.4265076052238514,0.9,1.7333333333333343,5.833333333333333,3.5,-2.5999999999999996,2.0,0.44700000000000273,,0.0,,0,11,0,0.045470191696537675
31,OCO,Esteban Ocon,Alpine,6.0,5.0,10.0,Finished,True,5.0,65.726,20.25592105263158,30.74671052631579,35.13815789473684,False,2022,11,Austrian Grand Prix,Spielberg,Austria,2022-07-10,10.333333333333334,10.0,6.0,3.6742346141747673,0.9,0.3333333333333339,8.666666666666666,7.5,-4.0,2.6,0.7420000000000044,,0.0,,0,11,0,0.045470191696537675
47,MSC,Mick Schumacher,Haas F1 Team,9.0,6.0,8.0,+1 Lap,True,7.0,66.011,20.25592105263158,30.74671052631579,35.13815789473684,False,2022,11,Austrian Grand Prix,Spielberg,Austria,2022-07-10,13.666666666666666,14.8,8.0,4.549725266430931,0.7,-1.1333333333333346,14.166666666666666,8.0,-5.800000000000001,-1.4,1.027000000000001,,0.0,,0,11,0,0.045470191696537675
4,NOR,Lando Norris,McLaren,10.0,7.0,6.0,+1 Lap,True,15.0,85.847,20.25592105263158,30.74671052631579,35.13815789473684,False,2022,11,Austrian Grand Prix,Spielberg,Austria,2022-07-10,10.0,8.8,6.0,3.70135110466435,0.9,1.1999999999999993,10.333333333333334,5.5,1.1999999999999993,-2.6,20.863,,0.0,,0,11,0,0.045470191696537675
20,MAG,Kevin Magnussen,Haas F1 Team,7.0,8.0,4.0,+1 Lap,True,6.0,65.879,20.25592105263158,30.74671052631579,35.13815789473684,False,2022,11,Austrian Grand Prix,Spielberg,Austria,2022-07-10,14.666666666666666,16.2,10.0,3.7013511046643495,0.7,-1.5333333333333332,14.166666666666666,8.0,-9.2,1.4,0.8950000000000102,,0.0,,0,11,0,0.045470191696537675
3,RIC,Daniel Ricciardo,McLaren,11.0,9.0,2.0,+1 Lap,True,16.0,66.613,20.25592105263158,30.74671052631579,35.13815789473684,False,2022,11,Austrian Grand Prix,Spielberg,Austria,2022-07-10,10.666666666666666,11.4,8.0,2.0736441353327724,0.9,-0.7333333333333343,10.333333333333334,5.5,-0.40000000000000036,2.6,1.6290000000000049,,0.0,,0,11,0,0.045470191696537675
14,ALO,Fernando Alonso,Alpine,19.0,10.0,1.0,+1 Lap,True,8.0,66.103,20.25592105263158,30.74671052631579,35.13815789473684,False,2022,11,Austrian Grand Prix,Spielberg,Austria,2022-07-10,7.0,7.4,5.0,1.6733200530681511,0.8,-0.40000000000000036,8.666666666666666,7.5,11.6,-2.6,1.1189999999999998,,0.0,,0,11,0,0.045470191696537675
77,BOT,Valtteri Bottas,Alfa Romeo,20.0,11.0,0.0,+1 Lap,True,12.0,66.319,20.25592105263158,30.74671052631579,35.13815789473684,False,2022,11,Austrian Grand Prix,Spielberg,Austria,2022-07-10,11.666666666666666,10.0,6.0,4.358898943540673,0.8,1.666666666666666,13.333333333333334,7.5,10.0,-6.0,1.335000000000008,,0.0,,0,11,0,0.045470191696537675
23,ALB,Alexander Albon,Williams,15.0,12.0,0.0,+1 Lap,True,11.0,66.23,20.25592105263158,30.74671052631579,35.13815789473684,False,2022,11,Austrian Grand Prix,Spielberg,Austria,2022-07-10,15.0,16.2,12.0,3.492849839314597,0.7,-1.1999999999999993,14.666666666666666,11.5,-1.1999999999999993,1.4,1.2460000000000093,,0.0,,0,11,0,0.045470191696537675
18,STR,Lance Stroll,Aston Martin,12.0,13.0,0.0,+1 Lap,True,17.0,66.847,20.25592105263158,30.74671052631579,35.13815789473684,False,2022,11,Austrian Grand Prix,Spielberg,Austria,2022-07-10,12.333333333333334,13.2,10.0,2.588435821108957,0.9,-0.8666666666666654,10.666666666666666,9.0,-1.1999999999999993,3.6,1.8629999999999995,,0.0,,0,11,0,0.045470191696537675
24,ZHO,Guanyu Zhou,Alfa Romeo,13.0,14.0,0.0,+1 Lap,True,18.0,66.901,20.25592105263158,30.74671052631579,35.13815789473684,False,2022,11,Austrian Grand Prix,Spielberg,Austria,2022-07-10,15.0,16.0,8.0,4.636809247747851,0.6,-1.0,13.333333333333334,7.5,-3.0,6.0,1.9170000000000016,,0.0,,0,11,0,0.045470191696537675
10,GAS,Pierre Gasly,AlphaTauri,14.0,15.0,0.0,+1 Lap,True,10.0,66.16,20.25592105263158,30.74671052631579,35.13815789473684,False,2022,11,Austrian Grand Prix,Spielberg,Austria,2022-07-10,11.666666666666666,11.8,5.0,4.207136793592526,0.7,-0.13333333333333464,13.333333333333334,9.0,2.1999999999999993,-2.6,1.176000000000002,,0.0,,0,11,0,0.045470191696537675
22,TSU,Yuki Tsunoda,AlphaTauri,16.0,16.0,0.0,+1 Lap,True,14.0,66.851,20.25592105263158,30.74671052631579,35.13815789473684,False,2022,11,Austrian Grand Prix,Spielberg,Austria,2022-07-10,15.0,14.4,10.0,3.209361307176242,0.8,0.5999999999999996,13.333333333333334,9.0,1.5999999999999996,2.6,1.8670000000000044,,0.0,,0,11,0,0.045470191696537675
5,VET,Sebastian Vettel,Aston Martin,18.0,17.0,0.0,+1 Lap,True,20.0,67.083,20.25592105263158,30.74671052631579,35.13815789473684,False,2022,11,Austrian Grand Prix,Spielberg,Austria,2022-07-10,9.0,9.6,6.0,2.302172886644267,0.75,-0.5999999999999996,10.666666666666666,9.0,8.4,-3.6,2.0990000000000038,,0.0,,0,11,0,0.045470191696537675
55,SAI,Carlos Sainz,Ferrari,3.0,18.0,0.0,Power Unit,False,3.0,65.066,20.25592105263158,30.74671052631579,35.13815789473684,False,2022,11,Austrian Grand Prix,Spielberg,Austria,2022-07-10,7.666666666666667,5.8,1.0,8.012490249604054,0.7,1.8666666666666671,8.5,1.5,-2.8,-4.6,0.08200000000000784,,0.0,,0,11,0,0.045470191696537675
6,LAT,Nicholas Latifi,Williams,17.0,19.0,0.0,Undertray,False,19.0,67.003,20.25592105263158,30.74671052631579,35.13815789473684,False,2022,11,Austrian Grand Prix,Spielberg,Austria,2022-07-10,14.333333333333334,14.8,12.0,1.643167672515499,0.9,-0.4666666666666668,14.666666666666666,11.5,2.1999999999999993,-1.4,2.0190000000000055,,0.0,,0,11,0,0.045470191696537675
11,PER,Sergio Perez,Red Bull Racing,5.0,20.0,0.0,Collision damage,False,13.0,66.458,20.25592105263158,30.74671052631579,35.13815789473684,False,2022,11,Austrian Grand Prix,Spielberg,Austria,2022-07-10,8.0,5.4,1.0,8.17312669668102,0.8,2.5999999999999996,5.5,1.5,-0.40000000000000036,2.8,1.4740000000000038,,0.0,,0,11,0,0.045470191696537675
1,VER,Max Verstappen,Red Bull Racing,2.0,1.0,25.0,Finished,True,2.0,91.176,30.164843750000003,54.46171875,47.734375,False,2022,12,French Grand Prix,Le Castellet,France,2022-07-24,3.3333333333333335,2.8,1.0,2.4899799195977477,0.9,0.5333333333333337,8.666666666666666,1.5,-0.7999999999999998,-6.2,0.30400000000000205,,0.0,,0,12,0,0.046695296904393065
44,HAM,Lewis Hamilton,Mercedes,4.0,2.0,18.0,Finished,True,4.0,91.765,30.164843750000003,54.46171875,47.734375,False,2022,12,French Grand Prix,Le Castellet,France,2022-07-24,3.0,4.2,3.0,2.167948338867879,1.0,-1.2000000000000002,5.833333333333333,3.5,-0.20000000000000018,-2.6,0.8930000000000007,,0.0,,0,12,0,0.046695296904393065
63,RUS,George Russell,Mercedes,6.0,3.0,15.0,Finished,True,6.0,92.131,30.164843750000003,54.46171875,47.734375,False,2022,12,French Grand Prix,Le Castellet,France,2022-07-24,8.666666666666666,6.8,3.0,6.300793600809347,0.9,1.8666666666666663,5.833333333333333,3.5,-0.7999999999999998,2.6,1.2590000000000003,,0.0,,0,12,0,0.046695296904393065
11,PER,Sergio Perez,Red Bull Racing,3.0,4.0,12.0,Finished,True,3.0,91.335,30.164843750000003,54.46171875,47.734375,False,2022,12,French Grand Prix,Le Castellet,France,2022-07-24,14.0,9.0,1.0,10.04987562112089,0.8,5.0,8.666666666666666,1.5,-6.0,6.2,0.46299999999999386,,0.0,,0,12,0,0.046695296904393065
55,SAI,Carlos Sainz,Ferrari,19.0,5.0,11.0,Finished,True,9.0,91.081,30.164843750000003,54.46171875,47.734375,False,2022,12,French Grand Prix,Le Castellet,France,2022-07-24,7.0,8.6,1.0,9.528903399657278,0.6,-1.5999999999999996,5.166666666666667,1.5,10.4,2.0,0.20900000000000318,,0.0,,0,12,0,0.046695296904393065
14,ALO,Fernando Alonso,Alpine,7.0,6.0,8.0,Finished,True,7.0,92.552,30.164843750000003,54.46171875,47.734375,False,2022,12,French Grand Prix,Le Castellet,France,2022-07-24,8.0,7.6,5.0,1.949358868961793,0.8,0.40000000000000036,8.333333333333334,7.5,-0.5999999999999996,-2.0,1.6800000000000068,,0.0,,0,12,0,0.046695296904393065
4,NOR,Lando Norris,McLaren,5.0,7.0,6.0,Finished,True,5.0,92.032,30.164843750000003,54.46171875,47.734375,False,2022,12,French Grand Prix,Le Castellet,France,2022-07-24,9.333333333333334,8.6,6.0,3.781534080237808,0.9,0.7333333333333343,10.166666666666666,5.5,-3.5999999999999996,-2.2,1.1599999999999966,,0.0,,0,12,0,0.046695296904393065
31,OCO,Esteban Ocon,Alpine,10.0,8.0,4.0,Finished,True,12.0,93.048,30.164843750000003,54.46171875,47.734375,False,2022,12,French Grand Prix,Le Castellet,France,2022-07-24,8.666666666666666,9.6,5.0,4.159326868617084,0.9,-0.9333333333333336,8.333333333333334,7.5,0.40000000000000036,2.0,2.176000000000002,,0.0,,0,12,0,0.046695296904393065
3,RIC,Daniel Ricciardo,McLaren,9.0,9.0,2.0,Finished,True,11.0,92.922,30.164843750000003,54.46171875,47.734375,False,2022,12,French Grand Prix,Le Castellet,France,2022-07-24,11.0,10.8,8.0,2.2803508501982765,0.9,0.1999999999999993,10.166666666666666,5.5,-1.8000000000000007,2.2,2.049999999999997,,0.0,,0,12,0,0.046695296904393065
18,STR,Lance Stroll,Aston Martin,15.0,10.0,1.0,Finished,True,17.0,93.439,30.164843750000003,54.46171875,47.734375,False,2022,12,French Grand Prix,Le Castellet,France,2022-07-24,11.333333333333334,12.8,10.0,2.3874672772626644,0.9,-1.4666666666666668,12.0,9.0,2.1999999999999993,2.0,2.566999999999993,,0.0,,0,12,0,0.046695296904393065
5,VET,Sebastian Vettel,Aston Martin,12.0,11.0,0.0,Finished,True,14.0,93.276,30.164843750000003,54.46171875,47.734375,False,2022,12,French Grand Prix,Le Castellet,France,2022-07-24,12.666666666666666,10.8,6.0,4.086563348340509,0.7777777777777778,1.8666666666666654,12.0,9.0,1.1999999999999993,-2.0,2.4039999999999964,,0.0,,0,12,0,0.046695296904393065
10,GAS,Pierre Gasly,AlphaTauri,14.0,12.0,0.0,Finished,True,16.0,93.439,30.164843750000003,54.46171875,47.734375,False,2022,12,French Grand Prix,Le Castellet,France,2022-07-24,15.0,12.2,5.0,4.43846820423443,0.8,2.8000000000000007,15.5,9.0,1.8000000000000007,-3.4,2.566999999999993,,0.0,,0,12,0,0.046695296904393065
23,ALB,Alexander Albon,Williams,13.0,13.0,0.0,Finished,True,15.0,93.307,30.164843750000003,54.46171875,47.734375,False,2022,12,French Grand Prix,Le Castellet,France,2022-07-24,15.0,15.0,12.0,3.741657386773942,0.7,0.0,15.333333333333334,11.5,-2.0,-0.4,2.4350000000000023,,0.0,,0,12,0,0.046695296904393065
77,BOT,Valtteri Bottas,Alfa Romeo,11.0,14.0,0.0,Finished,True,13.0,93.052,30.164843750000003,54.46171875,47.734375,False,2022,12,French Grand Prix,Le Castellet,France,2022-07-24,11.666666666666666,11.0,7.0,3.741657386773941,0.8,0.6666666666666661,12.666666666666666,7.5,0.0,-4.0,2.180000000000007,,0.0,,0,12,0,0.046695296904393065
47,MSC,Mick Schumacher,Haas F1 Team,17.0,15.0,0.0,Finished,True,19.0,93.701,30.164843750000003,54.46171875,47.734375,False,2022,12,French Grand Prix,Le Castellet,France,2022-07-24,11.0,13.2,6.0,6.058052492344384,0.7,-2.1999999999999993,11.333333333333334,7.0,3.8000000000000007,-1.2,2.8289999999999935,,0.0,,0,12,0,0.046695296904393065
24,ZHO,Guanyu Zhou,Alfa Romeo,16.0,16.0,0.0,+6 Laps,True,18.0,93.674,30.164843750000003,54.46171875,47.734375,False,2022,12,French Grand Prix,Le Castellet,France,2022-07-24,13.666666666666666,15.0,8.0,4.358898943540673,0.6,-1.333333333333334,12.666666666666666,7.5,1.0,4.0,2.8020000000000067,,0.0,,0,12,0,0.046695296904393065
6,LAT,Nicholas Latifi,Williams,18.0,17.0,0.0,Collision damage,False,20.0,93.794,30.164843750000003,54.46171875,47.734375,False,2022,12,French Grand Prix,Le Castellet,France,2022-07-24,15.666666666666666,15.4,12.0,2.509980079602227,0.8,0.2666666666666657,15.333333333333334,11.5,2.5999999999999996,0.4,2.921999999999997,,0.0,,0,12,0,0.046695296904393065
20,MAG,Kevin Magnussen,Haas F1 Team,20.0,18.0,0.0,Collision damage,False,10.0,92.649,30.164843750000003,54.46171875,47.734375,False,2022,12,French Grand Prix,Le Castellet,France,2022-07-24,11.666666666666666,14.4,8.0,5.128352561983234,0.7,-2.7333333333333343,11.333333333333334,7.0,5.6,1.2,1.777000000000001,,0.0,,0,12,0,0.046695296904393065
16,LEC,Charles Leclerc,Ferrari,1.0,19.0,0.0,Accident,False,1.0,90.872,30.164843750000003,54.46171875,47.734375,False,2022,12,French Grand Prix,Le Castellet,France,2022-07-24,3.3333333333333335,6.6,1.0,7.092249290598858,0.8,-3.266666666666666,5.166666666666667,1.5,-5.6,-2.0,0.0,,0.0,,0,12,0,0.046695296904393065
22,TSU,Yuki Tsunoda,AlphaTauri,8.0,20.0,0.0,Undertray,False,8.0,92.78,30.164843750000003,54.46171875,47.734375,False,2022,12,French Grand Prix,Le Castellet,France,2022-07-24,16.0,15.6,13.0,2.0736441353327715,0.8,0.40000000000000036,15.5,9.0,-7.6,3.4,1.9080000000000013,,0.0,,0,12,0,0.046695296904393065
1,VER,Max Verstappen,Red Bull Racing,10.0,1.0,25.0,Finished,True,10.0,78.823,18.559880239520957,26.720958083832333,69.31736526946108,True,2022,13,Hungarian Grand Prix,Budapest,Hungary,2022-07-31,3.3333333333333335,2.4,1.0,2.607680962081061,0.9,0.9333333333333336,6.0,1.5,7.6,-7.2,1.445999999999998,,0.0,,1,13,0,0.047320172501002615
44,HAM,Lewis Hamilton,Mercedes,7.0,2.0,19.0,Finished,True,7.0,78.142,18.559880239520957,26.720958083832333,69.31736526946108,True,2022,13,Hungarian Grand Prix,Budapest,Hungary,2022-07-31,2.6666666666666665,3.0,2.0,0.7071067811865452,1.0,-0.3333333333333335,5.5,2.5,4.0,-3.4,0.7650000000000006,,0.0,,1,13,0,0.047320172501002615
63,RUS,George Russell,Mercedes,1.0,3.0,15.0,Finished,True,1.0,77.377,18.559880239520957,26.720958083832333,69.31736526946108,True,2022,13,Hungarian Grand Prix,Budapest,Hungary,2022-07-31,8.333333333333334,6.4,3.0,6.50384501660364,0.9,1.9333333333333336,5.5,2.5,-5.4,3.4,0.0,,0.0,,1,13,0,0.047320172501002615
55,SAI,Carlos Sainz,Ferrari,2.0,4.0,12.0,Finished,True,2.0,77.421,18.559880239520957,26.720958083832333,69.31736526946108,True,2022,13,Hungarian Grand Prix,Budapest,Hungary,2022-07-31,8.0,9.2,1.0,9.093954035511727,0.6,-1.1999999999999993,8.0,1.5,-7.199999999999999,-0.4,0.04400000000001114,,0.0,,1,13,0,0.047320172501002615
11,PER,Sergio Perez,Red Bull Racing,11.0,5.0,10.0,Finished,True,11.0,78.516,18.559880239520957,26.720958083832333,69.31736526946108,True,2022,13,Hungarian Grand Prix,Budapest,Hungary,2022-07-31,8.666666666666666,9.6,2.0,9.528903399657276,0.8,-0.9333333333333336,6.0,1.5,1.4000000000000004,7.2,1.13900000000001,,0.0,,1,13,0,0.047320172501002615
16,LEC,Charles Leclerc,Ferrari,3.0,6.0,8.0,Finished,True,3.0,77.567,18.559880239520957,26.720958083832333,69.31736526946108,True,2022,13,Hungarian Grand Prix,Budapest,Hungary,2022-07-31,8.0,9.6,1.0,8.706319543871567,0.7,-1.5999999999999996,8.0,1.5,-6.6,0.4,0.18999999999999773,,0.0,,1,13,0,0.047320172501002615
4,NOR,Lando Norris,McLaren,4.0,7.0,6.0,Finished,True,4.0,77.769,18.559880239520957,26.720958083832333,69.31736526946108,True,2022,13,Hungarian Grand Prix,Budapest,Hungary,2022-07-31,6.666666666666667,8.8,6.0,3.633180424916991,0.9,-2.1333333333333337,8.5,5.5,-4.800000000000001,-1.2,0.3920000000000101,,0.0,,1,13,0,0.047320172501002615
14,ALO,Fernando Alonso,Alpine,6.0,8.0,4.0,+1 Lap,True,6.0,78.078,18.559880239520957,26.720958083832333,69.31736526946108,True,2022,13,Hungarian Grand Prix,Budapest,Hungary,2022-07-31,7.0,7.4,5.0,2.0736441353327724,0.9,-0.40000000000000036,8.166666666666666,7.0,-1.4000000000000004,-1.4,0.7010000000000076,,0.0,,1,13,0,0.047320172501002615
31,OCO,Esteban Ocon,Alpine,5.0,9.0,2.0,+1 Lap,True,5.0,78.018,18.559880239520957,26.720958083832333,69.31736526946108,True,2022,13,Hungarian Grand Prix,Budapest,Hungary,2022-07-31,9.333333333333334,8.8,5.0,3.96232255123179,0.9,0.5333333333333332,8.166666666666666,7.0,-3.8000000000000007,1.4,0.6410000000000053,,0.0,,1,13,0,0.047320172501002615
5,VET,Sebastian Vettel,Aston Martin,18.0,10.0,1.0,+1 Lap,True,18.0,79.273,18.559880239520957,26.720958083832333,69.31736526946108,True,2022,13,Hungarian Grand Prix,Budapest,Hungary,2022-07-31,12.333333333333334,11.0,6.0,4.0620192023179795,0.8,1.333333333333334,11.833333333333334,9.0,7.0,-1.0,1.8960000000000008,,0.0,,1,13,0,0.047320172501002615
18,STR,Lance Stroll,Aston Martin,14.0,11.0,0.0,+1 Lap,True,14.0,79.137,18.559880239520957,26.720958083832333,69.31736526946108,True,2022,13,Hungarian Grand Prix,Budapest,Hungary,2022-07-31,11.333333333333334,12.0,10.0,2.5495097567963922,0.9,-0.6666666666666661,11.833333333333334,9.0,2.0,1.0,1.7600000000000051,,0.0,,1,13,0,0.047320172501002615
10,GAS,Pierre Gasly,AlphaTauri,20.0,12.0,0.0,+1 Lap,True,19.0,79.527,18.559880239520957,26.720958083832333,69.31736526946108,True,2022,13,Hungarian Grand Prix,Budapest,Hungary,2022-07-31,14.333333333333334,12.4,5.0,4.39317652729776,0.8,1.9333333333333336,15.5,9.0,7.6,-3.8,2.1500000000000057,,0.0,,1,13,0,0.047320172501002615
24,ZHO,Guanyu Zhou,Alfa Romeo,12.0,13.0,0.0,+1 Lap,True,12.0,78.573,18.559880239520957,26.720958083832333,69.31736526946108,True,2022,13,Hungarian Grand Prix,Budapest,Hungary,2022-07-31,16.333333333333332,15.0,8.0,4.358898943540673,0.6,1.3333333333333321,15.166666666666666,7.5,-3.0,3.0,1.195999999999998,,0.0,,1,13,0,0.047320172501002615
47,MSC,Mick Schumacher,Haas F1 Team,15.0,14.0,0.0,+1 Lap,True,15.0,79.202,18.559880239520957,26.720958083832333,69.31736526946108,True,2022,13,Hungarian Grand Prix,Budapest,Hungary,2022-07-31,9.666666666666666,12.4,6.0,5.319774431308154,0.8,-2.7333333333333343,10.833333333333334,7.0,2.5999999999999996,-1.6,1.8250000000000028,,0.0,,1,13,0,0.047320172501002615
3,RIC,Daniel Ricciardo,McLaren,9.0,15.0,0.0,+1 Lap,True,9.0,78.379,18.559880239520957,26.720958083832333,69.31736526946108,True,2022,13,Hungarian Grand Prix,Budapest,Hungary,2022-07-31,10.333333333333334,10.0,8.0,2.0000000000000004,1.0,0.3333333333333339,8.5,5.5,-1.0,1.2,1.0020000000000095,,0.0,,1,13,0,0.047320172501002615
20,MAG,Kevin Magnussen,Haas F1 Team,13.0,16.0,0.0,+1 Lap,True,13.0,78.825,18.559880239520957,26.720958083832333,69.31736526946108,True,2022,13,Hungarian Grand Prix,Budapest,Hungary,2022-07-31,12.0,14.0,8.0,4.636809247747852,0.6,-2.0,10.833333333333334,7.0,-1.0,1.6,1.4480000000000075,,0.0,,1,13,0,0.047320172501002615
23,ALB,Alexander Albon,Williams,17.0,17.0,0.0,+1 Lap,True,17.0,79.256,18.559880239520957,26.720958083832333,69.31736526946108,True,2022,13,Hungarian Grand Prix,Budapest,Hungary,2022-07-31,15.0,14.0,12.0,3.391164991562635,0.8,1.0,15.5,11.5,3.0,-1.8,1.8790000000000049,,0.0,,1,13,0,0.047320172501002615
6,LAT,Nicholas Latifi,Williams,19.0,18.0,0.0,+1 Lap,True,20.0,79.57,18.559880239520957,26.720958083832333,69.31736526946108,True,2022,13,Hungarian Grand Prix,Budapest,Hungary,2022-07-31,16.0,15.8,12.0,2.5884358211089573,0.8,0.1999999999999993,15.5,11.5,3.1999999999999993,1.8,2.192999999999998,,0.0,,1,13,0,0.047320172501002615
22,TSU,Yuki Tsunoda,AlphaTauri,16.0,19.0,0.0,+2 Laps,True,16.0,79.24,18.559880239520957,26.720958083832333,69.31736526946108,True,2022,13,Hungarian Grand Prix,Budapest,Hungary,2022-07-31,16.666666666666668,16.2,13.0,2.8635642126552705,0.8,0.46666666666666856,15.5,9.0,-0.1999999999999993,3.8,1.8629999999999995,,0.0,,1,13,0,0.047320172501002615
77,BOT,Valtteri Bottas,Alfa Romeo,8.0,20.0,0.0,Power Unit,False,8.0,78.157,18.559880239520957,26.720958083832333,69.31736526946108,True,2022,13,Hungarian Grand Prix,Budapest,Hungary,2022-07-31,14.0,12.0,7.0,3.741657386773941,0.9,2.0,15.166666666666666,7.5,-4.0,-3.0,0.7800000000000011,,0.0,,1,13,0,0.047320172501002615
1,VER,Max Verstappen,Red Bull Racing,14.0,1.0,26.0,Finished,True,1.0,103.665,21.78717948717949,36.08397435897436,40.51923076923077,False,2022,14,Belgian Grand Prix,Spa-Francorchamps,Belgium,2022-08-28,1.3333333333333333,2.4,1.0,2.607680962081061,1.0,-1.0666666666666667,5.5,1.5,11.6,-7.8,0.0,,0.0,7.0,0,14,0,0.04990442214228998
11,PER,Sergio Perez,Red Bull Racing,2.0,2.0,18.0,Finished,True,3.0,104.462,21.78717948717949,36.08397435897436,40.51923076923077,False,2022,14,Belgian Grand Prix,Spa-Francorchamps,Belgium,2022-08-28,9.666666666666666,10.2,2.0,9.011104260855047,0.8,-0.5333333333333332,5.5,1.5,-8.2,7.8,0.796999999999997,,0.0,2.0,0,14,0,0.04990442214228998
55,SAI,Carlos Sainz,Ferrari,1.0,3.0,15.0,Finished,True,2.0,104.297,21.78717948717949,36.08397435897436,40.51923076923077,False,2022,14,Belgian Grand Prix,Spa-Francorchamps,Belgium,2022-08-28,9.0,6.0,1.0,6.8920243760451125,0.7,3.0,8.833333333333334,1.5,-5.0,-1.0,0.6319999999999908,,0.0,1.0,0,14,0,0.04990442214228998
63,RUS,George Russell,Mercedes,5.0,4.0,12.0,Finished,True,8.0,105.776,21.78717948717949,36.08397435897436,40.51923076923077,False,2022,14,Belgian Grand Prix,Spa-Francorchamps,Belgium,2022-08-28,3.3333333333333335,6.4,3.0,6.50384501660364,0.9,-3.066666666666667,2.8333333333333335,2.5,-1.4000000000000004,3.8,2.11099999999999,,0.0,18.0,0,14,0,0.04990442214228998
14,ALO,Fernando Alonso,Alpine,3.0,5.0,10.0,Finished,True,6.0,105.368,21.78717948717949,36.08397435897436,40.51923076923077,False,2022,14,Belgian Grand Prix,Spa-Francorchamps,Belgium,2022-08-28,8.0,7.6,5.0,2.0736441353327724,0.9,0.40000000000000036,7.666666666666667,7.0,-4.6,-1.0,1.7029999999999887,,0.0,5.0,0,14,0,0.04990442214228998
16,LEC,Charles Leclerc,Ferrari,15.0,6.0,8.0,Finished,True,4.0,104.553,21.78717948717949,36.08397435897436,40.51923076923077,False,2022,14,Belgian Grand Prix,Spa-Francorchamps,Belgium,2022-08-28,8.666666666666666,7.0,1.0,6.96419413859206,0.7,1.666666666666666,8.833333333333334,1.5,8.0,1.0,0.887999999999991,,0.0,4.0,0,14,0,0.04990442214228998
31,OCO,Esteban Ocon,Alpine,16.0,7.0,6.0,Finished,True,5.0,105.18,21.78717948717949,36.08397435897436,40.51923076923077,False,2022,14,Belgian Grand Prix,Spa-Francorchamps,Belgium,2022-08-28,7.333333333333333,8.6,5.0,3.9115214431215892,0.9,-1.2666666666666666,7.666666666666667,7.0,7.4,1.0,1.5150000000000006,,0.0,15.0,0,14,0,0.04990442214228998
5,VET,Sebastian Vettel,Aston Martin,10.0,8.0,4.0,Finished,True,16.0,106.344,21.78717948717949,36.08397435897436,40.51923076923077,False,2022,14,Belgian Grand Prix,Spa-Francorchamps,Belgium,2022-08-28,12.666666666666666,11.8,9.0,3.114482300479487,0.9,0.8666666666666654,12.0,9.0,-1.8000000000000007,0.8,2.678999999999988,,0.0,9.0,0,14,0,0.04990442214228998
10,GAS,Pierre Gasly,AlphaTauri,20.0,9.0,2.0,Finished,True,12.0,105.827,21.78717948717949,36.08397435897436,40.51923076923077,False,2022,14,Belgian Grand Prix,Spa-Francorchamps,Belgium,2022-08-28,13.0,13.8,12.0,1.7888543819998317,0.8,-0.8000000000000007,15.666666666666666,9.0,6.199999999999999,-3.6,2.161999999999992,,0.0,16.0,0,14,0,0.04990442214228998
23,ALB,Alexander Albon,Williams,6.0,10.0,1.0,Finished,True,9.0,105.837,21.78717948717949,36.08397435897436,40.51923076923077,False,2022,14,Belgian Grand Prix,Spa-Francorchamps,Belgium,2022-08-28,14.0,15.0,12.0,3.391164991562635,0.8,-1.0,16.0,11.5,-9.0,-1.4,2.171999999999997,,0.0,20.0,0,14,0,0.04990442214228998
18,STR,Lance Stroll,Aston Martin,9.0,11.0,0.0,Finished,True,14.0,106.611,21.78717948717949,36.08397435897436,40.51923076923077,False,2022,14,Belgian Grand Prix,Spa-Francorchamps,Belgium,2022-08-28,11.333333333333334,11.0,10.0,1.224744871391589,0.9,0.3333333333333339,12.0,9.0,-2.0,-0.8,2.945999999999998,,0.0,11.0,0,14,0,0.04990442214228998
4,NOR,Lando Norris,McLaren,17.0,12.0,0.0,Finished,True,10.0,106.178,21.78717948717949,36.08397435897436,40.51923076923077,False,2022,14,Belgian Grand Prix,Spa-Francorchamps,Belgium,2022-08-28,7.0,8.4,6.0,3.714835124201343,0.9,-1.4000000000000004,9.0,5.5,8.6,-3.0,2.512999999999991,,0.0,6.0,0,14,0,0.04990442214228998
22,TSU,Yuki Tsunoda,AlphaTauri,20.0,13.0,0.0,Finished,True,19.0,106.692,21.78717948717949,36.08397435897436,40.51923076923077,False,2022,14,Belgian Grand Prix,Spa-Francorchamps,Belgium,2022-08-28,18.333333333333332,17.4,14.0,2.4083189157584592,0.8,0.9333333333333336,15.666666666666666,9.0,2.6000000000000014,3.6,3.026999999999987,,0.0,14.0,0,14,0,0.04990442214228998
24,ZHO,Guanyu Zhou,Alfa Romeo,18.0,14.0,0.0,Finished,True,13.0,106.085,21.78717948717949,36.08397435897436,40.51923076923077,False,2022,14,Belgian Grand Prix,Spa-Francorchamps,Belgium,2022-08-28,14.333333333333334,14.0,8.0,4.0620192023179795,0.6,0.3333333333333339,14.666666666666666,7.5,4.0,0.2,2.4199999999999875,,0.0,19.0,0,14,0,0.04990442214228998
3,RIC,Daniel Ricciardo,McLaren,7.0,15.0,0.0,Finished,True,11.0,105.767,21.78717948717949,36.08397435897436,40.51923076923077,False,2022,14,Belgian Grand Prix,Spa-Francorchamps,Belgium,2022-08-28,11.0,11.4,9.0,2.60768096208106,1.0,-0.40000000000000036,9.0,5.5,-4.4,3.0,2.1019999999999897,,0.0,13.0,0,14,0,0.04990442214228998
20,MAG,Kevin Magnussen,Haas F1 Team,12.0,16.0,0.0,+1 Lap,True,18.0,106.557,21.78717948717949,36.08397435897436,40.51923076923077,False,2022,14,Belgian Grand Prix,Spa-Francorchamps,Belgium,2022-08-28,14.0,13.8,8.0,4.494441010848846,0.6,0.1999999999999993,12.833333333333334,7.0,-1.8000000000000007,1.4,2.891999999999996,,0.0,10.0,0,14,0,0.04990442214228998
47,MSC,Mick Schumacher,Haas F1 Team,19.0,17.0,0.0,+1 Lap,True,15.0,107.718,21.78717948717949,36.08397435897436,40.51923076923077,False,2022,14,Belgian Grand Prix,Spa-Francorchamps,Belgium,2022-08-28,11.666666666666666,12.4,6.0,5.319774431308154,0.8,-0.7333333333333343,12.833333333333334,7.0,6.6,-1.4,4.052999999999997,,0.0,8.0,0,14,0,0.04990442214228998
6,LAT,Nicholas Latifi,Williams,11.0,18.0,0.0,+1 Lap,True,17.0,106.401,21.78717948717949,36.08397435897436,40.51923076923077,False,2022,14,Belgian Grand Prix,Spa-Francorchamps,Belgium,2022-08-28,18.0,16.4,12.0,2.7018512172212596,0.8,1.6000000000000014,16.0,11.5,-5.399999999999999,1.4,2.73599999999999,,0.0,12.0,0,14,0,0.04990442214228998
77,BOT,Valtteri Bottas,Alfa Romeo,13.0,19.0,0.0,Accident,False,20.0,107.866,21.78717948717949,36.08397435897436,40.51923076923077,False,2022,14,Belgian Grand Prix,Spa-Francorchamps,Belgium,2022-08-28,15.0,13.8,7.0,5.06951674225463,0.8,1.1999999999999993,14.666666666666666,7.5,-0.8000000000000007,-0.2,4.200999999999993,,0.0,17.0,0,14,0,0.04990442214228998
44,HAM,Lewis Hamilton,Mercedes,4.0,20.0,0.0,Collision damage,False,7.0,105.503,21.78717948717949,36.08397435897436,40.51923076923077,False,2022,14,Belgian Grand Prix,Spa-Francorchamps,Belgium,2022-08-28,2.3333333333333335,2.6,2.0,0.5477225575051632,1.0,-0.2666666666666666,2.8333333333333335,2.5,1.4,-3.8,1.8379999999999939,,0.0,3.0,0,14,0,0.04990442214228998
1,VER,Max Verstappen,Red Bull Racing,1.0,1.0,26.0,Finished,True,1.0,70.342,22.73006134969325,33.44601226993865,75.38036809815951,False,2022,15,Dutch Grand Prix,Zandvoort,Netherlands,2022-09-04,1.0,2.4,1.0,2.607680962081061,1.0,-1.4,2.3333333333333335,1.5,-1.4,-4.2,0.0,,0.0,1.0,0,15,0,0.05057224219327857
63,RUS,George Russell,Mercedes,6.0,2.0,18.0,Finished,True,6.0,71.147,22.73006134969325,33.44601226993865,75.38036809815951,False,2022,15,Dutch Grand Prix,Zandvoort,Netherlands,2022-09-04,3.3333333333333335,6.4,3.0,6.50384501660364,0.9,-3.066666666666667,5.666666666666667,2.5,-0.40000000000000036,0.4,0.8050000000000068,,0.0,3.0,0,15,0,0.05057224219327857
16,LEC,Charles Leclerc,Ferrari,2.0,3.0,15.0,Finished,True,2.0,70.363,22.73006134969325,33.44601226993865,75.38036809815951,False,2022,15,Dutch Grand Prix,Zandvoort,Netherlands,2022-09-04,10.333333333333334,7.2,1.0,6.906518659932803,0.7,3.1333333333333337,7.166666666666667,1.5,-5.2,1.0,0.021000000000000796,,0.0,20.0,0,15,0,0.05057224219327857
44,HAM,Lewis Hamilton,Mercedes,4.0,4.0,12.0,Finished,True,4.0,70.648,22.73006134969325,33.44601226993865,75.38036809815951,False,2022,15,Dutch Grand Prix,Zandvoort,Netherlands,2022-09-04,8.0,6.0,2.0,7.842193570679061,0.9,2.0,5.666666666666667,2.5,-2.0,-0.4,0.3059999999999974,,0.0,5.0,0,15,0,0.05057224219327857
11,PER,Sergio Perez,Red Bull Racing,5.0,5.0,10.0,Finished,True,5.0,71.077,22.73006134969325,33.44601226993865,75.38036809815951,False,2022,15,Dutch Grand Prix,Zandvoort,Netherlands,2022-09-04,3.6666666666666665,6.6,2.0,7.602631123499285,0.8,-2.933333333333333,2.3333333333333335,1.5,-1.5999999999999996,4.2,0.7349999999999994,,0.0,2.0,0,15,0,0.05057224219327857
14,ALO,Fernando Alonso,Alpine,13.0,6.0,8.0,Finished,True,13.0,71.613,22.73006134969325,33.44601226993865,75.38036809815951,False,2022,15,Dutch Grand Prix,Zandvoort,Netherlands,2022-09-04,6.333333333333333,6.8,5.0,2.16794833886788,1.0,-0.4666666666666668,7.166666666666667,6.0,6.2,-2.0,1.2710000000000008,,0.0,9.0,0,15,0,0.05057224219327857
4,NOR,Lando Norris,McLaren,7.0,7.0,6.0,Finished,True,7.0,71.174,22.73006134969325,33.44601226993865,75.38036809815951,False,2022,15,Dutch Grand Prix,Zandvoort,Netherlands,2022-09-04,8.666666666666666,7.8,6.0,2.387467277262666,0.9,0.8666666666666663,10.833333333333334,5.5,-0.7999999999999998,-4.4,0.8320000000000078,,0.0,8.0,0,15,0,0.05057224219327857
55,SAI,Carlos Sainz,Ferrari,3.0,8.0,4.0,Finished,True,3.0,70.434,22.73006134969325,33.44601226993865,75.38036809815951,False,2022,15,Dutch Grand Prix,Zandvoort,Netherlands,2022-09-04,4.0,6.2,1.0,6.76017751246223,0.8,-2.2,7.166666666666667,1.5,-3.2,-1.0,0.09199999999999875,,0.0,4.0,0,15,0,0.05057224219327857
31,OCO,Esteban Ocon,Alpine,12.0,9.0,2.0,Finished,True,12.0,71.605,22.73006134969325,33.44601226993865,75.38036809815951,False,2022,15,Dutch Grand Prix,Zandvoort,Netherlands,2022-09-04,8.0,8.8,5.0,3.768288736283355,0.9,-0.8000000000000007,7.166666666666667,6.0,3.1999999999999993,2.0,1.2630000000000052,,0.0,7.0,0,15,0,0.05057224219327857
18,STR,Lance Stroll,Aston Martin,10.0,10.0,1.0,Finished,True,10.0,71.416,22.73006134969325,33.44601226993865,75.38036809815951,False,2022,15,Dutch Grand Prix,Zandvoort,Netherlands,2022-09-04,10.666666666666666,11.2,10.0,1.0954451150103321,0.9,-0.5333333333333332,10.166666666666666,9.0,-1.1999999999999993,0.2,1.073999999999998,,0.0,15.0,0,15,0,0.05057224219327857
10,GAS,Pierre Gasly,AlphaTauri,11.0,11.0,0.0,Finished,True,11.0,71.512,22.73006134969325,33.44601226993865,75.38036809815951,False,2022,15,Dutch Grand Prix,Zandvoort,Netherlands,2022-09-04,11.0,12.8,9.0,2.7748873851023217,0.8,-1.8000000000000007,14.166666666666666,9.0,-1.8000000000000007,-3.6,1.1700000000000017,,0.0,13.0,0,15,0,0.05057224219327857
23,ALB,Alexander Albon,Williams,15.0,12.0,0.0,Finished,True,15.0,71.802,22.73006134969325,33.44601226993865,75.38036809815951,False,2022,15,Dutch Grand Prix,Zandvoort,Netherlands,2022-09-04,13.333333333333334,14.4,10.0,4.037325847637271,0.8,-1.0666666666666664,15.5,11.5,0.5999999999999996,-2.4,1.460000000000008,,0.0,18.0,0,15,0,0.05057224219327857
47,MSC,Mick Schumacher,Haas F1 Team,8.0,13.0,0.0,Finished,True,8.0,71.442,22.73006134969325,33.44601226993865,75.38036809815951,False,2022,15,Dutch Grand Prix,Zandvoort,Netherlands,2022-09-04,15.333333333333334,12.0,6.0,4.743416490252569,0.8,3.333333333333334,16.0,7.0,-4.0,-1.6,1.0999999999999943,,0.0,14.0,0,15,0,0.05057224219327857
5,VET,Sebastian Vettel,Aston Martin,19.0,14.0,0.0,Finished,True,19.0,72.391,22.73006134969325,33.44601226993865,75.38036809815951,False,2022,15,Dutch Grand Prix,Zandvoort,Netherlands,2022-09-04,9.666666666666666,11.0,8.0,3.5355339059327373,0.9,-1.333333333333334,10.166666666666666,9.0,8.0,-0.2,2.0490000000000066,,0.0,11.0,0,15,0,0.05057224219327857
20,MAG,Kevin Magnussen,Haas F1 Team,18.0,15.0,0.0,Finished,True,18.0,72.319,22.73006134969325,33.44601226993865,75.38036809815951,False,2022,15,Dutch Grand Prix,Zandvoort,Netherlands,2022-09-04,16.666666666666668,13.6,8.0,4.33589667773576,0.6,3.066666666666668,16.0,7.0,4.4,1.6,1.9770000000000039,,0.0,17.0,0,15,0,0.05057224219327857
24,ZHO,Guanyu Zhou,Alfa Romeo,14.0,16.0,0.0,Finished,True,14.0,71.704,22.73006134969325,33.44601226993865,75.38036809815951,False,2022,15,Dutch Grand Prix,Zandvoort,Netherlands,2022-09-04,14.333333333333334,15.2,13.0,2.3874672772626635,0.6,-0.8666666666666654,16.0,7.5,-1.1999999999999993,-1.0,1.3619999999999948,,0.0,19.0,0,15,0,0.05057224219327857
3,RIC,Daniel Ricciardo,McLaren,17.0,17.0,0.0,Finished,True,17.0,72.081,22.73006134969325,33.44601226993865,75.38036809815951,False,2022,15,Dutch Grand Prix,Zandvoort,Netherlands,2022-09-04,13.0,12.2,9.0,3.033150177620621,1.0,0.8000000000000007,10.833333333333334,5.5,4.800000000000001,4.4,1.7390000000000043,,0.0,12.0,0,15,0,0.05057224219327857
6,LAT,Nicholas Latifi,Williams,20.0,18.0,0.0,+1 Lap,True,20.0,73.353,22.73006134969325,33.44601226993865,75.38036809815951,False,2022,15,Dutch Grand Prix,Zandvoort,Netherlands,2022-09-04,17.666666666666668,16.8,12.0,2.7748873851023217,0.8,0.8666666666666671,15.5,11.5,3.1999999999999993,2.4,3.0109999999999957,,0.0,16.0,0,15,0,0.05057224219327857
77,BOT,Valtteri Bottas,Alfa Romeo,16.0,19.0,0.0,Engine,False,16.0,71.961,22.73006134969325,33.44601226993865,75.38036809815951,False,2022,15,Dutch Grand Prix,Zandvoort,Netherlands,2022-09-04,17.666666666666668,16.2,11.0,3.701351104664349,0.7,1.4666666666666686,16.0,7.5,-0.1999999999999993,1.0,1.6189999999999998,,0.0,6.0,0,15,0,0.05057224219327857
22,TSU,Yuki Tsunoda,AlphaTauri,9.0,20.0,0.0,Differential,False,9.0,72.556,22.73006134969325,33.44601226993865,75.38036809815951,False,2022,15,Dutch Grand Prix,Zandvoort,Netherlands,2022-09-04,17.333333333333332,16.4,13.0,3.049590136395381,0.8,0.9333333333333336,14.166666666666666,9.0,-7.399999999999999,3.6,2.2139999999999986,,0.0,10.0,0,15,0,0.05057224219327857
1,VER,Max Verstappen,Red Bull Racing,7.0,1.0,25.0,Finished,True,2.0,80.306,27.73469387755102,43.13877551020408,33.14965986394558,False,2022,16,Italian Grand Prix,Monza,Italy,2022-09-11,1.0,1.2,1.0,0.44721359549996526,1.0,-0.19999999999999996,2.5,1.5,5.8,-6.0,0.14499999999999602,,0.0,1.0,0,16,0,0.05124899899979614
16,LEC,Charles Leclerc,Ferrari,1.0,2.0,18.0,Finished,True,1.0,80.161,27.73469387755102,43.13877551020408,33.14965986394558,False,2022,16,Italian Grand Prix,Monza,Italy,2022-09-11,5.0,7.0,1.0,7.035623639735144,0.7,-2.0,5.0,1.5,-6.0,-0.6,0.0,,0.0,12.5,0,16,0,0.05124899899979614
63,RUS,George Russell,Mercedes,2.0,3.0,15.0,Finished,True,6.0,81.542,27.73469387755102,43.13877551020408,33.14965986394558,False,2022,16,Italian Grand Prix,Monza,Italy,2022-09-11,3.0,3.2,2.0,0.836660026534079,0.9,-0.20000000000000018,5.833333333333333,2.5,-1.2000000000000002,-3.0,1.3810000000000002,,0.0,3.5,0,16,0,0.05124899899979614
55,SAI,Carlos Sainz,Ferrari,18.0,4.0,12.0,Finished,True,3.0,80.429,27.73469387755102,43.13877551020408,33.14965986394558,False,2022,16,Italian Grand Prix,Monza,Italy,2022-09-11,5.0,7.6,3.0,6.1073725938409895,0.8,-2.5999999999999996,5.0,1.5,10.4,0.6,0.2680000000000007,,0.0,11.5,0,16,0,0.05124899899979614
44,HAM,Lewis Hamilton,Mercedes,19.0,5.0,10.0,Finished,True,5.0,81.524,27.73469387755102,43.13877551020408,33.14965986394558,False,2022,16,Italian Grand Prix,Monza,Italy,2022-09-11,8.666666666666666,6.2,2.0,7.758865896508329,0.9,2.466666666666666,5.833333333333333,2.5,12.8,3.0,1.3629999999999995,,0.0,12.0,0,16,0,0.05124899899979614
11,PER,Sergio Perez,Red Bull Racing,13.0,6.0,9.0,Finished,True,4.0,81.206,27.73469387755102,43.13877551020408,33.14965986394558,False,2022,16,Italian Grand Prix,Monza,Italy,2022-09-11,4.0,7.2,2.0,7.259476565152615,0.8,-3.2,2.5,1.5,5.8,6.0,1.0450000000000017,,0.0,2.0,0,16,0,0.05124899899979614
4,NOR,Lando Norris,McLaren,3.0,7.0,6.0,Finished,True,7.0,81.584,27.73469387755102,43.13877551020408,33.14965986394558,False,2022,16,Italian Grand Prix,Monza,Italy,2022-09-11,8.666666666666666,8.0,7.0,2.2360679774997916,1.0,0.6666666666666661,12.166666666666666,5.5,-5.0,-5.0,1.4230000000000018,,0.0,10.5,0,16,0,0.05124899899979614
10,GAS,Pierre Gasly,AlphaTauri,5.0,8.0,4.0,Finished,True,9.0,82.648,27.73469387755102,43.13877551020408,33.14965986394558,False,2022,16,Italian Grand Prix,Monza,Italy,2022-09-11,10.666666666666666,11.8,9.0,2.1679483388678804,0.9,-1.1333333333333346,14.0,9.0,-6.800000000000001,-5.8,2.4869999999999948,,0.0,7.0,0,16,0,0.05124899899979614
45,DEV,Nyck De Vries,Williams,8.0,9.0,2.0,Finished,True,13.0,82.471,27.73469387755102,43.13877551020408,33.14965986394558,False,2022,16,Italian Grand Prix,Monza,Italy,2022-09-11,,,,,,,15.5,11.5,,,2.3100000000000023,,0.0,,0,16,0,0.05124899899979614
24,ZHO,Guanyu Zhou,Alfa Romeo,9.0,10.0,1.0,Finished,True,14.0,82.577,27.73469387755102,43.13877551020408,33.14965986394558,False,2022,16,Italian Grand Prix,Monza,Italy,2022-09-11,14.333333333333334,14.6,13.0,1.3416407864998718,0.7,-0.2666666666666657,16.833333333333332,7.5,-5.6,-2.0,2.415999999999997,,0.0,16.0,0,16,0,0.05124899899979614
31,OCO,Esteban Ocon,Alpine,14.0,11.0,0.0,Finished,True,11.0,82.13,27.73469387755102,43.13877551020408,33.14965986394558,False,2022,16,Italian Grand Prix,Monza,Italy,2022-09-11,8.333333333333334,7.6,5.0,1.6733200530681527,0.9,0.7333333333333343,7.333333333333333,6.0,6.4,0.6,1.968999999999994,,0.0,8.5,0,16,0,0.05124899899979614
47,MSC,Mick Schumacher,Haas F1 Team,17.0,12.0,0.0,Finished,True,20.0,83.005,27.73469387755102,43.13877551020408,33.14965986394558,False,2022,16,Italian Grand Prix,Monza,Italy,2022-09-11,14.666666666666666,13.0,6.0,4.183300132670378,0.8,1.666666666666666,15.166666666666666,7.0,4.0,-1.6,2.843999999999994,,0.0,15.5,0,16,0,0.05124899899979614
77,BOT,Valtteri Bottas,Alfa Romeo,15.0,13.0,0.0,+1 Lap,True,12.0,82.235,27.73469387755102,43.13877551020408,33.14965986394558,False,2022,16,Italian Grand Prix,Monza,Italy,2022-09-11,19.333333333333332,16.6,11.0,3.911521443121589,0.6,2.7333333333333307,16.833333333333332,7.5,-1.6000000000000014,2.0,2.073999999999998,,0.0,15.0,0,16,0,0.05124899899979614
22,TSU,Yuki Tsunoda,AlphaTauri,20.0,14.0,0.0,+1 Lap,True,15.0,82.02,27.73469387755102,43.13877551020408,33.14965986394558,False,2022,16,Italian Grand Prix,Monza,Italy,2022-09-11,17.333333333333332,17.6,13.0,3.049590136395381,0.7,-0.26666666666666927,14.0,9.0,2.3999999999999986,5.8,1.8589999999999947,,0.0,13.0,0,16,0,0.05124899899979614
6,LAT,Nicholas Latifi,Williams,10.0,15.0,0.0,+1 Lap,True,16.0,82.587,27.73469387755102,43.13877551020408,33.14965986394558,False,2022,16,Italian Grand Prix,Monza,Italy,2022-09-11,18.0,18.0,17.0,0.7071067811865476,0.8,0.0,15.5,11.5,-8.0,5.2,2.426000000000002,,0.0,16.5,0,16,0,0.05124899899979614
20,MAG,Kevin Magnussen,Haas F1 Team,16.0,16.0,0.0,+1 Lap,True,19.0,82.908,27.73469387755102,43.13877551020408,33.14965986394558,False,2022,16,Italian Grand Prix,Monza,Italy,2022-09-11,15.666666666666666,14.6,8.0,3.847076812334269,0.7,1.0666666666666664,15.166666666666666,7.0,1.4000000000000004,1.6,2.747,,0.0,16.5,0,16,0,0.05124899899979614
3,RIC,Daniel Ricciardo,McLaren,4.0,17.0,0.0,Oil leak,False,8.0,81.925,27.73469387755102,43.13877551020408,33.14965986394558,False,2022,16,Italian Grand Prix,Monza,Italy,2022-09-11,15.666666666666666,13.0,9.0,3.7416573867739418,1.0,2.666666666666666,12.166666666666666,5.5,-9.0,5.0,1.7639999999999958,,0.0,11.5,0,16,0,0.05124899899979614
18,STR,Lance Stroll,Aston Martin,12.0,18.0,0.0,Engine,False,18.0,82.748,27.73469387755102,43.13877551020408,33.14965986394558,False,2022,16,Italian Grand Prix,Monza,Italy,2022-09-11,10.666666666666666,11.0,10.0,1.224744871391589,0.9,-0.3333333333333339,10.666666666666666,9.0,1.0,-1.0,2.5870000000000033,,0.0,13.5,0,16,0,0.05124899899979614
14,ALO,Fernando Alonso,Alpine,6.0,19.0,0.0,Water pressure,False,10.0,81.861,27.73469387755102,43.13877551020408,33.14965986394558,False,2022,16,Italian Grand Prix,Monza,Italy,2022-09-11,6.333333333333333,7.0,5.0,2.0,1.0,-0.666666666666667,7.333333333333333,6.0,-1.0,-0.6,1.7000000000000028,,0.0,6.0,0,16,0,0.05124899899979614
5,VET,Sebastian Vettel,Aston Martin,11.0,20.0,0.0,Engine,False,17.0,82.636,27.73469387755102,43.13877551020408,33.14965986394558,False,2022,16,Italian Grand Prix,Monza,Italy,2022-09-11,10.666666666666666,12.0,8.0,3.5355339059327373,1.0,-1.333333333333334,10.666666666666666,9.0,-1.0,1.0,2.4749999999999943,,0.0,7.0,0,16,0,0.05124899899979614
11,PER,Sergio Perez,Red Bull Racing,2.0,1.0,25.0,Finished,True,2.0,109.434,26.23254901960784,28.973333333333333,87.44705882352942,True,2022,17,Singapore Grand Prix,Marina Bay,Singapore,2022-10-02,4.333333333333333,4.4,2.0,1.51657508881031,0.8,-0.06666666666666732,2.6666666666666665,1.5,-2.4000000000000004,3.4,0.02199999999999136,,0.0,,1,17,0,0.05333409389076148
16,LEC,Charles Leclerc,Ferrari,1.0,2.0,18.0,Finished,True,1.0,109.412,26.23254901960784,28.973333333333333,87.44705882352942,True,2022,17,Singapore Grand Prix,Marina Bay,Singapore,2022-10-02,3.6666666666666665,7.2,2.0,6.833739825307955,0.8,-3.5333333333333337,4.333333333333333,1.5,-6.2,2.4,0.0,,0.0,,1,17,0,0.05333409389076148
55,SAI,Carlos Sainz,Ferrari,4.0,3.0,15.0,Finished,True,4.0,109.583,26.23254901960784,28.973333333333333,87.44705882352942,True,2022,17,Singapore Grand Prix,Marina Bay,Singapore,2022-10-02,5.0,4.8,3.0,1.923538406167142,0.8,0.20000000000000018,4.333333333333333,1.5,-0.7999999999999998,-2.4,0.17099999999999227,,0.0,,1,17,0,0.05333409389076148
4,NOR,Lando Norris,McLaren,6.0,4.0,12.0,Finished,True,6.0,110.584,26.23254901960784,28.973333333333333,87.44705882352942,True,2022,17,Singapore Grand Prix,Marina Bay,Singapore,2022-10-02,8.666666666666666,8.0,7.0,2.2360679774997916,1.0,0.6666666666666661,12.5,5.5,-2.0,-6.6,1.171999999999997,,0.0,,1,17,0,0.05333409389076148
3,RIC,Daniel Ricciardo,McLaren,16.0,5.0,10.0,Finished,True,17.0,116.226,26.23254901960784,28.973333333333333,87.44705882352942,True,2022,17,Singapore Grand Prix,Marina Bay,Singapore,2022-10-02,16.333333333333332,14.6,9.0,3.2863353450309973,0.9,1.7333333333333325,12.5,5.5,1.4000000000000004,6.6,6.813999999999993,,0.0,,1,17,0,0.05333409389076148
18,STR,Lance Stroll,Aston Martin,11.0,6.0,8.0,Finished,True,12.0,114.211,26.23254901960784,28.973333333333333,87.44705882352942,True,2022,17,Singapore Grand Prix,Marina Bay,Singapore,2022-10-02,13.0,12.0,10.0,3.391164991562634,0.8,1.0,13.5,9.0,-1.0,-0.6,4.798999999999992,,0.0,,1,17,0,0.05333409389076148
1,VER,Max Verstappen,Red Bull Racing,8.0,7.0,6.0,Finished,True,8.0,111.395,26.23254901960784,28.973333333333333,87.44705882352942,True,2022,17,Singapore Grand Prix,Marina Bay,Singapore,2022-10-02,1.0,1.0,1.0,0.0,1.0,0.0,2.6666666666666665,1.5,7.0,-3.4,1.9829999999999899,,0.0,,1,17,0,0.05333409389076148
5,VET,Sebastian Vettel,Aston Martin,13.0,8.0,4.0,Finished,True,14.0,114.38,26.23254901960784,28.973333333333333,87.44705882352942,True,2022,17,Singapore Grand Prix,Marina Bay,Singapore,2022-10-02,14.0,12.6,8.0,4.669047011971501,0.9,1.4000000000000004,13.5,9.0,0.40000000000000036,0.6,4.967999999999989,,0.0,,1,17,0,0.05333409389076148
44,HAM,Lewis Hamilton,Mercedes,3.0,9.0,2.0,Finished,True,3.0,109.466,26.23254901960784,28.973333333333333,87.44705882352942,True,2022,17,Singapore Grand Prix,Marina Bay,Singapore,2022-10-02,9.666666666666666,6.6,2.0,7.602631123499285,0.9,3.0666666666666664,6.333333333333333,2.5,-3.5999999999999996,3.6,0.053999999999987836,,0.0,,1,17,0,0.05333409389076148
10,GAS,Pierre Gasly,AlphaTauri,7.0,10.0,1.0,Finished,True,7.0,111.211,26.23254901960784,28.973333333333333,87.44705882352942,True,2022,17,Singapore Grand Prix,Marina Bay,Singapore,2022-10-02,9.333333333333334,10.4,8.0,1.8165902124584958,0.9,-1.0666666666666664,12.5,9.0,-3.4000000000000004,-6.8,1.7989999999999924,,0.0,,1,17,0,0.05333409389076148
77,BOT,Valtteri Bottas,Alfa Romeo,15.0,11.0,0.0,Finished,True,16.0,116.083,26.23254901960784,28.973333333333333,87.44705882352942,True,2022,17,Singapore Grand Prix,Marina Bay,Singapore,2022-10-02,17.0,17.0,13.0,3.240370349203929,0.6,0.0,15.166666666666666,7.5,-2.0,3.2,6.670999999999992,,0.0,,1,17,0,0.05333409389076148
20,MAG,Kevin Magnussen,Haas F1 Team,9.0,12.0,0.0,Finished,True,9.0,111.573,26.23254901960784,28.973333333333333,87.44705882352942,True,2022,17,Singapore Grand Prix,Marina Bay,Singapore,2022-10-02,15.666666666666666,16.2,15.0,1.0954451150103337,0.7,-0.5333333333333332,14.833333333333334,7.0,-7.199999999999999,2.0,2.160999999999987,,0.0,,1,17,0,0.05333409389076148
47,MSC,Mick Schumacher,Haas F1 Team,12.0,13.0,0.0,+1 Lap,True,13.0,114.37,26.23254901960784,28.973333333333333,87.44705882352942,True,2022,17,Singapore Grand Prix,Marina Bay,Singapore,2022-10-02,14.0,14.2,12.0,1.9235384061671343,0.8,-0.1999999999999993,14.833333333333334,7.0,-2.1999999999999993,-2.0,4.957999999999998,,0.0,,1,17,0,0.05333409389076148
63,RUS,George Russell,Mercedes,20.0,14.0,0.0,+2 Laps,True,11.0,114.012,26.23254901960784,28.973333333333333,87.44705882352942,True,2022,17,Singapore Grand Prix,Marina Bay,Singapore,2022-10-02,3.0,3.0,2.0,0.7071067811865516,0.9,0.0,6.333333333333333,2.5,17.0,-3.6,4.599999999999994,,0.0,,1,17,0,0.05333409389076148
22,TSU,Yuki Tsunoda,AlphaTauri,10.0,15.0,0.0,Accident,False,10.0,111.983,26.23254901960784,28.973333333333333,87.44705882352942,True,2022,17,Singapore Grand Prix,Marina Bay,Singapore,2022-10-02,15.666666666666666,17.2,13.0,3.4205262752974135,0.7,-1.5333333333333332,12.5,9.0,-7.199999999999999,6.8,2.570999999999998,,0.0,,1,17,0,0.05333409389076148
31,OCO,Esteban Ocon,Alpine,17.0,16.0,0.0,Engine,False,18.0,116.337,26.23254901960784,28.973333333333333,87.44705882352942,True,2022,17,Singapore Grand Prix,Marina Bay,Singapore,2022-10-02,9.0,8.8,7.0,1.483239697419134,0.9,0.1999999999999993,9.5,6.0,8.2,0.0,6.924999999999997,,0.0,,1,17,0,0.05333409389076148
23,ALB,Alexander Albon,Williams,18.0,17.0,0.0,Collision damage,False,19.0,116.985,26.23254901960784,28.973333333333333,87.44705882352942,True,2022,17,Singapore Grand Prix,Marina Bay,Singapore,2022-10-02,13.0,12.8,10.0,2.5884358211089578,0.8,0.1999999999999993,13.666666666666666,11.5,5.199999999999999,-5.2,7.572999999999993,,0.0,,1,17,0,0.05333409389076148
14,ALO,Fernando Alonso,Alpine,5.0,18.0,0.0,Engine,False,5.0,109.966,26.23254901960784,28.973333333333333,87.44705882352942,True,2022,17,Singapore Grand Prix,Marina Bay,Singapore,2022-10-02,10.0,8.8,5.0,5.805170109479997,0.9,1.1999999999999993,9.5,6.0,-3.8000000000000007,0.0,0.5539999999999878,,0.0,,1,17,0,0.05333409389076148
6,LAT,Nicholas Latifi,Williams,19.0,19.0,0.0,Collision damage,False,20.0,117.532,26.23254901960784,28.973333333333333,87.44705882352942,True,2022,17,Singapore Grand Prix,Marina Bay,Singapore,2022-10-02,17.0,17.2,15.0,1.3038404810405295,0.8,-0.1999999999999993,13.666666666666666,11.5,1.8000000000000007,5.0,8.11999999999999,,0.0,,1,17,0,0.05333409389076148
24,ZHO,Guanyu Zhou,Alfa Romeo,14.0,20.0,0.0,Collision,False,15.0,115.518,26.23254901960784,28.973333333333333,87.44705882352942,True,2022,17,Singapore Grand Prix,Marina Bay,Singapore,2022-10-02,13.333333333333334,13.8,10.0,2.4899799195977455,0.8,-0.4666666666666668,15.166666666666666,7.5,0.1999999999999993,-3.2,6.1059999999999945,,0.0,,1,17,0,0.05333409389076148
1,VER,Max Verstappen,Red Bull Racing,1.0,1.0,25.0,Finished,True,1.0,89.304,16.717647058823534,19.930588235294113,86.21176470588236,True,2022,18,Japanese Grand Prix,Suzuka,Japan,2022-10-09,3.0,2.2,1.0,2.683281572999749,1.0,0.7999999999999998,3.5,1.5,-1.2000000000000002,-1.6,0.0,,0.0,3.0,1,18,0,0.05404780974544072
11,PER,Sergio Perez,Red Bull Racing,4.0,2.0,18.0,Finished,True,4.0,89.709,16.717647058823534,19.930588235294113,86.21176470588236,True,2022,18,Japanese Grand Prix,Suzuka,Japan,2022-10-09,4.0,3.8,1.0,2.16794833886788,0.8,0.20000000000000018,3.5,1.5,0.20000000000000018,1.6,0.40500000000000114,,0.0,2.0,1,18,0,0.05404780974544072
16,LEC,Charles Leclerc,Ferrari,2.0,3.0,15.0,Finished,True,2.0,89.314,16.717647058823534,19.930588235294113,86.21176470588236,True,2022,18,Japanese Grand Prix,Suzuka,Japan,2022-10-09,2.3333333333333335,3.8,2.0,2.049390153191918,0.8,-1.4666666666666663,3.6666666666666665,1.5,-1.7999999999999998,-0.6,0.009999999999990905,,0.0,10.0,1,18,0,0.05404780974544072
31,OCO,Esteban Ocon,Alpine,5.0,4.0,12.0,Finished,True,5.0,90.165,16.717647058823534,19.930588235294113,86.21176470588236,True,2022,18,Japanese Grand Prix,Suzuka,Japan,2022-10-09,12.0,10.4,7.0,3.4351128074635344,0.8,1.5999999999999996,13.166666666666666,6.0,-5.4,-0.8,0.8610000000000042,,0.0,9.666666666666666,1,18,0,0.05404780974544072
44,HAM,Lewis Hamilton,Mercedes,6.0,5.0,10.0,Finished,True,6.0,90.261,16.717647058823534,19.930588235294113,86.21176470588236,True,2022,18,Japanese Grand Prix,Suzuka,Japan,2022-10-09,6.0,8.0,2.0,7.176350047203662,0.9,-2.0,6.166666666666667,2.5,-2.0,2.8,0.9569999999999936,,0.0,9.333333333333334,1,18,0,0.05404780974544072
5,VET,Sebastian Vettel,Aston Martin,9.0,6.0,8.0,Finished,True,9.0,90.554,16.717647058823534,19.930588235294113,86.21176470588236,True,2022,18,Japanese Grand Prix,Suzuka,Japan,2022-10-09,14.0,12.0,8.0,5.0990195135927845,0.9,2.0,12.666666666666666,7.0,-3.0,0.8,1.25,,0.0,9.333333333333334,1,18,0,0.05404780974544072
14,ALO,Fernando Alonso,Alpine,7.0,7.0,6.0,Finished,True,7.0,90.322,16.717647058823534,19.930588235294113,86.21176470588236,True,2022,18,Japanese Grand Prix,Suzuka,Japan,2022-10-09,14.333333333333334,11.2,5.0,6.760177512462228,0.8,3.1333333333333346,13.166666666666666,6.0,-4.199999999999999,0.8,1.0180000000000007,,0.0,6.333333333333333,1,18,0,0.05404780974544072
63,RUS,George Russell,Mercedes,8.0,8.0,4.0,Finished,True,8.0,90.389,16.717647058823534,19.930588235294113,86.21176470588236,True,2022,18,Japanese Grand Prix,Suzuka,Japan,2022-10-09,6.333333333333333,5.2,2.0,4.969909455915672,0.9,1.1333333333333329,6.166666666666667,2.5,2.8,-2.8,1.0849999999999937,,0.0,8.333333333333334,1,18,0,0.05404780974544072
6,LAT,Nicholas Latifi,Williams,20.0,9.0,2.0,Finished,True,20.0,91.511,16.717647058823534,19.930588235294113,86.21176470588236,True,2022,18,Japanese Grand Prix,Suzuka,Japan,2022-10-09,17.333333333333332,17.6,15.0,1.5165750888103098,0.7,-0.26666666666666927,15.0,11.5,2.3999999999999986,4.6,2.2069999999999936,,0.0,15.333333333333334,1,18,0,0.05404780974544072
4,NOR,Lando Norris,McLaren,10.0,10.0,1.0,Finished,True,10.0,91.003,16.717647058823534,19.930588235294113,86.21176470588236,True,2022,18,Japanese Grand Prix,Suzuka,Japan,2022-10-09,6.0,7.4,4.0,2.8809720581775884,1.0,-1.4000000000000004,9.5,4.5,2.5999999999999996,-6.4,1.698999999999998,,0.0,8.666666666666666,1,18,0,0.05404780974544072
3,RIC,Daniel Ricciardo,McLaren,11.0,11.0,0.0,Finished,True,11.0,90.659,16.717647058823534,19.930588235294113,86.21176470588236,True,2022,18,Japanese Grand Prix,Suzuka,Japan,2022-10-09,13.0,13.8,5.0,5.019960159204454,0.9,-0.8000000000000007,9.5,4.5,-2.8000000000000007,6.4,1.355000000000004,,0.0,13.333333333333334,1,18,0,0.05404780974544072
18,STR,Lance Stroll,Aston Martin,19.0,12.0,0.0,Finished,True,19.0,91.419,16.717647058823534,19.930588235294113,86.21176470588236,True,2022,18,Japanese Grand Prix,Suzuka,Japan,2022-10-09,11.333333333333334,11.2,6.0,4.324349662087931,0.8,0.13333333333333464,12.666666666666666,7.0,7.800000000000001,-0.8,2.114999999999995,,0.0,12.333333333333334,1,18,0,0.05404780974544072
22,TSU,Yuki Tsunoda,AlphaTauri,13.0,13.0,0.0,Finished,True,13.0,90.808,16.717647058823534,19.930588235294113,86.21176470588236,True,2022,18,Japanese Grand Prix,Suzuka,Japan,2022-10-09,16.333333333333332,16.2,13.0,3.114482300479487,0.6,0.13333333333333286,13.0,9.0,-3.1999999999999993,6.2,1.5040000000000049,,0.0,12.333333333333334,1,18,0,0.05404780974544072
20,MAG,Kevin Magnussen,Haas F1 Team,18.0,14.0,0.0,Finished,True,18.0,91.352,16.717647058823534,19.930588235294113,86.21176470588236,True,2022,18,Japanese Grand Prix,Suzuka,Japan,2022-10-09,14.333333333333334,15.0,12.0,1.732050807568878,0.8,-0.6666666666666661,13.5,7.0,3.0,1.2,2.048000000000002,,0.0,14.333333333333334,1,18,0,0.05404780974544072
77,BOT,Valtteri Bottas,Alfa Romeo,12.0,15.0,0.0,Finished,True,12.0,90.709,16.717647058823534,19.930588235294113,86.21176470588236,True,2022,18,Japanese Grand Prix,Suzuka,Japan,2022-10-09,14.333333333333334,16.4,11.0,4.098780306383838,0.6,-2.0666666666666647,14.833333333333334,7.5,-4.399999999999999,1.8,1.4050000000000011,,0.0,14.0,1,18,0,0.05404780974544072
24,ZHO,Guanyu Zhou,Alfa Romeo,14.0,16.0,0.0,Finished,True,14.0,90.953,16.717647058823534,19.930588235294113,86.21176470588236,True,2022,18,Japanese Grand Prix,Suzuka,Japan,2022-10-09,15.333333333333334,14.6,10.0,3.7148351242013415,0.7,0.7333333333333343,14.833333333333334,7.5,-0.5999999999999996,-1.8,1.649000000000001,,0.0,17.333333333333332,1,18,0,0.05404780974544072
47,MSC,Mick Schumacher,Haas F1 Team,15.0,17.0,0.0,Finished,True,15.0,91.439,16.717647058823534,19.930588235294113,86.21176470588236,True,2022,18,Japanese Grand Prix,Suzuka,Japan,2022-10-09,12.666666666666666,13.8,12.0,1.9235384061671343,0.9,-1.1333333333333346,13.5,7.0,1.1999999999999993,-1.2,2.134999999999991,,0.0,13.0,1,18,0,0.05404780974544072
10,GAS,Pierre Gasly,AlphaTauri,17.0,18.0,0.0,Finished,True,17.0,91.322,16.717647058823534,19.930588235294113,86.21176470588236,True,2022,18,Japanese Grand Prix,Suzuka,Japan,2022-10-09,9.666666666666666,10.0,8.0,1.5811388300841906,0.9,-0.3333333333333339,13.0,9.0,7.0,-6.2,2.0180000000000007,,0.0,12.666666666666666,1,18,0,0.05404780974544072
55,SAI,Carlos Sainz,Ferrari,3.0,19.0,0.0,Accident,False,3.0,89.361,16.717647058823534,19.930588235294113,86.21176470588236,True,2022,18,Japanese Grand Prix,Suzuka,Japan,2022-10-09,5.0,4.4,3.0,2.0736441353327795,0.8,0.5999999999999996,3.6666666666666665,1.5,-1.4000000000000004,0.6,0.05700000000000216,,0.0,2.6666666666666665,1,18,0,0.05404780974544072
23,ALB,Alexander Albon,Williams,16.0,20.0,0.0,Hydraulics,False,16.0,91.311,16.717647058823534,19.930588235294113,86.21176470588236,True,2022,18,Japanese Grand Prix,Suzuka,Japan,2022-10-09,13.0,13.8,10.0,3.114482300479488,0.7,-0.8000000000000007,15.0,11.5,2.1999999999999993,-4.2,2.007000000000005,,0.0,16.0,1,18,0,0.05404780974544072
1,VER,Max Verstappen,Red Bull Racing,2.0,1.0,25.0,Finished,True,3.0,94.448,29.28529411764706,35.523529411764706,49.62352941176471,False,2022,19,United States Grand Prix,Austin,United States,2022-10-23,3.0,2.2,1.0,2.683281572999749,1.0,0.7999999999999998,3.0,1.5,-0.20000000000000018,-1.0,0.09199999999999875,,0.0,7.0,0,19,0,0.05550402206216509
44,HAM,Lewis Hamilton,Mercedes,3.0,2.0,18.0,Finished,True,5.0,94.947,29.28529411764706,35.523529411764706,49.62352941176471,False,2022,19,United States Grand Prix,Austin,United States,2022-10-23,6.333333333333333,8.6,4.0,6.6558245169174945,0.9,-2.2666666666666666,7.333333333333333,2.5,-5.6,2.4,0.5910000000000082,,0.0,3.0,0,19,0,0.05550402206216509
16,LEC,Charles Leclerc,Ferrari,12.0,3.0,15.0,Finished,True,2.0,94.421,29.28529411764706,35.523529411764706,49.62352941176471,False,2022,19,United States Grand Prix,Austin,United States,2022-10-23,2.3333333333333335,3.2,2.0,1.6431676725154962,0.9,-0.8666666666666667,5.5,1.5,8.8,-4.2,0.06500000000001194,,0.0,4.0,0,19,0,0.05550402206216509
11,PER,Sergio Perez,Red Bull Racing,9.0,4.0,12.0,Finished,True,4.0,94.645,29.28529411764706,35.523529411764706,49.62352941176471,False,2022,19,United States Grand Prix,Austin,United States,2022-10-23,3.0,3.2,1.0,2.16794833886788,0.8,-0.20000000000000018,3.0,1.5,5.8,1.0,0.2890000000000015,,0.0,2.0,0,19,0,0.05550402206216509
63,RUS,George Russell,Mercedes,4.0,5.0,11.0,Finished,True,6.0,94.988,29.28529411764706,35.523529411764706,49.62352941176471,False,2022,19,United States Grand Prix,Austin,United States,2022-10-23,8.333333333333334,6.2,2.0,4.919349550499538,0.9,2.1333333333333337,7.333333333333333,2.5,-2.2,-2.4,0.632000000000005,,0.0,18.0,0,19,0,0.05550402206216509
4,NOR,Lando Norris,McLaren,6.0,6.0,8.0,Finished,True,8.0,95.69,29.28529411764706,35.523529411764706,49.62352941176471,False,2022,19,United States Grand Prix,Austin,United States,2022-10-23,7.0,8.0,4.0,3.08220700148449,1.0,-1.0,9.0,4.5,-2.0,-5.0,1.3340000000000032,,0.0,6.0,0,19,0,0.05550402206216509
14,ALO,Fernando Alonso,Alpine,14.0,7.0,6.0,Finished,True,9.0,95.876,29.28529411764706,35.523529411764706,49.62352941176471,False,2022,19,United States Grand Prix,Austin,United States,2022-10-23,14.666666666666666,11.0,5.0,6.892024376045111,0.8,3.666666666666666,12.5,5.5,3.0,1.6,1.5200000000000102,,0.0,5.0,0,19,0,0.05550402206216509
5,VET,Sebastian Vettel,Aston Martin,10.0,8.0,4.0,Finished,True,12.0,96.398,29.28529411764706,35.523529411764706,49.62352941176471,False,2022,19,United States Grand Prix,Austin,United States,2022-10-23,11.333333333333334,11.2,6.0,5.761944116355173,0.9,0.13333333333333464,11.666666666666666,7.0,-1.1999999999999993,-0.2,2.0420000000000016,,0.0,9.0,0,19,0,0.05550402206216509
20,MAG,Kevin Magnussen,Haas F1 Team,13.0,9.0,2.0,Finished,True,16.0,96.949,29.28529411764706,35.523529411764706,49.62352941176471,False,2022,19,United States Grand Prix,Austin,United States,2022-10-23,14.0,14.6,12.0,1.6733200530681518,0.9,-0.5999999999999996,14.0,7.0,-1.5999999999999996,0.2,2.5930000000000035,,0.0,10.0,0,19,0,0.05550402206216509
22,TSU,Yuki Tsunoda,AlphaTauri,19.0,10.0,1.0,Finished,True,15.0,97.147,29.28529411764706,35.523529411764706,49.62352941176471,False,2022,19,United States Grand Prix,Austin,United States,2022-10-23,14.0,15.0,13.0,2.9154759474226495,0.6,-1.0,13.0,9.0,4.0,3.8,2.791000000000011,,0.0,14.0,0,19,0,0.05550402206216509
31,OCO,Esteban Ocon,Alpine,20.0,11.0,0.0,Finished,True,18.0,97.068,29.28529411764706,35.523529411764706,49.62352941176471,False,2022,19,United States Grand Prix,Austin,United States,2022-10-23,10.333333333333334,9.4,4.0,4.505552130427525,0.8,0.9333333333333336,12.5,5.5,10.6,-1.6,2.7120000000000033,,0.0,15.0,0,19,0,0.05550402206216509
24,ZHO,Guanyu Zhou,Alfa Romeo,18.0,12.0,0.0,Finished,True,14.0,96.97,29.28529411764706,35.523529411764706,49.62352941176471,False,2022,19,United States Grand Prix,Austin,United States,2022-10-23,15.333333333333334,15.2,10.0,3.6331804249169894,0.8,0.13333333333333464,14.166666666666666,7.5,2.8000000000000007,-0.2,2.6140000000000043,,0.0,19.0,0,19,0,0.05550402206216509
23,ALB,Alexander Albon,Williams,8.0,13.0,0.0,Finished,True,11.0,96.368,29.28529411764706,35.523529411764706,49.62352941176471,False,2022,19,United States Grand Prix,Austin,United States,2022-10-23,16.333333333333332,15.2,10.0,4.08656334834051,0.7,1.1333333333333329,14.833333333333334,11.5,-7.199999999999999,-1.2,2.0120000000000005,,0.0,20.0,0,19,0,0.05550402206216509
10,GAS,Pierre Gasly,AlphaTauri,11.0,14.0,0.0,Finished,True,13.0,96.74,29.28529411764706,35.523529411764706,49.62352941176471,False,2022,19,United States Grand Prix,Austin,United States,2022-10-23,12.0,11.2,8.0,3.9623225512317903,0.9,0.8000000000000007,13.0,9.0,-0.1999999999999993,-3.8,2.3840000000000003,,0.0,16.0,0,19,0,0.05550402206216509
47,MSC,Mick Schumacher,Haas F1 Team,16.0,15.0,0.0,Finished,True,19.0,97.111,29.28529411764706,35.523529411764706,49.62352941176471,False,2022,19,United States Grand Prix,Austin,United States,2022-10-23,14.0,14.4,12.0,2.408318915758459,0.9,-0.40000000000000036,14.0,7.0,1.5999999999999996,-0.2,2.7550000000000097,,0.0,8.0,0,19,0,0.05550402206216509
3,RIC,Daniel Ricciardo,McLaren,15.0,16.0,0.0,Finished,True,17.0,97.046,29.28529411764706,35.523529411764706,49.62352941176471,False,2022,19,United States Grand Prix,Austin,United States,2022-10-23,11.0,13.0,5.0,5.099019513592785,0.9,-2.0,9.0,4.5,2.0,5.0,2.690000000000012,,0.0,13.0,0,19,0,0.05550402206216509
6,LAT,Nicholas Latifi,Williams,17.0,17.0,0.0,Finished,True,20.0,97.244,29.28529411764706,35.523529411764706,49.62352941176471,False,2022,19,United States Grand Prix,Austin,United States,2022-10-23,14.333333333333334,15.8,9.0,4.08656334834051,0.7,-1.4666666666666668,14.833333333333334,11.5,1.1999999999999993,2.2,2.8880000000000052,,0.0,12.0,0,19,0,0.05550402206216509
18,STR,Lance Stroll,Aston Martin,5.0,18.0,0.0,Collision,False,7.0,95.598,29.28529411764706,35.523529411764706,49.62352941176471,False,2022,19,United States Grand Prix,Austin,United States,2022-10-23,12.0,11.4,6.0,4.33589667773576,0.9,0.5999999999999996,11.666666666666666,7.0,-6.4,0.2,1.2420000000000044,,0.0,11.0,0,19,0,0.05550402206216509
77,BOT,Valtteri Bottas,Alfa Romeo,7.0,19.0,0.0,Spun off,False,10.0,96.319,29.28529411764706,35.523529411764706,49.62352941176471,False,2022,19,United States Grand Prix,Austin,United States,2022-10-23,13.0,15.4,11.0,3.5777087639996616,0.6,-2.4000000000000004,14.166666666666666,7.5,-8.4,0.2,1.963000000000008,,0.0,17.0,0,19,0,0.05550402206216509
55,SAI,Carlos Sainz,Ferrari,1.0,20.0,0.0,Collision damage,False,1.0,94.356,29.28529411764706,35.523529411764706,49.62352941176471,False,2022,19,United States Grand Prix,Austin,United States,2022-10-23,8.666666666666666,7.4,3.0,6.804410334481601,0.8,1.2666666666666657,5.5,1.5,-6.4,4.2,0.0,,0.0,1.0,0,19,0,0.05550402206216509
1,VER,Max Verstappen,Red Bull Racing,1.0,1.0,25.0,Finished,True,1.0,77.775,24.312727272727273,41.689090909090915,34.442424242424245,False,2022,20,Mexico City Grand Prix,Mexico City,Mexico,2022-10-30,3.0,2.2,1.0,2.683281572999749,1.0,0.7999999999999998,2.6666666666666665,1.5,-1.2000000000000002,-1.4,0.0,,0.0,1.0,0,20,0,0.0562467758553648
44,HAM,Lewis Hamilton,Mercedes,3.0,2.0,18.0,Finished,True,3.0,78.084,24.312727272727273,41.689090909090915,34.442424242424245,False,2022,20,Mexico City Grand Prix,Mexico City,Mexico,2022-10-30,5.333333333333333,5.0,2.0,2.549509756796392,0.9,0.33333333333333304,7.166666666666667,2.5,-2.0,-1.4,0.3089999999999975,,0.0,2.0,0,20,0,0.0562467758553648
11,PER,Sergio Perez,Red Bull Racing,4.0,3.0,15.0,Finished,True,4.0,78.128,24.312727272727273,41.689090909090915,34.442424242424245,False,2022,20,Mexico City Grand Prix,Mexico City,Mexico,2022-10-30,2.3333333333333335,3.6,1.0,2.073644135332772,0.9,-1.2666666666666666,2.6666666666666665,1.5,0.3999999999999999,1.4,0.35299999999999443,,0.0,4.0,0,20,0,0.0562467758553648
63,RUS,George Russell,Mercedes,2.0,4.0,13.0,Finished,True,2.0,78.079,24.312727272727273,41.689090909090915,34.442424242424245,False,2022,20,Mexico City Grand Prix,Mexico City,Mexico,2022-10-30,9.0,6.4,2.0,4.8270073544588685,0.9,2.5999999999999996,7.166666666666667,2.5,-4.4,1.4,0.30399999999998784,,0.0,5.0,0,20,0,0.0562467758553648
55,SAI,Carlos Sainz,Ferrari,5.0,5.0,10.0,Finished,True,5.0,78.351,24.312727272727273,41.689090909090915,34.442424242424245,False,2022,20,Mexico City Grand Prix,Mexico City,Mexico,2022-10-30,14.0,10.8,3.0,8.167006795638168,0.7,3.1999999999999993,8.333333333333334,1.5,-5.800000000000001,8.2,0.5759999999999934,,0.0,20.0,0,20,0,0.0562467758553648
16,LEC,Charles Leclerc,Ferrari,7.0,6.0,8.0,Finished,True,7.0,78.555,24.312727272727273,41.689090909090915,34.442424242424245,False,2022,20,Mexico City Grand Prix,Mexico City,Mexico,2022-10-30,2.6666666666666665,2.6,2.0,0.54772255750516,0.9,0.06666666666666643,8.333333333333334,1.5,4.4,-8.2,0.7800000000000011,,0.0,3.0,0,20,0,0.0562467758553648
3,RIC,Daniel Ricciardo,McLaren,11.0,7.0,6.0,+1 Lap,True,11.0,79.325,24.312727272727273,41.689090909090915,34.442424242424245,False,2022,20,Mexico City Grand Prix,Mexico City,Mexico,2022-10-30,10.666666666666666,13.2,5.0,5.21536192416212,0.9,-2.533333333333333,8.666666666666666,4.5,-2.1999999999999993,6.4,1.5499999999999972,,0.0,16.0,0,20,0,0.0562467758553648
31,OCO,Esteban Ocon,Alpine,10.0,8.0,4.0,+1 Lap,True,10.0,79.01,24.312727272727273,41.689090909090915,34.442424242424245,False,2022,20,Mexico City Grand Prix,Mexico City,Mexico,2022-10-30,10.333333333333334,10.2,4.0,4.324349662087931,0.8,0.13333333333333464,10.5,5.5,-0.1999999999999993,-1.2,1.2349999999999994,,0.0,11.0,0,20,0,0.0562467758553648
4,NOR,Lando Norris,McLaren,8.0,9.0,2.0,+1 Lap,True,8.0,78.721,24.312727272727273,41.689090909090915,34.442424242424245,False,2022,20,Mexico City Grand Prix,Mexico City,Mexico,2022-10-30,6.666666666666667,6.8,4.0,2.167948338867882,1.0,-0.13333333333333286,8.666666666666666,4.5,1.2000000000000002,-6.4,0.945999999999998,,0.0,6.0,0,20,0,0.0562467758553648
77,BOT,Valtteri Bottas,Alfa Romeo,6.0,10.0,1.0,+1 Lap,True,6.0,78.401,24.312727272727273,41.689090909090915,34.442424242424245,False,2022,20,Mexico City Grand Prix,Mexico City,Mexico,2022-10-30,15.0,15.4,11.0,3.5777087639996616,0.5,-0.40000000000000036,15.5,7.5,-9.4,0.6,0.6259999999999906,,0.0,19.0,0,20,0,0.0562467758553648
10,GAS,Pierre Gasly,AlphaTauri,14.0,11.0,0.0,+1 Lap,True,14.0,79.672,24.312727272727273,41.689090909090915,34.442424242424245,False,2022,20,Mexico City Grand Prix,Mexico City,Mexico,2022-10-30,14.0,12.2,8.0,3.8987177379235862,0.9,1.8000000000000007,13.333333333333334,9.0,1.8000000000000007,-2.2,1.8969999999999914,,0.0,14.0,0,20,0,0.0562467758553648
23,ALB,Alexander Albon,Williams,17.0,12.0,0.0,+1 Lap,True,19.0,80.859,24.312727272727273,41.689090909090915,34.442424242424245,False,2022,20,Mexico City Grand Prix,Mexico City,Mexico,2022-10-30,16.666666666666668,14.4,10.0,4.03732584763727,0.7,2.2666666666666675,15.833333333333334,11.5,2.5999999999999996,-1.8,3.083999999999989,,0.0,13.0,0,20,0,0.0562467758553648
24,ZHO,Guanyu Zhou,Alfa Romeo,12.0,13.0,0.0,+1 Lap,True,12.0,79.476,24.312727272727273,41.689090909090915,34.442424242424245,False,2022,20,Mexico City Grand Prix,Mexico City,Mexico,2022-10-30,16.0,14.8,10.0,3.8987177379235853,0.8,1.1999999999999993,15.5,7.5,-2.8000000000000007,-0.6,1.7009999999999934,,0.0,12.0,0,20,0,0.0562467758553648
5,VET,Sebastian Vettel,Aston Martin,16.0,14.0,0.0,+1 Lap,True,17.0,80.419,24.312727272727273,41.689090909090915,34.442424242424245,False,2022,20,Mexico City Grand Prix,Mexico City,Mexico,2022-10-30,7.333333333333333,11.2,6.0,5.761944116355173,0.9,-3.8666666666666663,9.666666666666666,7.0,4.800000000000001,-1.6,2.6439999999999912,,0.0,8.0,0,20,0,0.0562467758553648
18,STR,Lance Stroll,Aston Martin,20.0,15.0,0.0,+1 Lap,True,18.0,80.52,24.312727272727273,41.689090909090915,34.442424242424245,False,2022,20,Mexico City Grand Prix,Mexico City,Mexico,2022-10-30,12.0,12.8,6.0,5.215361924162119,0.8,-0.8000000000000007,9.666666666666666,7.0,7.199999999999999,1.6,2.7449999999999903,,0.0,18.0,0,20,0,0.0562467758553648
47,MSC,Mick Schumacher,Haas F1 Team,15.0,16.0,0.0,+1 Lap,True,16.0,80.419,24.312727272727273,41.689090909090915,34.442424242424245,False,2022,20,Mexico City Grand Prix,Mexico City,Mexico,2022-10-30,15.0,14.0,12.0,1.9999999999999998,1.0,1.0,13.333333333333334,7.0,1.0,0.8,2.6439999999999912,,0.0,15.0,0,20,0,0.0562467758553648
20,MAG,Kevin Magnussen,Haas F1 Team,19.0,17.0,0.0,+1 Lap,True,15.0,79.833,24.312727272727273,41.689090909090915,34.442424242424245,False,2022,20,Mexico City Grand Prix,Mexico City,Mexico,2022-10-30,11.666666666666666,13.2,9.0,2.7748873851023217,0.9,-1.5333333333333332,13.333333333333334,7.0,5.800000000000001,-0.8,2.0579999999999927,,0.0,9.0,0,20,0,0.0562467758553648
6,LAT,Nicholas Latifi,Williams,18.0,18.0,0.0,+2 Laps,True,20.0,81.167,24.312727272727273,41.689090909090915,34.442424242424245,False,2022,20,Mexico City Grand Prix,Mexico City,Mexico,2022-10-30,15.0,15.6,9.0,3.9749213828703582,0.7,-0.5999999999999996,15.833333333333334,11.5,2.4000000000000004,1.4,3.391999999999996,,0.0,17.0,0,20,0,0.0562467758553648
14,ALO,Fernando Alonso,Alpine,9.0,19.0,0.0,Engine,False,9.0,78.939,24.312727272727273,41.689090909090915,34.442424242424245,False,2022,20,Mexico City Grand Prix,Mexico City,Mexico,2022-10-30,10.666666666666666,11.4,6.0,6.5038450166036395,0.8,-0.7333333333333343,10.5,5.5,-2.4000000000000004,1.2,1.1639999999999873,,0.0,7.0,0,20,0,0.0562467758553648
22,TSU,Yuki Tsunoda,AlphaTauri,13.0,20.0,0.0,Collision damage,False,13.0,79.589,24.312727272727273,41.689090909090915,34.442424242424245,False,2022,20,Mexico City Grand Prix,Mexico City,Mexico,2022-10-30,12.666666666666666,14.4,10.0,3.646916505762093,0.7,-1.7333333333333343,13.333333333333334,9.0,-1.4000000000000004,2.2,1.813999999999993,,0.0,10.0,0,20,0,0.0562467758553648
63,RUS,George Russell,Mercedes,1.0,1.0,26.0,Finished,True,3.0,72.059,23.010778443113775,46.04910179640718,76.07784431137725,False,2022,21,São Paulo Grand Prix,São Paulo,Brazil,2022-11-13,5.666666666666667,6.8,3.0,4.43846820423443,1.0,-1.1333333333333329,4.333333333333333,2.5,-5.8,2.2,1.1089999999999947,,0.0,4.5,0,21,0,0.057762235004632664
44,HAM,Lewis Hamilton,Mercedes,2.0,2.0,18.0,Finished,True,8.0,72.611,23.010778443113775,46.04910179640718,76.07784431137725,False,2022,21,São Paulo Grand Prix,São Paulo,Brazil,2022-11-13,3.0,4.6,2.0,2.8809720581775857,0.9,-1.5999999999999996,4.333333333333333,2.5,-2.5999999999999996,-2.2,1.6610000000000014,,0.0,2.0,0,21,0,0.057762235004632664
55,SAI,Carlos Sainz,Ferrari,7.0,3.0,15.0,Finished,True,5.0,72.357,23.010778443113775,46.04910179640718,76.07784431137725,False,2022,21,São Paulo Grand Prix,São Paulo,Brazil,2022-11-13,14.666666666666666,10.2,3.0,8.526429498916883,0.7,4.466666666666667,9.333333333333334,1.5,-3.1999999999999993,7.0,1.4069999999999965,,0.0,12.5,0,21,0,0.057762235004632664
16,LEC,Charles Leclerc,Ferrari,5.0,4.0,12.0,Finished,True,10.0,70.95,23.010778443113775,46.04910179640718,76.07784431137725,False,2022,21,São Paulo Grand Prix,São Paulo,Brazil,2022-11-13,4.0,3.2,2.0,1.6431676725154962,0.9,0.7999999999999998,9.333333333333334,1.5,1.7999999999999998,-7.0,0.0,,0.0,4.5,0,21,0,0.057762235004632664
14,ALO,Fernando Alonso,Alpine,17.0,5.0,10.0,Finished,True,7.0,72.504,23.010778443113775,46.04910179640718,76.07784431137725,False,2022,21,São Paulo Grand Prix,São Paulo,Brazil,2022-11-13,11.0,14.0,7.0,6.4031242374328485,0.7,-3.0,9.333333333333334,5.5,3.0,4.0,1.554000000000002,,0.0,13.0,0,21,0,0.057762235004632664
1,VER,Max Verstappen,Red Bull Racing,3.0,6.0,8.0,Finished,True,2.0,71.877,23.010778443113775,46.04910179640718,76.07784431137725,False,2022,21,São Paulo Grand Prix,São Paulo,Brazil,2022-11-13,1.0,2.2,1.0,2.683281572999749,1.0,-1.2000000000000002,2.0,1.5,0.7999999999999998,-1.0,0.9269999999999925,,0.0,1.0,0,21,0,0.057762235004632664
11,PER,Sergio Perez,Red Bull Racing,4.0,7.0,6.0,Finished,True,9.0,75.601,23.010778443113775,46.04910179640718,76.07784431137725,False,2022,21,São Paulo Grand Prix,São Paulo,Brazil,2022-11-13,3.0,3.2,1.0,1.9235384061671346,0.9,-0.20000000000000018,2.0,1.5,0.7999999999999998,1.0,4.650999999999996,,0.0,3.5,0,21,0,0.057762235004632664
31,OCO,Esteban Ocon,Alpine,16.0,8.0,4.0,Finished,True,6.0,72.425,23.010778443113775,46.04910179640718,76.07784431137725,False,2022,21,São Paulo Grand Prix,São Paulo,Brazil,2022-11-13,7.666666666666667,10.0,4.0,4.415880433163924,0.9,-2.333333333333333,9.333333333333334,5.5,6.0,-4.0,1.4749999999999943,,0.0,9.5,0,21,0,0.057762235004632664
77,BOT,Valtteri Bottas,Alfa Romeo,14.0,9.0,2.0,Finished,True,18.0,75.486,23.010778443113775,46.04910179640718,76.07784431137725,False,2022,21,São Paulo Grand Prix,São Paulo,Brazil,2022-11-13,14.666666666666666,13.6,10.0,3.5777087639996608,0.6,1.0666666666666664,14.166666666666666,7.5,0.40000000000000036,-0.6,4.536000000000001,,0.0,14.5,0,21,0,0.057762235004632664
18,STR,Lance Stroll,Aston Martin,15.0,10.0,1.0,Finished,True,15.0,72.21,23.010778443113775,46.04910179640718,76.07784431137725,False,2022,21,São Paulo Grand Prix,São Paulo,Brazil,2022-11-13,15.0,13.8,6.0,5.019960159204453,0.8,1.1999999999999993,12.166666666666666,7.0,1.1999999999999993,2.6,1.259999999999991,,0.0,16.5,0,21,0,0.057762235004632664
5,VET,Sebastian Vettel,Aston Martin,9.0,11.0,0.0,Finished,True,13.0,71.678,23.010778443113775,46.04910179640718,76.07784431137725,False,2022,21,São Paulo Grand Prix,São Paulo,Brazil,2022-11-13,9.333333333333334,11.2,6.0,5.761944116355173,0.9,-1.8666666666666654,12.166666666666666,7.0,-2.1999999999999993,-2.6,0.7279999999999944,,0.0,11.0,0,21,0,0.057762235004632664
24,ZHO,Guanyu Zhou,Alfa Romeo,13.0,12.0,0.0,Finished,True,17.0,75.197,23.010778443113775,46.04910179640718,76.07784431137725,False,2022,21,São Paulo Grand Prix,São Paulo,Brazil,2022-11-13,13.666666666666666,14.2,10.0,3.8987177379235853,0.9,-0.5333333333333332,14.166666666666666,7.5,-1.1999999999999993,0.6,4.247,,0.0,12.5,0,21,0,0.057762235004632664
47,MSC,Mick Schumacher,Haas F1 Team,12.0,13.0,0.0,Finished,True,20.0,76.361,23.010778443113775,46.04910179640718,76.07784431137725,False,2022,21,São Paulo Grand Prix,São Paulo,Brazil,2022-11-13,16.0,14.6,12.0,2.073644135332772,1.0,1.4000000000000004,14.666666666666666,7.0,-2.5999999999999996,1.0,5.411000000000001,,0.0,15.5,0,21,0,0.057762235004632664
10,GAS,Pierre Gasly,AlphaTauri,10.0,14.0,0.0,Finished,True,12.0,71.675,23.010778443113775,46.04910179640718,76.07784431137725,False,2022,21,São Paulo Grand Prix,São Paulo,Brazil,2022-11-13,14.333333333333334,12.2,8.0,3.8987177379235862,1.0,2.1333333333333346,14.333333333333334,9.0,-2.1999999999999993,-2.2,0.7249999999999943,,0.0,12.5,0,21,0,0.057762235004632664
23,ALB,Alexander Albon,Williams,19.0,15.0,0.0,Finished,True,11.0,71.631,23.010778443113775,46.04910179640718,76.07784431137725,False,2022,21,São Paulo Grand Prix,São Paulo,Brazil,2022-11-13,15.0,14.8,12.0,3.5637059362410923,0.7,0.1999999999999993,14.833333333333334,11.5,4.199999999999999,-1.4,0.6809999999999974,,0.0,12.5,0,21,0,0.057762235004632664
6,LAT,Nicholas Latifi,Williams,18.0,16.0,0.0,Finished,True,16.0,75.095,23.010778443113775,46.04910179640718,76.07784431137725,False,2022,21,São Paulo Grand Prix,São Paulo,Brazil,2022-11-13,14.666666666666666,15.6,9.0,3.9749213828703582,0.7,-0.9333333333333336,14.833333333333334,11.5,2.4000000000000004,1.4,4.144999999999996,,0.0,17.5,0,21,0,0.057762235004632664
22,TSU,Yuki Tsunoda,AlphaTauri,20.0,17.0,0.0,+1 Lap,True,19.0,76.264,23.010778443113775,46.04910179640718,76.07784431137725,False,2022,21,São Paulo Grand Prix,São Paulo,Brazil,2022-11-13,14.333333333333334,14.4,10.0,3.646916505762093,0.6,-0.06666666666666643,14.333333333333334,9.0,5.6,2.2,5.313999999999993,,0.0,15.0,0,21,0,0.057762235004632664
4,NOR,Lando Norris,McLaren,6.0,18.0,0.0,Gearbox,False,4.0,72.263,23.010778443113775,46.04910179640718,76.07784431137725,False,2022,21,São Paulo Grand Prix,São Paulo,Brazil,2022-11-13,8.333333333333334,7.2,4.0,2.387467277262666,1.0,1.1333333333333337,9.833333333333334,4.5,-1.2000000000000002,-4.0,1.3130000000000024,,0.0,7.5,0,21,0,0.057762235004632664
20,MAG,Kevin Magnussen,Haas F1 Team,8.0,19.0,0.0,Collision,False,1.0,71.674,23.010778443113775,46.04910179640718,76.07784431137725,False,2022,21,São Paulo Grand Prix,São Paulo,Brazil,2022-11-13,13.333333333333334,13.6,9.0,3.2093613071762426,0.9,-0.2666666666666657,14.666666666666666,7.0,-5.6,-1.0,0.7240000000000038,,0.0,13.0,0,21,0,0.057762235004632664
3,RIC,Daniel Ricciardo,McLaren,11.0,20.0,0.0,Collision,False,14.0,72.14,23.010778443113775,46.04910179640718,76.07784431137725,False,2022,21,São Paulo Grand Prix,São Paulo,Brazil,2022-11-13,11.333333333333334,11.2,5.0,5.310367218940702,0.9,0.13333333333333464,9.833333333333334,4.5,-0.1999999999999993,4.0,1.1899999999999977,,0.0,11.5,0,21,0,0.057762235004632664
1,VER,Max Verstappen,Red Bull Racing,1.0,1.0,25.0,Finished,True,1.0,83.824,28.575483870967748,34.310322580645156,61.68387096774194,False,2022,22,Abu Dhabi Grand Prix,Yas Island,Abu Dhabi,2022-11-20,2.6666666666666665,3.2,1.0,3.0331501776206213,1.0,-0.5333333333333337,3.6666666666666665,1.5,-2.2,-0.2,0.0,,0.0,19.0,0,22,0,0.058535208161520864
16,LEC,Charles Leclerc,Ferrari,3.0,2.0,18.0,Finished,True,3.0,84.092,28.575483870967748,34.310322580645156,61.68387096774194,False,2022,22,Abu Dhabi Grand Prix,Yas Island,Abu Dhabi,2022-11-20,4.333333333333333,3.6,2.0,1.5165750888103078,0.9,0.733333333333333,6.833333333333333,1.5,-0.6000000000000001,-6.4,0.2680000000000007,,0.0,1.0,0,22,0,0.058535208161520864
11,PER,Sergio Perez,Red Bull Racing,2.0,3.0,15.0,Finished,True,2.0,84.052,28.575483870967748,34.310322580645156,61.68387096774194,False,2022,22,Abu Dhabi Grand Prix,Yas Island,Abu Dhabi,2022-11-20,4.666666666666667,3.4,1.0,2.302172886644268,1.0,1.266666666666667,3.6666666666666665,1.5,-1.4,0.2,0.22800000000000864,,0.0,18.0,0,22,0,0.058535208161520864
55,SAI,Carlos Sainz,Ferrari,4.0,4.0,12.0,Finished,True,4.0,84.242,28.575483870967748,34.310322580645156,61.68387096774194,False,2022,22,Abu Dhabi Grand Prix,Yas Island,Abu Dhabi,2022-11-20,9.333333333333334,10.0,3.0,8.717797887081348,0.8,-0.6666666666666661,6.833333333333333,1.5,-6.0,6.4,0.41800000000000637,,0.0,2.0,0,22,0,0.058535208161520864
63,RUS,George Russell,Mercedes,6.0,5.0,10.0,Finished,True,6.0,84.511,28.575483870967748,34.310322580645156,61.68387096774194,False,2022,22,Abu Dhabi Grand Prix,Yas Island,Abu Dhabi,2022-11-20,3.3333333333333335,6.4,1.0,4.929503017546496,1.0,-3.066666666666667,2.6666666666666665,1.5,-0.40000000000000036,2.4,0.6869999999999976,,0.0,4.0,0,22,0,0.058535208161520864
4,NOR,Lando Norris,McLaren,7.0,6.0,9.0,Finished,True,7.0,84.769,28.575483870967748,34.310322580645156,61.68387096774194,False,2022,22,Abu Dhabi Grand Prix,Yas Island,Abu Dhabi,2022-11-20,11.0,9.4,4.0,5.366563145999496,0.9,1.5999999999999996,12.666666666666666,4.5,-2.4000000000000004,-2.4,0.9450000000000074,,0.0,15.0,0,22,0,0.058535208161520864
31,OCO,Esteban Ocon,Alpine,8.0,7.0,6.0,Finished,True,8.0,84.83,28.575483870967748,34.310322580645156,61.68387096774194,False,2022,22,Abu Dhabi Grand Prix,Yas Island,Abu Dhabi,2022-11-20,9.0,9.4,4.0,4.449719092257398,0.9,-0.40000000000000036,9.666666666666666,5.5,-1.4000000000000004,-1.8,1.0060000000000002,,0.0,7.0,0,22,0,0.058535208161520864
18,STR,Lance Stroll,Aston Martin,14.0,8.0,4.0,Finished,True,14.0,85.359,28.575483870967748,34.310322580645156,61.68387096774194,False,2022,22,Abu Dhabi Grand Prix,Yas Island,Abu Dhabi,2022-11-20,14.333333333333334,12.2,6.0,4.604345773288535,0.8,2.1333333333333346,12.666666666666666,7.0,1.8000000000000007,2.8,1.5349999999999966,,0.0,12.0,0,22,0,0.058535208161520864
3,RIC,Daniel Ricciardo,McLaren,13.0,9.0,2.0,Finished,True,10.0,85.045,28.575483870967748,34.310322580645156,61.68387096774194,False,2022,22,Abu Dhabi Grand Prix,Yas Island,Abu Dhabi,2022-11-20,14.333333333333334,11.8,5.0,6.220932405998316,0.8,2.533333333333333,12.666666666666666,4.5,1.1999999999999993,2.4,1.2210000000000036,,0.0,14.0,0,22,0,0.058535208161520864
5,VET,Sebastian Vettel,Aston Martin,9.0,10.0,1.0,Finished,True,9.0,84.961,28.575483870967748,34.310322580645156,61.68387096774194,False,2022,22,Abu Dhabi Grand Prix,Yas Island,Abu Dhabi,2022-11-20,11.0,9.4,6.0,3.1304951684997047,0.9,1.5999999999999996,12.666666666666666,7.0,-0.40000000000000036,-2.8,1.1370000000000005,,0.0,,0,22,0,0.058535208161520864
22,TSU,Yuki Tsunoda,AlphaTauri,11.0,11.0,0.0,Finished,True,12.0,85.219,28.575483870967748,34.310322580645156,61.68387096774194,False,2022,22,Abu Dhabi Grand Prix,Yas Island,Abu Dhabi,2022-11-20,15.666666666666666,15.0,10.0,3.8078865529319534,0.6,0.6666666666666661,14.333333333333334,9.0,-4.0,1.6,1.394999999999996,,0.0,8.0,0,22,0,0.058535208161520864
24,ZHO,Guanyu Zhou,Alfa Romeo,15.0,12.0,0.0,+1 Lap,True,15.0,85.408,28.575483870967748,34.310322580645156,61.68387096774194,False,2022,22,Abu Dhabi Grand Prix,Yas Island,Abu Dhabi,2022-11-20,12.333333333333334,14.6,12.0,3.435112807463533,0.9,-2.2666666666666657,12.5,7.5,0.40000000000000036,1.8,1.5840000000000032,,0.0,10.0,0,22,0,0.058535208161520864
23,ALB,Alexander Albon,Williams,19.0,13.0,0.0,+1 Lap,True,19.0,86.028,28.575483870967748,34.310322580645156,61.68387096774194,False,2022,22,Abu Dhabi Grand Prix,Yas Island,Abu Dhabi,2022-11-20,13.333333333333334,15.4,12.0,3.2093613071762426,0.8,-2.0666666666666664,15.166666666666666,11.5,3.5999999999999996,-0.4,2.2040000000000077,,0.0,13.0,0,22,0,0.058535208161520864
10,GAS,Pierre Gasly,AlphaTauri,17.0,14.0,0.0,+1 Lap,True,17.0,85.859,28.575483870967748,34.310322580645156,61.68387096774194,False,2022,22,Abu Dhabi Grand Prix,Yas Island,Abu Dhabi,2022-11-20,13.0,13.4,10.0,3.130495168499707,1.0,-0.40000000000000036,14.333333333333334,9.0,3.5999999999999996,-1.6,2.0349999999999966,,0.0,20.0,0,22,0,0.058535208161520864
77,BOT,Valtteri Bottas,Alfa Romeo,18.0,15.0,0.0,+1 Lap,True,18.0,85.892,28.575483870967748,34.310322580645156,61.68387096774194,False,2022,22,Abu Dhabi Grand Prix,Yas Island,Abu Dhabi,2022-11-20,12.666666666666666,12.8,9.0,4.147288270665541,0.6,-0.13333333333333464,12.5,7.5,5.199999999999999,-1.8,2.067999999999998,,0.0,6.0,0,22,0,0.058535208161520864
47,MSC,Mick Schumacher,Haas F1 Team,12.0,16.0,0.0,+1 Lap,True,13.0,85.225,28.575483870967748,34.310322580645156,61.68387096774194,False,2022,22,Abu Dhabi Grand Prix,Yas Island,Abu Dhabi,2022-11-20,14.666666666666666,14.8,13.0,1.7888543819998315,1.0,-0.13333333333333464,14.833333333333334,7.0,-2.8000000000000007,0.6,1.4009999999999962,,0.0,11.0,0,22,0,0.058535208161520864
20,MAG,Kevin Magnussen,Haas F1 Team,16.0,17.0,0.0,+1 Lap,True,16.0,85.834,28.575483870967748,34.310322580645156,61.68387096774194,False,2022,22,Abu Dhabi Grand Prix,Yas Island,Abu Dhabi,2022-11-20,15.0,14.2,9.0,3.96232255123179,0.8,0.8000000000000007,14.833333333333334,7.0,1.8000000000000007,-0.6,2.010000000000005,,0.0,5.0,0,22,0,0.058535208161520864
44,HAM,Lewis Hamilton,Mercedes,5.0,18.0,0.0,Hydraulics,False,5.0,84.508,28.575483870967748,34.310322580645156,61.68387096774194,False,2022,22,Abu Dhabi Grand Prix,Yas Island,Abu Dhabi,2022-11-20,2.0,4.0,2.0,3.0822070014844876,0.9,-2.0,2.6666666666666665,1.5,1.0,-2.4,0.6839999999999975,,0.0,3.0,0,22,0,0.058535208161520864
6,LAT,Nicholas Latifi,Williams,20.0,19.0,0.0,Collision damage,False,20.0,86.054,28.575483870967748,34.310322580645156,61.68387096774194,False,2022,22,Abu Dhabi Grand Prix,Yas Island,Abu Dhabi,2022-11-20,17.0,15.8,9.0,3.96232255123179,0.8,1.1999999999999993,15.166666666666666,11.5,4.199999999999999,0.4,2.230000000000004,,0.0,16.0,0,22,0,0.058535208161520864
14,ALO,Fernando Alonso,Alpine,10.0,20.0,0.0,Water leak,False,11.0,85.096,28.575483870967748,34.310322580645156,61.68387096774194,False,2022,22,Abu Dhabi Grand Prix,Yas Island,Abu Dhabi,2022-11-20,10.333333333333334,11.2,5.0,6.723094525588644,0.7,-0.8666666666666654,9.666666666666666,5.5,-1.1999999999999993,1.8,1.2720000000000056,,0.0,9.0,0,22,0,0.058535208161520864
1,VER,Max Verstappen,Red Bull Racing,1.0,1.0,25.0,Finished,True,1.0,89.708,27.43167701863354,31.01180124223602,21.496894409937887,False,2023,1,Bahrain Grand Prix,Sakhir,Bahrain,2023-03-05,2.6666666666666665,2.0,1.0,2.236067977499791,1.0,0.6666666666666665,3.5,1.5,-1.0,-1.8,0.0,19.0,1.0,1.0,0,1,0,0.07145207363306257
11,PER,Sergio Perez,Red Bull Racing,2.0,2.0,18.0,Finished,True,2.0,89.846,27.43167701863354,31.01180124223602,21.496894409937887,False,2023,1,Bahrain Grand Prix,Sakhir,Bahrain,2023-03-05,4.333333333333333,3.8,2.0,1.9235384061671348,1.0,0.5333333333333332,3.5,1.5,-1.7999999999999998,1.8,0.13800000000000523,18.0,1.0,3.0,0,1,0,0.07145207363306257
14,ALO,Fernando Alonso,Aston Martin,5.0,3.0,15.0,Finished,True,5.0,90.336,27.43167701863354,31.01180124223602,21.496894409937887,False,2023,1,Bahrain Grand Prix,Sakhir,Bahrain,2023-03-05,14.666666666666666,11.6,5.0,7.26636084983398,0.6,3.0666666666666664,11.333333333333334,7.0,-6.6,4.0,0.6280000000000001,9.0,1.0,20.0,0,1,0,0.07145207363306257
55,SAI,Carlos Sainz,Ferrari,4.0,4.0,12.0,Finished,True,4.0,90.154,27.43167701863354,31.01180124223602,21.496894409937887,False,2023,1,Bahrain Grand Prix,Sakhir,Bahrain,2023-03-05,4.0,10.2,3.0,8.526429498916883,0.8,-6.199999999999999,4.0,1.5,-6.199999999999999,6.6,0.44599999999999795,2.0,1.0,4.0,0,1,0,0.07145207363306257
44,HAM,Lewis Hamilton,Mercedes,7.0,5.0,10.0,Finished,True,7.0,90.384,27.43167701863354,31.01180124223602,21.496894409937887,False,2023,1,Bahrain Grand Prix,Sakhir,Bahrain,2023-03-05,7.333333333333333,5.8,2.0,6.942621983083912,0.8,1.5333333333333332,5.333333333333333,1.5,1.2000000000000002,1.2,0.6760000000000019,3.0,1.0,18.0,0,1,0,0.07145207363306257
18,STR,Lance Stroll,Aston Martin,8.0,6.0,8.0,Finished,True,8.0,90.836,27.43167701863354,31.01180124223602,21.496894409937887,False,2023,1,Bahrain Grand Prix,Sakhir,Bahrain,2023-03-05,11.0,12.6,8.0,3.974921382870358,0.8,-1.5999999999999996,11.333333333333334,7.0,-4.6,2.8,1.1280000000000001,12.0,1.0,8.0,0,1,0,0.07145207363306257
63,RUS,George Russell,Mercedes,6.0,7.0,6.0,Finished,True,6.0,90.34,27.43167701863354,31.01180124223602,21.496894409937887,False,2023,1,Bahrain Grand Prix,Sakhir,Bahrain,2023-03-05,3.3333333333333335,4.6,1.0,2.5099800796022285,1.0,-1.2666666666666662,5.333333333333333,1.5,1.4000000000000004,-1.2,0.632000000000005,4.0,1.0,5.0,0,1,0,0.07145207363306257
77,BOT,Valtteri Bottas,Alfa Romeo,12.0,8.0,4.0,Finished,True,12.0,91.443,27.43167701863354,31.01180124223602,21.496894409937887,False,2023,1,Bahrain Grand Prix,Sakhir,Bahrain,2023-03-05,11.333333333333334,13.6,9.0,4.098780306383837,0.6,-2.2666666666666657,11.833333333333334,7.5,-1.5999999999999996,0.6,1.7349999999999994,6.0,1.0,15.0,0,1,0,0.07145207363306257
10,GAS,Pierre Gasly,Alpine,20.0,9.0,2.0,Finished,True,20.0,92.181,27.43167701863354,31.01180124223602,21.496894409937887,False,2023,1,Bahrain Grand Prix,Sakhir,Bahrain,2023-03-05,13.0,14.2,11.0,2.489979919597748,1.0,-1.1999999999999993,11.166666666666666,5.5,5.800000000000001,0.0,2.472999999999999,20.0,1.0,14.0,0,1,0,0.07145207363306257
23,ALB,Alexander Albon,Williams,15.0,10.0,1.0,Finished,True,15.0,91.461,27.43167701863354,31.01180124223602,21.496894409937887,False,2023,1,Bahrain Grand Prix,Sakhir,Bahrain,2023-03-05,13.333333333333334,14.6,12.0,3.2093613071762426,0.8,-1.2666666666666657,15.5,11.5,0.40000000000000036,-1.2,1.7530000000000001,13.0,1.0,13.0,0,1,0,0.07145207363306257
22,TSU,Yuki Tsunoda,AlphaTauri,14.0,11.0,0.0,Finished,True,14.0,92.51,27.43167701863354,31.01180124223602,21.496894409937887,False,2023,1,Bahrain Grand Prix,Sakhir,Bahrain,2023-03-05,16.0,14.2,10.0,4.207136793592525,0.7,1.8000000000000007,14.5,9.0,-0.1999999999999993,0.0,2.8020000000000067,8.0,1.0,11.0,0,1,0,0.07145207363306257
2,SAR,Logan Sargeant,Williams,16.0,12.0,0.0,Lapped,True,16.0,91.652,27.43167701863354,31.01180124223602,21.496894409937887,False,2023,1,Bahrain Grand Prix,Sakhir,Bahrain,2023-03-05,,,,,,,15.5,11.5,,,1.9440000000000026,,0.0,,0,1,0,0.07145207363306257
20,MAG,Kevin Magnussen,Haas F1 Team,17.0,13.0,0.0,Lapped,True,17.0,91.892,27.43167701863354,31.01180124223602,21.496894409937887,False,2023,1,Bahrain Grand Prix,Sakhir,Bahrain,2023-03-05,17.666666666666668,15.2,9.0,3.898717737923586,0.9,2.4666666666666686,16.333333333333332,7.0,1.8000000000000007,-0.2,2.1839999999999975,5.0,1.0,17.0,0,1,0,0.07145207363306257
21,DEV,Nyck De Vries,AlphaTauri,19.0,14.0,0.0,Lapped,True,19.0,92.121,27.43167701863354,31.01180124223602,21.496894409937887,False,2023,1,Bahrain Grand Prix,Sakhir,Bahrain,2023-03-05,9.0,9.0,9.0,,1.0,0.0,14.5,9.0,10.0,-6.0,2.4129999999999967,,0.0,,0,1,0,0.07145207363306257
27,HUL,Nico Hulkenberg,Haas F1 Team,10.0,15.0,0.0,Lapped,True,10.0,90.809,27.43167701863354,31.01180124223602,21.496894409937887,False,2023,1,Bahrain Grand Prix,Sakhir,Bahrain,2023-03-05,14.5,14.5,12.0,3.5355339059327378,1.0,0.0,16.333333333333332,7.0,-4.5,2.0,1.100999999999999,17.0,1.0,,0,1,0,0.07145207363306257
24,ZHO,Guanyu Zhou,Alfa Romeo,13.0,16.0,0.0,Lapped,True,13.0,91.473,27.43167701863354,31.01180124223602,21.496894409937887,False,2023,1,Bahrain Grand Prix,Sakhir,Bahrain,2023-03-05,12.333333333333334,13.0,12.0,1.7320508075688763,0.9,-0.6666666666666661,11.833333333333334,7.5,0.0,-0.6,1.7650000000000006,10.0,1.0,12.0,0,1,0,0.07145207363306257
4,NOR,Lando Norris,McLaren,11.0,17.0,0.0,Lapped,True,11.0,91.381,27.43167701863354,31.01180124223602,21.496894409937887,False,2023,1,Bahrain Grand Prix,Sakhir,Bahrain,2023-03-05,11.0,9.8,6.0,4.919349550499538,0.9,1.1999999999999993,11.5,4.5,1.1999999999999993,-2.8,1.6730000000000018,15.0,1.0,6.0,0,1,0,0.07145207363306257
31,OCO,Esteban Ocon,Alpine,9.0,18.0,0.0,Retired,False,9.0,90.984,27.43167701863354,31.01180124223602,21.496894409937887,False,2023,1,Bahrain Grand Prix,Sakhir,Bahrain,2023-03-05,7.666666666666667,7.6,4.0,2.5099800796022276,0.9,0.06666666666666732,11.166666666666666,5.5,1.4000000000000004,-4.0,1.2759999999999962,7.0,1.0,7.0,0,1,0,0.07145207363306257
16,LEC,Charles Leclerc,Ferrari,3.0,19.0,0.0,Retired,False,3.0,90.0,27.43167701863354,31.01180124223602,21.496894409937887,False,2023,1,Bahrain Grand Prix,Sakhir,Bahrain,2023-03-05,4.0,3.6,2.0,1.5165750888103078,1.0,0.3999999999999999,4.0,1.5,-0.6000000000000001,-6.6,0.2920000000000016,1.0,1.0,2.0,0,1,0,0.07145207363306257
81,PIA,Oscar Piastri,McLaren,18.0,20.0,0.0,Retired,False,18.0,92.101,27.43167701863354,31.01180124223602,21.496894409937887,False,2023,1,Bahrain Grand Prix,Sakhir,Bahrain,2023-03-05,,,,,,,11.5,4.5,,,2.3930000000000007,,0.0,,0,1,0,0.07145207363306257
11,PER,Sergio Perez,Red Bull Racing,1.0,1.0,25.0,Finished,True,1.0,88.265,26.09189189189189,31.79256756756757,57.79054054054054,False,2023,2,Saudi Arabian Grand Prix,Jeddah,Saudi Arabia,2023-03-19,4.0,3.8,2.0,1.9235384061671348,1.0,0.20000000000000018,3.3333333333333335,1.5,-2.8,1.8,0.0,4.0,1.0,3.0,0,2,0,0.07337720973330462
1,VER,Max Verstappen,Red Bull Racing,15.0,2.0,19.0,Finished,True,15.0,109.953,26.09189189189189,31.79256756756757,57.79054054054054,False,2023,2,Saudi Arabian Grand Prix,Jeddah,Saudi Arabia,2023-03-19,2.6666666666666665,2.0,1.0,2.236067977499791,1.0,0.6666666666666665,3.3333333333333335,1.5,13.0,-1.8,21.688000000000002,1.0,1.0,1.0,0,2,0,0.07337720973330462
14,ALO,Fernando Alonso,Aston Martin,2.0,3.0,15.0,Finished,True,3.0,88.73,26.09189189189189,31.79256756756757,57.79054054054054,False,2023,2,Saudi Arabian Grand Prix,Jeddah,Saudi Arabia,2023-03-19,9.333333333333334,10.8,3.0,8.07465169527454,0.6,-1.4666666666666668,8.0,4.5,-8.8,2.8,0.4650000000000034,16.0,1.0,9.0,0,2,0,0.07337720973330462
63,RUS,George Russell,Mercedes,3.0,4.0,12.0,Finished,True,4.0,88.857,26.09189189189189,31.79256756756757,57.79054054054054,False,2023,2,Saudi Arabian Grand Prix,Jeddah,Saudi Arabia,2023-03-19,4.333333333333333,4.4,1.0,2.1908902300206665,1.0,-0.06666666666666732,6.333333333333333,1.5,-1.4000000000000004,-1.4,0.5919999999999987,5.0,1.0,4.0,0,2,0,0.07337720973330462
44,HAM,Lewis Hamilton,Mercedes,7.0,5.0,10.0,Finished,True,8.0,89.223,26.09189189189189,31.79256756756757,57.79054054054054,False,2023,2,Saudi Arabian Grand Prix,Jeddah,Saudi Arabia,2023-03-19,8.333333333333334,5.8,2.0,6.942621983083912,0.8,2.533333333333334,6.333333333333333,1.5,1.2000000000000002,1.4,0.9579999999999984,10.0,1.0,5.0,0,2,0,0.07337720973330462
55,SAI,Carlos Sainz,Ferrari,4.0,6.0,8.0,Finished,True,5.0,88.931,26.09189189189189,31.79256756756757,57.79054054054054,False,2023,2,Saudi Arabian Grand Prix,Jeddah,Saudi Arabia,2023-03-19,3.6666666666666665,7.2,3.0,7.19027120489902,0.8,-3.5333333333333337,6.0,1.5,-3.2,0.4,0.6659999999999968,3.0,1.0,11.5,0,2,0,0.07337720973330462
16,LEC,Charles Leclerc,Ferrari,12.0,7.0,6.0,Finished,True,2.0,88.42,26.09189189189189,31.79256756756757,57.79054054054054,False,2023,2,Saudi Arabian Grand Prix,Jeddah,Saudi Arabia,2023-03-19,8.333333333333334,6.8,2.0,6.97853852894716,0.9,1.533333333333334,6.0,1.5,5.2,-0.4,0.15500000000000114,2.0,1.0,10.5,0,2,0,0.07337720973330462
31,OCO,Esteban Ocon,Alpine,6.0,8.0,4.0,Finished,True,7.0,89.078,26.09189189189189,31.79256756756757,57.79054054054054,False,2023,2,Saudi Arabian Grand Prix,Jeddah,Saudi Arabia,2023-03-19,11.0,10.4,7.0,4.505552130427525,0.8,0.5999999999999996,11.166666666666666,5.5,-4.4,-1.6,0.8130000000000024,6.0,1.0,9.0,0,2,0,0.07337720973330462
10,GAS,Pierre Gasly,Alpine,9.0,9.0,2.0,Finished,True,10.0,89.357,26.09189189189189,31.79256756756757,57.79054054054054,False,2023,2,Saudi Arabian Grand Prix,Jeddah,Saudi Arabia,2023-03-19,12.333333333333334,12.4,9.0,2.3021728866442692,1.0,-0.06666666666666643,11.166666666666666,5.5,-3.4000000000000004,-2.8,1.0919999999999987,8.0,1.0,11.5,0,2,0,0.07337720973330462
20,MAG,Kevin Magnussen,Haas F1 Team,13.0,10.0,1.0,Finished,True,13.0,89.634,26.09189189189189,31.79256756756757,57.79054054054054,False,2023,2,Saudi Arabian Grand Prix,Jeddah,Saudi Arabia,2023-03-19,16.333333333333332,15.0,9.0,4.0,0.9,1.3333333333333321,15.5,7.0,-2.0,0.0,1.3689999999999998,9.0,1.0,16.5,0,2,0,0.07337720973330462
22,TSU,Yuki Tsunoda,AlphaTauri,16.0,11.0,0.0,Finished,True,16.0,89.939,26.09189189189189,31.79256756756757,57.79054054054054,False,2023,2,Saudi Arabian Grand Prix,Jeddah,Saudi Arabia,2023-03-19,13.0,13.8,10.0,4.438468204234429,0.7,-0.8000000000000007,13.5,9.0,2.1999999999999993,0.4,1.6739999999999924,19.0,1.0,12.5,0,2,0,0.07337720973330462
27,HUL,Nico Hulkenberg,Haas F1 Team,10.0,12.0,0.0,Finished,True,11.0,89.451,26.09189189189189,31.79256756756757,57.79054054054054,False,2023,2,Saudi Arabian Grand Prix,Jeddah,Saudi Arabia,2023-03-19,14.666666666666666,14.666666666666666,12.0,2.5166114784235836,1.0,0.0,15.5,7.0,-4.666666666666666,2.0,1.1859999999999928,12.0,1.0,,0,2,0,0.07337720973330462
24,ZHO,Guanyu Zhou,Alfa Romeo,11.0,13.0,0.0,Finished,True,12.0,89.461,26.09189189189189,31.79256756756757,57.79054054054054,False,2023,2,Saudi Arabian Grand Prix,Jeddah,Saudi Arabia,2023-03-19,13.333333333333334,13.0,12.0,1.7320508075688763,0.9,0.3333333333333339,12.0,7.5,-2.0,0.8,1.195999999999998,11.0,1.0,19.0,0,2,0,0.07337720973330462
21,DEV,Nyck De Vries,AlphaTauri,18.0,14.0,0.0,Finished,True,18.0,90.244,26.09189189189189,31.79256756756757,57.79054054054054,False,2023,2,Saudi Arabian Grand Prix,Jeddah,Saudi Arabia,2023-03-19,11.5,11.5,9.0,3.5355339059327378,1.0,0.0,13.5,9.0,6.5,-1.5,1.9789999999999992,,0.0,,0,2,0,0.07337720973330462
81,PIA,Oscar Piastri,McLaren,8.0,15.0,0.0,Finished,True,9.0,89.243,26.09189189189189,31.79256756756757,57.79054054054054,False,2023,2,Saudi Arabian Grand Prix,Jeddah,Saudi Arabia,2023-03-19,20.0,20.0,20.0,,0.0,0.0,15.0,4.5,-12.0,3.0,0.9779999999999944,,0.0,,0,2,0,0.07337720973330462
2,SAR,Logan Sargeant,Williams,20.0,16.0,0.0,Finished,True,20.0,128.51,26.09189189189189,31.79256756756757,57.79054054054054,False,2023,2,Saudi Arabian Grand Prix,Jeddah,Saudi Arabia,2023-03-19,12.0,12.0,12.0,,1.0,0.0,14.166666666666666,11.0,8.0,2.0,40.24499999999999,,0.0,,0,2,0,0.07337720973330462
4,NOR,Lando Norris,McLaren,19.0,17.0,0.0,Finished,True,19.0,90.447,26.09189189189189,31.79256756756757,57.79054054054054,False,2023,2,Saudi Arabian Grand Prix,Jeddah,Saudi Arabia,2023-03-19,13.666666666666666,11.2,6.0,5.8906705900092575,0.9,2.466666666666667,15.0,4.5,7.800000000000001,-3.2,2.182000000000002,7.0,1.0,14.0,0,2,0,0.07337720973330462
77,BOT,Valtteri Bottas,Alfa Romeo,14.0,18.0,0.0,Lapped,True,14.0,89.668,26.09189189189189,31.79256756756757,57.79054054054054,False,2023,2,Saudi Arabian Grand Prix,Jeddah,Saudi Arabia,2023-03-19,10.666666666666666,12.2,8.0,4.658325879540843,0.7,-1.5333333333333332,12.0,7.5,1.8000000000000007,-0.8,1.4030000000000058,15.0,1.0,9.0,0,2,0,0.07337720973330462
23,ALB,Alexander Albon,Williams,17.0,19.0,0.0,Retired,False,17.0,89.994,26.09189189189189,31.79256756756757,57.79054054054054,False,2023,2,Saudi Arabian Grand Prix,Jeddah,Saudi Arabia,2023-03-19,12.666666666666666,12.6,10.0,1.816590212458495,0.8,0.06666666666666643,14.166666666666666,11.0,4.4,-3.8,1.7289999999999992,14.0,1.0,10.5,0,2,0,0.07337720973330462
18,STR,Lance Stroll,Aston Martin,5.0,20.0,0.0,Retired,False,6.0,88.945,26.09189189189189,31.79256756756757,57.79054054054054,False,2023,2,Saudi Arabian Grand Prix,Jeddah,Saudi Arabia,2023-03-19,8.0,11.4,6.0,4.979959839195493,0.8,-3.4000000000000004,8.0,4.5,-6.4,2.2,0.6799999999999926,13.0,1.0,13.0,0,2,0,0.07337720973330462
1,VER,Max Verstappen,Red Bull Racing,1.0,1.0,25.0,Finished,True,1.0,76.732,17.449549549549552,30.13963963963964,54.15765765765766,False,2023,3,Australian Grand Prix,Melbourne,Australia,2023-04-02,1.3333333333333333,2.2,1.0,2.1679483388678813,1.0,-0.8666666666666669,1.6666666666666667,1.5,-1.2000000000000002,-1.0,0.0,18.0,1.0,1.0,0,3,0,0.07535421485310077
44,HAM,Lewis Hamilton,Mercedes,3.0,2.0,18.0,Finished,True,3.0,77.104,17.449549549549552,30.13963963963964,54.15765765765766,False,2023,3,Australian Grand Prix,Melbourne,Australia,2023-04-02,9.333333333333334,6.4,2.0,6.655824516917494,0.9,2.9333333333333336,7.333333333333333,1.5,-3.4000000000000004,2.2,0.3719999999999999,4.0,1.0,7.333333333333333,0,3,0,0.07535421485310077
14,ALO,Fernando Alonso,Aston Martin,4.0,3.0,15.0,Finished,True,4.0,77.139,17.449549549549552,30.13963963963964,54.15765765765766,False,2023,3,Australian Grand Prix,Melbourne,Australia,2023-04-02,8.666666666666666,10.0,3.0,8.717797887081348,0.6,-1.333333333333334,8.333333333333334,4.5,-6.0,0.2,0.4069999999999965,17.0,1.0,13.0,0,3,0,0.07535421485310077
18,STR,Lance Stroll,Aston Martin,6.0,4.0,12.0,Finished,True,6.0,77.308,17.449549549549552,30.13963963963964,54.15765765765766,False,2023,3,Australian Grand Prix,Melbourne,Australia,2023-04-02,11.333333333333334,11.8,6.0,5.674504383644442,0.7,-0.4666666666666668,8.333333333333334,4.5,-5.800000000000001,3.6,0.5760000000000076,12.0,1.0,10.0,0,3,0,0.07535421485310077
11,PER,Sergio Perez,Red Bull Racing,20.0,5.0,11.0,Finished,True,20.0,,17.449549549549552,30.13963963963964,54.15765765765766,False,2023,3,Australian Grand Prix,Melbourne,Australia,2023-04-02,2.0,3.2,1.0,2.280350850198276,1.0,-1.2000000000000002,1.6666666666666667,1.5,16.8,1.0,,2.0,1.0,8.666666666666666,0,3,0,0.07535421485310077
4,NOR,Lando Norris,McLaren,13.0,6.0,8.0,Finished,True,13.0,78.119,17.449549549549552,30.13963963963964,54.15765765765766,False,2023,3,Australian Grand Prix,Melbourne,Australia,2023-04-02,13.333333333333334,13.4,6.0,5.504543577809155,0.9,-0.06666666666666643,14.0,4.5,-0.40000000000000036,-0.8,1.3870000000000005,5.0,1.0,12.333333333333334,0,3,0,0.07535421485310077
27,HUL,Nico Hulkenberg,Haas F1 Team,10.0,7.0,6.0,Finished,True,10.0,77.735,17.449549549549552,30.13963963963964,54.15765765765766,False,2023,3,Australian Grand Prix,Melbourne,Australia,2023-04-02,13.0,14.0,12.0,2.449489742783178,1.0,-1.0,13.833333333333334,7.0,-4.0,2.0,1.0030000000000001,,0.0,,0,3,0,0.07535421485310077
81,PIA,Oscar Piastri,McLaren,16.0,8.0,4.0,Finished,True,16.0,78.517,17.449549549549552,30.13963963963964,54.15765765765766,False,2023,3,Australian Grand Prix,Melbourne,Australia,2023-04-02,17.5,17.5,15.0,3.5355339059327378,0.5,0.0,14.0,4.5,-1.5,0.5,1.7849999999999966,,0.0,,0,3,0,0.07535421485310077
24,ZHO,Guanyu Zhou,Alfa Romeo,17.0,9.0,2.0,Finished,True,17.0,78.54,17.449549549549552,30.13963963963964,54.15765765765766,False,2023,3,Australian Grand Prix,Melbourne,Australia,2023-04-02,13.666666666666666,13.2,12.0,1.6431676725154973,0.9,0.4666666666666668,13.666666666666666,7.5,3.8000000000000007,1.2,1.808000000000007,11.0,1.0,14.333333333333334,0,3,0,0.07535421485310077
22,TSU,Yuki Tsunoda,AlphaTauri,12.0,10.0,1.0,Finished,True,12.0,78.099,17.449549549549552,30.13963963963964,54.15765765765766,False,2023,3,Australian Grand Prix,Melbourne,Australia,2023-04-02,11.0,14.0,11.0,4.242640687119284,0.7,-3.0,12.5,9.0,-2.0,0.6,1.3670000000000044,15.0,1.0,12.333333333333334,0,3,0,0.07535421485310077
77,BOT,Valtteri Bottas,Alfa Romeo,19.0,11.0,0.0,Finished,True,19.0,78.714,17.449549549549552,30.13963963963964,54.15765765765766,False,2023,3,Australian Grand Prix,Melbourne,Australia,2023-04-02,13.666666666666666,12.0,8.0,4.30116263352131,0.8,1.666666666666666,13.666666666666666,7.5,7.0,-1.2,1.9819999999999993,8.0,1.0,6.333333333333333,0,3,0,0.07535421485310077
55,SAI,Carlos Sainz,Ferrari,5.0,12.0,0.0,Finished,True,5.0,77.27,17.449549549549552,30.13963963963964,54.15765765765766,False,2023,3,Australian Grand Prix,Melbourne,Australia,2023-04-02,4.666666666666667,4.4,3.0,1.1401754250991352,0.8,0.2666666666666666,7.0,1.5,0.5999999999999996,-3.2,0.5379999999999967,20.0,1.0,8.333333333333334,0,3,0,0.07535421485310077
10,GAS,Pierre Gasly,Alpine,9.0,13.0,0.0,Retired,False,9.0,77.675,17.449549549549552,30.13963963963964,54.15765765765766,False,2023,3,Australian Grand Prix,Melbourne,Australia,2023-04-02,10.666666666666666,11.4,9.0,2.509980079602228,1.0,-0.7333333333333343,11.833333333333334,5.5,-2.4000000000000004,-3.4,0.9429999999999978,9.0,1.0,14.666666666666666,0,3,0,0.07535421485310077
31,OCO,Esteban Ocon,Alpine,11.0,14.0,0.0,Retired,False,11.0,77.768,17.449549549549552,30.13963963963964,54.15765765765766,False,2023,3,Australian Grand Prix,Melbourne,Australia,2023-04-02,11.0,9.8,7.0,4.604345773288536,0.8,1.1999999999999993,11.833333333333334,5.5,1.1999999999999993,-2.6,1.0360000000000014,7.0,1.0,9.333333333333334,0,3,0,0.07535421485310077
21,DEV,Nyck De Vries,AlphaTauri,15.0,15.0,0.0,Retired,False,15.0,78.335,17.449549549549552,30.13963963963964,54.15765765765766,False,2023,3,Australian Grand Prix,Melbourne,Australia,2023-04-02,12.333333333333334,12.333333333333334,9.0,2.8867513459481287,1.0,0.0,12.5,9.0,2.666666666666666,0.0,1.6029999999999944,,0.0,,0,3,0,0.07535421485310077
2,SAR,Logan Sargeant,Williams,18.0,16.0,0.0,Retired,False,18.0,78.557,17.449549549549552,30.13963963963964,54.15765765765766,False,2023,3,Australian Grand Prix,Melbourne,Australia,2023-04-02,14.0,14.0,12.0,2.8284271247461903,1.0,0.0,14.833333333333334,11.0,4.0,-0.5,1.8250000000000028,,0.0,,0,3,0,0.07535421485310077
20,MAG,Kevin Magnussen,Haas F1 Team,14.0,17.0,0.0,Retired,False,14.0,78.129,17.449549549549552,30.13963963963964,54.15765765765766,False,2023,3,Australian Grand Prix,Melbourne,Australia,2023-04-02,13.333333333333334,15.2,10.0,3.6331804249169903,0.9,-1.8666666666666654,13.833333333333334,7.0,-1.1999999999999993,0.8,1.3970000000000056,14.0,1.0,14.0,0,3,0,0.07535421485310077
63,RUS,George Russell,Mercedes,2.0,18.0,0.0,Retired,False,2.0,76.968,17.449549549549552,30.13963963963964,54.15765765765766,False,2023,3,Australian Grand Prix,Melbourne,Australia,2023-04-02,5.333333333333333,4.2,1.0,2.167948338867882,1.0,1.1333333333333329,7.333333333333333,1.5,-2.2,-2.2,0.2360000000000042,3.0,1.0,4.333333333333333,0,3,0,0.07535421485310077
23,ALB,Alexander Albon,Williams,8.0,19.0,0.0,Retired,False,8.0,77.609,17.449549549549552,30.13963963963964,54.15765765765766,False,2023,3,Australian Grand Prix,Melbourne,Australia,2023-04-02,14.0,13.8,10.0,3.420526275297414,0.7,0.1999999999999993,14.833333333333334,11.0,-5.800000000000001,-2.4,0.8769999999999953,10.0,1.0,11.0,0,3,0,0.07535421485310077
16,LEC,Charles Leclerc,Ferrari,7.0,20.0,0.0,Retired,False,7.0,77.369,17.449549549549552,30.13963963963964,54.15765765765766,False,2023,3,Australian Grand Prix,Melbourne,Australia,2023-04-02,9.333333333333334,7.6,2.0,6.655824516917494,0.9,1.7333333333333343,7.0,1.5,-0.5999999999999996,3.2,0.6370000000000005,1.0,1.0,4.333333333333333,0,3,0,0.07535421485310077
11,PER,Sergio Perez,Red Bull Racing,3.0,1.0,25.0,Finished,True,3.0,100.495,24.860625,41.209999999999994,49.225,False,2023,4,Azerbaijan Grand Prix,Baku,Azerbaijan,2023-04-30,2.6666666666666665,3.6,1.0,2.4083189157584592,1.0,-0.9333333333333336,2.0,1.5,-0.6000000000000001,1.4,0.2920000000000016,2.0,1.0,2.5,0,4,0,0.07946945984083814
1,VER,Max Verstappen,Red Bull Racing,2.0,2.0,18.0,Finished,True,2.0,100.391,24.860625,41.209999999999994,49.225,False,2023,4,Azerbaijan Grand Prix,Baku,Azerbaijan,2023-04-30,1.3333333333333333,2.2,1.0,2.1679483388678813,1.0,-0.8666666666666669,2.0,1.5,-0.20000000000000018,-1.4,0.1880000000000024,1.0,1.0,1.75,0,4,0,0.07946945984083814
16,LEC,Charles Leclerc,Ferrari,1.0,3.0,15.0,Finished,True,1.0,100.203,24.860625,41.209999999999994,49.225,False,2023,4,Azerbaijan Grand Prix,Baku,Azerbaijan,2023-04-30,15.333333333333334,10.4,2.0,8.502940667792524,0.8,4.933333333333334,11.333333333333334,1.5,-9.4,4.6,0.0,19.0,1.0,3.75,0,4,0,0.07946945984083814
14,ALO,Fernando Alonso,Aston Martin,6.0,4.0,12.0,Finished,True,6.0,101.253,24.860625,41.209999999999994,49.225,False,2023,4,Azerbaijan Grand Prix,Baku,Azerbaijan,2023-04-30,3.0,6.8,3.0,7.429670248402684,0.6,-3.8,6.5,3.5,-0.7999999999999998,-2.2,1.0499999999999972,7.0,1.0,9.25,0,4,0,0.07946945984083814
55,SAI,Carlos Sainz,Ferrari,4.0,5.0,10.0,Finished,True,4.0,101.016,24.860625,41.209999999999994,49.225,False,2023,4,Azerbaijan Grand Prix,Baku,Azerbaijan,2023-04-30,7.333333333333333,5.8,3.0,3.6331804249169894,0.8,1.5333333333333332,11.333333333333334,1.5,-1.7999999999999998,-4.6,0.8130000000000024,20.0,1.0,3.5,0,4,0,0.07946945984083814
44,HAM,Lewis Hamilton,Mercedes,5.0,6.0,8.0,Finished,True,5.0,101.177,24.860625,41.209999999999994,49.225,False,2023,4,Azerbaijan Grand Prix,Baku,Azerbaijan,2023-04-30,4.0,6.4,2.0,6.655824516917494,0.9,-2.4000000000000004,6.833333333333333,1.5,-1.4000000000000004,-0.6,0.9740000000000038,4.0,1.0,7.25,0,4,0,0.07946945984083814
18,STR,Lance Stroll,Aston Martin,9.0,7.0,6.0,Finished,True,9.0,101.611,24.860625,41.209999999999994,49.225,False,2023,4,Azerbaijan Grand Prix,Baku,Azerbaijan,2023-04-30,10.0,9.6,4.0,6.2289646009589745,0.7,0.40000000000000036,6.5,3.5,-0.5999999999999996,3.6,1.4080000000000013,16.0,1.0,14.25,0,4,0,0.07946945984083814
63,RUS,George Russell,Mercedes,11.0,8.0,5.0,Finished,True,11.0,101.654,24.860625,41.209999999999994,49.225,False,2023,4,Azerbaijan Grand Prix,Baku,Azerbaijan,2023-04-30,9.666666666666666,7.0,1.0,6.519202405202649,0.9,2.666666666666666,6.833333333333333,1.5,4.0,0.6,1.4509999999999934,3.0,1.0,4.75,0,4,0,0.07946945984083814
4,NOR,Lando Norris,McLaren,7.0,9.0,2.0,Finished,True,7.0,101.281,24.860625,41.209999999999994,49.225,False,2023,4,Azerbaijan Grand Prix,Baku,Azerbaijan,2023-04-30,13.333333333333334,12.8,6.0,6.220932405998317,0.9,0.5333333333333332,13.833333333333334,4.5,-5.800000000000001,-1.6,1.078000000000003,9.0,1.0,12.25,0,4,0,0.07946945984083814
22,TSU,Yuki Tsunoda,AlphaTauri,8.0,10.0,1.0,Finished,True,8.0,101.581,24.860625,41.209999999999994,49.225,False,2023,4,Azerbaijan Grand Prix,Baku,Azerbaijan,2023-04-30,10.666666666666666,12.0,10.0,2.828427124746189,0.8,-1.333333333333334,12.5,9.0,-4.0,-2.2,1.3780000000000001,13.0,1.0,14.75,0,4,0,0.07946945984083814
81,PIA,Oscar Piastri,McLaren,10.0,11.0,0.0,Finished,True,10.0,101.611,24.860625,41.209999999999994,49.225,False,2023,4,Azerbaijan Grand Prix,Baku,Azerbaijan,2023-04-30,14.333333333333334,14.333333333333334,8.0,6.027713773341708,0.6666666666666666,0.0,13.833333333333334,4.5,-4.333333333333334,1.0,1.4080000000000013,,0.0,15.0,0,4,0,0.07946945984083814
23,ALB,Alexander Albon,Williams,12.0,12.0,0.0,Finished,True,13.0,101.818,24.860625,41.209999999999994,49.225,False,2023,4,Azerbaijan Grand Prix,Baku,Azerbaijan,2023-04-30,16.0,15.2,10.0,3.8987177379235853,0.6,0.8000000000000007,15.333333333333334,11.0,-3.1999999999999993,-0.6,1.6149999999999949,12.0,1.0,15.0,0,4,0,0.07946945984083814
20,MAG,Kevin Magnussen,Haas F1 Team,16.0,13.0,0.0,Finished,True,18.0,103.417,24.860625,41.209999999999994,49.225,False,2023,4,Azerbaijan Grand Prix,Baku,Azerbaijan,2023-04-30,13.333333333333334,15.2,10.0,3.6331804249169903,0.8,-1.8666666666666654,12.333333333333334,7.0,0.8000000000000007,2.6,3.2139999999999986,17.0,1.0,13.75,0,4,0,0.07946945984083814
10,GAS,Pierre Gasly,Alpine,17.0,14.0,0.0,Finished,True,19.0,104.853,24.860625,41.209999999999994,49.225,False,2023,4,Azerbaijan Grand Prix,Baku,Azerbaijan,2023-04-30,10.333333333333334,11.8,9.0,2.5884358211089586,0.9,-1.4666666666666668,11.833333333333334,5.5,5.199999999999999,-1.8,4.6499999999999915,5.0,1.0,11.5,0,4,0,0.07946945984083814
31,OCO,Esteban Ocon,Alpine,19.0,15.0,0.0,Finished,True,12.0,101.798,24.860625,41.209999999999994,49.225,False,2023,4,Azerbaijan Grand Prix,Baku,Azerbaijan,2023-04-30,13.333333333333334,11.0,7.0,4.79583152331272,0.7,2.333333333333334,11.833333333333334,5.5,8.0,-0.2,1.5949999999999989,10.0,1.0,8.5,0,4,0,0.07946945984083814
2,SAR,Logan Sargeant,Williams,14.0,16.0,0.0,Finished,True,15.0,102.395,24.860625,41.209999999999994,49.225,False,2023,4,Azerbaijan Grand Prix,Baku,Azerbaijan,2023-04-30,14.666666666666666,14.666666666666666,12.0,2.3094010767585034,0.6666666666666666,0.0,15.333333333333334,11.0,-0.6666666666666661,-1.3333333333333333,2.191999999999993,,0.0,16.0,0,4,0,0.07946945984083814
27,HUL,Nico Hulkenberg,Haas F1 Team,20.0,17.0,0.0,Lapped,True,17.0,102.755,24.860625,41.209999999999994,49.225,False,2023,4,Azerbaijan Grand Prix,Baku,Azerbaijan,2023-04-30,11.333333333333334,12.6,7.0,3.7815340802378072,1.0,-1.2666666666666657,12.333333333333334,7.0,7.4,-0.4,2.5519999999999925,,0.0,12.0,0,4,0,0.07946945984083814
77,BOT,Valtteri Bottas,Alfa Romeo,13.0,18.0,0.0,Lapped,True,14.0,102.259,24.860625,41.209999999999994,49.225,False,2023,4,Azerbaijan Grand Prix,Baku,Azerbaijan,2023-04-30,12.333333333333334,12.2,8.0,4.207136793592523,0.9,0.13333333333333464,12.5,7.5,0.8000000000000007,-0.2,2.0559999999999974,11.0,1.0,12.25,0,4,0,0.07946945984083814
24,ZHO,Guanyu Zhou,Alfa Romeo,15.0,19.0,0.0,Retired,False,16.0,102.642,24.860625,41.209999999999994,49.225,False,2023,4,Azerbaijan Grand Prix,Baku,Azerbaijan,2023-04-30,12.666666666666666,12.4,9.0,2.5099800796022262,0.9,0.2666666666666657,12.5,7.5,2.5999999999999996,0.2,2.438999999999993,18.0,1.0,15.0,0,4,0,0.07946945984083814
21,DEV,Nyck De Vries,AlphaTauri,18.0,20.0,0.0,Retired,False,20.0,115.282,24.860625,41.209999999999994,49.225,False,2023,4,Azerbaijan Grand Prix,Baku,Azerbaijan,2023-04-30,14.333333333333334,13.0,9.0,2.70801280154532,0.75,1.333333333333334,12.5,9.0,5.0,1.25,15.078999999999994,,0.0,14.0,0,4,0,0.07946945984083814
1,VER,Max Verstappen,Red Bull Racing,9.0,1.0,26.0,Finished,True,9.0,86.814,27.11741935483871,36.689032258064515,59.42580645161291,False,2023,5,Miami Grand Prix,Miami,United States,2023-05-07,1.6666666666666667,1.4,1.0,0.5477225575051721,1.0,0.26666666666666683,2.0,1.5,7.6,-1.0,0.0,1.0,1.0,4.166666666666667,0,5,0,0.0805329186776447
11,PER,Sergio Perez,Red Bull Racing,1.0,2.0,18.0,Finished,True,1.0,86.841,27.11741935483871,36.689032258064515,59.42580645161291,False,2023,5,Miami Grand Prix,Miami,United States,2023-05-07,2.3333333333333335,2.4,1.0,1.6733200530681513,1.0,-0.06666666666666643,2.0,1.5,-1.4,1.0,0.027000000000001023,4.0,1.0,2.5,0,5,0,0.0805329186776447
14,ALO,Fernando Alonso,Aston Martin,2.0,3.0,15.0,Finished,True,2.0,87.202,27.11741935483871,36.689032258064515,59.42580645161291,False,2023,5,Miami Grand Prix,Miami,United States,2023-05-07,3.3333333333333335,6.6,3.0,7.503332592921628,0.7,-3.266666666666666,6.833333333333333,3.5,-4.6,-2.2,0.38800000000000523,11.0,1.0,8.333333333333334,0,5,0,0.0805329186776447
63,RUS,George Russell,Mercedes,6.0,4.0,12.0,Finished,True,6.0,87.804,27.11741935483871,36.689032258064515,59.42580645161291,False,2023,5,Miami Grand Prix,Miami,United States,2023-05-07,10.0,8.4,4.0,5.594640292279747,0.9,1.5999999999999996,7.166666666666667,1.5,-2.4000000000000004,1.2,0.9900000000000091,5.0,1.0,6.833333333333333,0,5,0,0.0805329186776447
55,SAI,Carlos Sainz,Ferrari,3.0,5.0,10.0,Finished,True,3.0,87.349,27.11741935483871,36.689032258064515,59.42580645161291,False,2023,5,Miami Grand Prix,Miami,United States,2023-05-07,7.666666666666667,6.2,4.0,3.3466401061363023,0.8,1.4666666666666668,8.833333333333334,1.5,-3.2,-4.0,0.5350000000000108,3.0,1.0,11.0,0,5,0,0.0805329186776447
44,HAM,Lewis Hamilton,Mercedes,13.0,6.0,8.0,Finished,True,13.0,87.975,27.11741935483871,36.689032258064515,59.42580645161291,False,2023,5,Miami Grand Prix,Miami,United States,2023-05-07,4.333333333333333,7.2,2.0,6.220932405998315,0.9,-2.866666666666667,7.166666666666667,1.5,5.8,-1.2,1.1610000000000014,6.0,1.0,5.166666666666667,0,5,0,0.0805329186776447
16,LEC,Charles Leclerc,Ferrari,7.0,7.0,6.0,Finished,True,7.0,87.861,27.11741935483871,36.689032258064515,59.42580645161291,False,2023,5,Miami Grand Prix,Miami,United States,2023-05-07,10.0,10.2,2.0,8.700574693662482,0.8,-0.1999999999999993,8.833333333333334,1.5,-3.1999999999999993,4.0,1.0470000000000113,2.0,1.0,8.666666666666666,0,5,0,0.0805329186776447
10,GAS,Pierre Gasly,Alpine,5.0,8.0,4.0,Finished,True,5.0,87.786,27.11741935483871,36.689032258064515,59.42580645161291,False,2023,5,Miami Grand Prix,Miami,United States,2023-05-07,12.0,11.8,9.0,2.5884358211089586,0.9,0.1999999999999993,12.166666666666666,5.5,-6.800000000000001,-1.4,0.9720000000000084,18.0,1.0,9.666666666666666,0,5,0,0.0805329186776447
31,OCO,Esteban Ocon,Alpine,8.0,9.0,2.0,Finished,True,8.0,87.935,27.11741935483871,36.689032258064515,59.42580645161291,False,2023,5,Miami Grand Prix,Miami,United States,2023-05-07,12.333333333333334,12.4,7.0,4.722287581247039,0.7,-0.06666666666666643,12.166666666666666,5.5,-4.4,-0.6,1.1210000000000093,8.0,1.0,10.0,0,5,0,0.0805329186776447
20,MAG,Kevin Magnussen,Haas F1 Team,4.0,10.0,1.0,Finished,True,4.0,87.767,27.11741935483871,36.689032258064515,59.42580645161291,False,2023,5,Miami Grand Prix,Miami,United States,2023-05-07,13.333333333333334,14.0,10.0,3.0000000000000004,0.8,-0.6666666666666661,12.666666666666666,7.0,-10.0,0.6,0.953000000000003,16.0,1.0,13.333333333333334,0,5,0,0.0805329186776447
22,TSU,Yuki Tsunoda,AlphaTauri,17.0,11.0,0.0,Finished,True,17.0,88.429,27.11741935483871,36.689032258064515,59.42580645161291,False,2023,5,Miami Grand Prix,Miami,United States,2023-05-07,10.333333333333334,10.6,10.0,0.5477225575051595,0.8,-0.2666666666666657,13.333333333333334,9.0,6.4,-4.8,1.615000000000009,12.0,1.0,13.0,0,5,0,0.0805329186776447
18,STR,Lance Stroll,Aston Martin,18.0,12.0,0.0,Finished,True,18.0,88.476,27.11741935483871,36.689032258064515,59.42580645161291,False,2023,5,Miami Grand Prix,Miami,United States,2023-05-07,10.333333333333334,9.0,4.0,6.324555320336759,0.8,1.333333333333334,6.833333333333333,3.5,9.0,4.4,1.6620000000000061,10.0,1.0,12.0,0,5,0,0.0805329186776447
77,BOT,Valtteri Bottas,Alfa Romeo,10.0,13.0,0.0,Finished,True,10.0,87.564,27.11741935483871,36.689032258064515,59.42580645161291,False,2023,5,Miami Grand Prix,Miami,United States,2023-05-07,15.666666666666666,14.0,8.0,4.415880433163922,0.9,1.666666666666666,14.666666666666666,7.5,-4.0,0.2,0.75,7.0,1.0,13.5,0,5,0,0.0805329186776447
23,ALB,Alexander Albon,Williams,11.0,14.0,0.0,Finished,True,11.0,87.795,27.11741935483871,36.689032258064515,59.42580645161291,False,2023,5,Miami Grand Prix,Miami,United States,2023-05-07,16.666666666666668,14.6,10.0,4.159326868617084,0.6,2.066666666666668,16.333333333333332,11.0,-3.5999999999999996,-1.2,0.9810000000000088,9.0,1.0,14.333333333333334,0,5,0,0.0805329186776447
27,HUL,Nico Hulkenberg,Haas F1 Team,12.0,15.0,0.0,Finished,True,12.0,87.903,27.11741935483871,36.689032258064515,59.42580645161291,False,2023,5,Miami Grand Prix,Miami,United States,2023-05-07,12.0,12.6,7.0,3.7815340802378072,1.0,-0.5999999999999996,12.666666666666666,7.0,-0.5999999999999996,-0.6,1.0890000000000128,,0.0,12.0,0,5,0,0.0805329186776447
24,ZHO,Guanyu Zhou,Alfa Romeo,14.0,16.0,0.0,Finished,True,14.0,88.091,27.11741935483871,36.689032258064515,59.42580645161291,False,2023,5,Miami Grand Prix,Miami,United States,2023-05-07,13.666666666666666,13.8,9.0,3.8340579025361623,0.8,-0.13333333333333464,14.666666666666666,7.5,0.1999999999999993,-0.2,1.277000000000001,20.0,1.0,13.5,0,5,0,0.0805329186776447
4,NOR,Lando Norris,McLaren,16.0,17.0,0.0,Finished,True,16.0,88.394,27.11741935483871,36.689032258064515,59.42580645161291,False,2023,5,Miami Grand Prix,Miami,United States,2023-05-07,10.666666666666666,11.0,6.0,5.612486080160913,0.9,-0.3333333333333339,11.0,4.5,5.0,-1.6,1.5800000000000125,19.0,1.0,8.833333333333334,0,5,0,0.0805329186776447
21,DEV,Nyck De Vries,AlphaTauri,15.0,18.0,0.0,Finished,True,15.0,88.395,27.11741935483871,36.689032258064515,59.42580645161291,False,2023,5,Miami Grand Prix,Miami,United States,2023-05-07,16.333333333333332,14.4,9.0,3.9115214431215892,0.6,1.9333333333333318,13.333333333333334,9.0,0.5999999999999996,3.0,1.581000000000003,,0.0,16.333333333333332,0,5,0,0.0805329186776447
81,PIA,Oscar Piastri,McLaren,19.0,19.0,0.0,Lapped,True,19.0,88.484,27.11741935483871,36.689032258064515,59.42580645161291,False,2023,5,Miami Grand Prix,Miami,United States,2023-05-07,11.333333333333334,13.5,8.0,5.196152422706632,0.75,-2.166666666666666,11.0,4.5,5.5,1.25,1.6700000000000017,,0.0,11.333333333333334,0,5,0,0.0805329186776447
2,SAR,Logan Sargeant,Williams,20.0,20.0,0.0,Lapped,True,20.0,88.577,27.11741935483871,36.689032258064515,59.42580645161291,False,2023,5,Miami Grand Prix,Miami,United States,2023-05-07,16.0,15.0,12.0,2.0,0.75,1.0,16.333333333333332,11.0,5.0,0.0,1.7630000000000052,,0.0,16.0,0,5,0,0.0805329186776447
1,VER,Max Verstappen,Red Bull Racing,1.0,1.0,25.0,Finished,True,1.0,71.365,25.06590909090909,39.25568181818182,45.86363636363637,True,2023,6,Monaco Grand Prix,Monaco,Monaco,2023-05-28,1.3333333333333333,1.4,1.0,0.5477225575051721,1.0,-0.06666666666666665,2.0,1.5,-0.3999999999999999,-0.8,0.0,3.0,1.0,1.5,1,6,0,0.08380944662095051
14,ALO,Fernando Alonso,Aston Martin,2.0,2.0,18.0,Finished,True,2.0,71.449,25.06590909090909,39.25568181818182,45.86363636363637,True,2023,6,Monaco Grand Prix,Monaco,Monaco,2023-05-28,3.3333333333333335,3.2,3.0,0.44721359549995304,0.8,0.1333333333333333,5.5,3.5,-1.2000000000000002,-6.6,0.08400000000000318,7.0,1.0,7.5,1,6,0,0.08380944662095051
31,OCO,Esteban Ocon,Alpine,3.0,3.0,15.0,Finished,True,4.0,71.553,25.06590909090909,39.25568181818182,45.86363636363637,True,2023,6,Monaco Grand Prix,Monaco,Monaco,2023-05-28,12.666666666666666,12.8,8.0,4.207136793592526,0.8,-0.13333333333333464,12.166666666666666,5.5,-9.8,2.2,0.1880000000000024,12.0,1.0,9.75,1,6,0,0.08380944662095051
44,HAM,Lewis Hamilton,Mercedes,5.0,4.0,13.0,Finished,True,6.0,71.725,25.06590909090909,39.25568181818182,45.86363636363637,True,2023,6,Monaco Grand Prix,Monaco,Monaco,2023-05-28,4.666666666666667,4.8,2.0,1.6431676725154942,0.9,-0.13333333333333286,7.333333333333333,1.5,0.20000000000000018,-3.4,0.35999999999999943,8.0,1.0,6.25,1,6,0,0.08380944662095051
63,RUS,George Russell,Mercedes,8.0,5.0,10.0,Finished,True,8.0,71.964,25.06590909090909,39.25568181818182,45.86363636363637,True,2023,6,Monaco Grand Prix,Monaco,Monaco,2023-05-28,10.0,8.2,4.0,5.761944116355174,0.9,1.8000000000000007,7.333333333333333,1.5,-0.1999999999999993,3.4,0.5990000000000038,5.0,1.0,5.0,1,6,0,0.08380944662095051
16,LEC,Charles Leclerc,Ferrari,6.0,6.0,8.0,Finished,True,3.0,71.471,25.06590909090909,39.25568181818182,45.86363636363637,True,2023,6,Monaco Grand Prix,Monaco,Monaco,2023-05-28,10.0,11.2,3.0,7.758865896508328,0.8,-1.1999999999999993,8.666666666666666,1.5,-5.199999999999999,4.8,0.10600000000000875,4.0,1.0,7.75,1,6,0,0.08380944662095051
10,GAS,Pierre Gasly,Alpine,7.0,7.0,6.0,Finished,True,7.0,71.933,25.06590909090909,39.25568181818182,45.86363636363637,True,2023,6,Monaco Grand Prix,Monaco,Monaco,2023-05-28,11.666666666666666,10.6,8.0,2.701851217221261,0.9,1.0666666666666664,12.166666666666666,5.5,-3.5999999999999996,-2.2,0.568000000000012,11.0,1.0,9.0,1,6,0,0.08380944662095051
55,SAI,Carlos Sainz,Ferrari,4.0,8.0,4.0,Finished,True,5.0,71.63,25.06590909090909,39.25568181818182,45.86363636363637,True,2023,6,Monaco Grand Prix,Monaco,Monaco,2023-05-28,7.333333333333333,6.4,4.0,3.2093613071762426,0.8,0.9333333333333327,8.666666666666666,1.5,-2.4000000000000004,-4.8,0.26500000000000057,2.0,1.0,8.5,1,6,0,0.08380944662095051
4,NOR,Lando Norris,McLaren,10.0,9.0,2.0,Lapped,True,10.0,72.254,25.06590909090909,39.25568181818182,45.86363636363637,True,2023,6,Monaco Grand Prix,Monaco,Monaco,2023-05-28,10.666666666666666,13.2,6.0,5.310367218940702,0.9,-2.533333333333333,11.666666666666666,4.5,-3.1999999999999993,-1.4,0.88900000000001,6.0,1.0,10.5,1,6,0,0.08380944662095051
81,PIA,Oscar Piastri,McLaren,11.0,10.0,1.0,Lapped,True,11.0,72.395,25.06590909090909,39.25568181818182,45.86363636363637,True,2023,6,Monaco Grand Prix,Monaco,Monaco,2023-05-28,12.666666666666666,14.6,8.0,5.128352561983234,0.8,-1.9333333333333336,11.666666666666666,4.5,-3.5999999999999996,1.4,1.0300000000000011,,0.0,13.0,1,6,0,0.08380944662095051
77,BOT,Valtteri Bottas,Alfa Romeo,15.0,11.0,0.0,Lapped,True,15.0,72.625,25.06590909090909,39.25568181818182,45.86363636363637,True,2023,6,Monaco Grand Prix,Monaco,Monaco,2023-05-28,14.0,13.6,8.0,4.393176527297758,0.9,0.40000000000000036,14.333333333333334,7.5,1.4000000000000004,-1.0,1.2600000000000051,9.0,1.0,15.5,1,6,0,0.08380944662095051
21,DEV,Nyck De Vries,AlphaTauri,12.0,12.0,0.0,Lapped,True,12.0,72.428,25.06590909090909,39.25568181818182,45.86363636363637,True,2023,6,Monaco Grand Prix,Monaco,Monaco,2023-05-28,17.666666666666668,16.2,14.0,2.6832815729997472,0.6666666666666666,1.4666666666666686,14.0,9.0,-4.199999999999999,5.6,1.0630000000000024,,0.0,17.0,1,6,0,0.08380944662095051
24,ZHO,Guanyu Zhou,Alfa Romeo,19.0,13.0,0.0,Lapped,True,19.0,73.523,25.06590909090909,39.25568181818182,45.86363636363637,True,2023,6,Monaco Grand Prix,Monaco,Monaco,2023-05-28,14.666666666666666,14.6,9.0,3.781534080237807,0.9,0.06666666666666643,14.333333333333334,7.5,4.4,1.0,2.1580000000000013,16.0,1.0,15.25,1,6,0,0.08380944662095051
23,ALB,Alexander Albon,Williams,13.0,14.0,0.0,Lapped,True,13.0,72.527,25.06590909090909,39.25568181818182,45.86363636363637,True,2023,6,Monaco Grand Prix,Monaco,Monaco,2023-05-28,15.0,14.8,10.0,4.08656334834051,0.7,0.1999999999999993,16.166666666666668,11.0,-1.8000000000000007,-1.2,1.1620000000000061,18.0,1.0,14.25,1,6,0,0.08380944662095051
22,TSU,Yuki Tsunoda,AlphaTauri,9.0,15.0,0.0,Lapped,True,9.0,72.082,25.06590909090909,39.25568181818182,45.86363636363637,True,2023,6,Monaco Grand Prix,Monaco,Monaco,2023-05-28,10.333333333333334,10.6,10.0,0.5477225575051595,0.9,-0.2666666666666657,14.0,9.0,-1.5999999999999996,-5.6,0.7169999999999987,17.0,1.0,13.25,1,6,0,0.08380944662095051
11,PER,Sergio Perez,Red Bull Racing,20.0,16.0,0.0,Lapped,True,20.0,73.85,25.06590909090909,39.25568181818182,45.86363636363637,True,2023,6,Monaco Grand Prix,Monaco,Monaco,2023-05-28,2.6666666666666665,2.2,1.0,1.6431676725154987,1.0,0.46666666666666634,2.0,1.5,17.8,0.8,2.4849999999999994,1.0,1.0,2.0,1,6,0,0.08380944662095051
27,HUL,Nico Hulkenberg,Haas F1 Team,18.0,17.0,0.0,Lapped,True,18.0,73.279,25.06590909090909,39.25568181818182,45.86363636363637,True,2023,6,Monaco Grand Prix,Monaco,Monaco,2023-05-28,13.0,13.2,7.0,3.8987177379235853,1.0,-0.1999999999999993,13.166666666666666,7.0,4.800000000000001,0.6,1.9140000000000015,,0.0,13.666666666666666,1,6,0,0.08380944662095051
2,SAR,Logan Sargeant,Williams,16.0,18.0,0.0,Lapped,True,16.0,73.113,25.06590909090909,39.25568181818182,45.86363636363637,True,2023,6,Monaco Grand Prix,Monaco,Monaco,2023-05-28,17.333333333333332,16.0,12.0,2.8284271247461903,0.8,1.3333333333333321,16.166666666666668,11.0,0.0,1.2,1.7480000000000047,,0.0,16.0,1,6,0,0.08380944662095051
20,MAG,Kevin Magnussen,Haas F1 Team,17.0,19.0,0.0,Retired,False,17.0,73.27,25.06590909090909,39.25568181818182,45.86363636363637,True,2023,6,Monaco Grand Prix,Monaco,Monaco,2023-05-28,13.333333333333334,12.6,10.0,2.8809720581775866,0.8,0.7333333333333343,13.166666666666666,7.0,4.4,-0.6,1.9050000000000011,20.0,1.0,12.25,1,6,0,0.08380944662095051
18,STR,Lance Stroll,Aston Martin,14.0,20.0,0.0,Retired,False,14.0,72.623,25.06590909090909,39.25568181818182,45.86363636363637,True,2023,6,Monaco Grand Prix,Monaco,Monaco,2023-05-28,7.666666666666667,9.8,4.0,6.418722614352485,0.8,-2.1333333333333337,5.5,3.5,4.199999999999999,6.6,1.2580000000000098,14.0,1.0,14.0,1,6,0,0.08380944662095051
1,VER,Max Verstappen,Red Bull Racing,1.0,1.0,26.0,Finished,True,1.0,72.272,22.674025974025977,33.838961038961045,63.077922077922075,False,2023,7,Spanish Grand Prix,Barcelona,Spain,2023-06-04,1.3333333333333333,1.4,1.0,0.5477225575051721,1.0,-0.06666666666666665,3.8333333333333335,1.5,-0.3999999999999999,-3.6,0.0,1.0,1.0,1.0,0,7,0,0.08493098308030762
44,HAM,Lewis Hamilton,Mercedes,4.0,2.0,18.0,Finished,True,5.0,72.818,22.674025974025977,33.838961038961045,63.077922077922075,False,2023,7,Spanish Grand Prix,Barcelona,Spain,2023-06-04,5.333333333333333,4.6,2.0,1.673320053068147,0.9,0.7333333333333334,5.5,1.5,-0.5999999999999996,-3.2,0.5459999999999923,5.0,1.0,4.5,0,7,0,0.08493098308030762
63,RUS,George Russell,Mercedes,12.0,3.0,15.0,Finished,True,12.0,73.447,22.674025974025977,33.838961038961045,63.077922077922075,False,2023,7,Spanish Grand Prix,Barcelona,Spain,2023-06-04,5.666666666666667,7.8,4.0,5.9329587896765315,0.9,-2.133333333333333,5.5,1.5,4.2,3.2,1.1749999999999972,3.0,1.0,5.0,0,7,0,0.08493098308030762
11,PER,Sergio Perez,Red Bull Racing,11.0,4.0,12.0,Finished,True,11.0,73.334,22.674025974025977,33.838961038961045,63.077922077922075,False,2023,7,Spanish Grand Prix,Barcelona,Spain,2023-06-04,6.333333333333333,5.0,1.0,6.363961030678928,1.0,1.333333333333333,3.8333333333333335,1.5,6.0,3.6,1.0619999999999976,2.0,1.0,3.5,0,7,0,0.08493098308030762
55,SAI,Carlos Sainz,Ferrari,2.0,5.0,10.0,Finished,True,2.0,72.734,22.674025974025977,33.838961038961045,63.077922077922075,False,2023,7,Spanish Grand Prix,Barcelona,Spain,2023-06-04,6.0,7.2,5.0,2.949576240750526,0.9,-1.2000000000000002,5.666666666666667,1.5,-5.2,-1.4,0.4619999999999891,4.0,1.0,13.5,0,7,0,0.08493098308030762
18,STR,Lance Stroll,Aston Martin,5.0,6.0,8.0,Finished,True,6.0,72.994,22.674025974025977,33.838961038961045,63.077922077922075,False,2023,7,Spanish Grand Prix,Barcelona,Spain,2023-06-04,13.0,12.6,4.0,7.3348483283569,0.7,0.40000000000000036,8.0,3.5,-7.6,9.6,0.7219999999999942,15.0,1.0,11.0,0,7,0,0.08493098308030762
14,ALO,Fernando Alonso,Aston Martin,8.0,7.0,6.0,Finished,True,9.0,73.507,22.674025974025977,33.838961038961045,63.077922077922075,False,2023,7,Spanish Grand Prix,Barcelona,Spain,2023-06-04,3.0,3.0,2.0,0.7071067811865444,0.8,0.0,8.0,3.5,5.0,-9.6,1.2349999999999994,9.0,1.0,6.5,0,7,0,0.08493098308030762
31,OCO,Esteban Ocon,Alpine,6.0,8.0,4.0,Finished,True,7.0,73.083,22.674025974025977,33.838961038961045,63.077922077922075,False,2023,7,Spanish Grand Prix,Barcelona,Spain,2023-06-04,9.0,9.8,3.0,4.868264577855235,0.8,-0.8000000000000007,9.333333333333334,5.0,-3.8000000000000007,-0.4,0.8109999999999928,7.0,1.0,6.5,0,7,0,0.08493098308030762
24,ZHO,Guanyu Zhou,Alfa Romeo,13.0,9.0,2.0,Finished,True,13.0,73.521,22.674025974025977,33.838961038961045,63.077922077922075,False,2023,7,Spanish Grand Prix,Barcelona,Spain,2023-06-04,16.0,14.0,9.0,3.741657386773941,0.9,2.0,15.0,7.5,-1.0,-0.2,1.2489999999999952,19.0,1.0,16.0,0,7,0,0.08493098308030762
10,GAS,Pierre Gasly,Alpine,10.0,10.0,1.0,Finished,True,4.0,72.816,22.674025974025977,33.838961038961045,63.077922077922075,False,2023,7,Spanish Grand Prix,Barcelona,Spain,2023-06-04,9.666666666666666,10.2,7.0,3.1144823004794886,0.9,-0.5333333333333332,9.333333333333334,5.0,-0.1999999999999993,0.4,0.5439999999999969,13.0,1.0,14.5,0,7,0,0.08493098308030762
16,LEC,Charles Leclerc,Ferrari,19.0,11.0,0.0,Finished,True,19.0,74.079,22.674025974025977,33.838961038961045,63.077922077922075,False,2023,7,Spanish Grand Prix,Barcelona,Spain,2023-06-04,5.333333333333333,8.6,3.0,6.580273550544839,0.8,-3.2666666666666666,5.666666666666667,1.5,10.4,1.4,1.806999999999988,20.0,1.0,3.0,0,7,0,0.08493098308030762
22,TSU,Yuki Tsunoda,AlphaTauri,15.0,12.0,0.0,Finished,True,15.0,74.477,22.674025974025977,33.838961038961045,63.077922077922075,False,2023,7,Spanish Grand Prix,Barcelona,Spain,2023-06-04,12.0,11.4,10.0,2.07364413533277,0.9,0.5999999999999996,14.333333333333334,9.0,3.5999999999999996,-4.4,2.2049999999999983,10.0,1.0,16.5,0,7,0,0.08493098308030762
81,PIA,Oscar Piastri,McLaren,9.0,13.0,0.0,Lapped,True,10.0,73.682,22.674025974025977,33.838961038961045,63.077922077922075,False,2023,7,Spanish Grand Prix,Barcelona,Spain,2023-06-04,13.333333333333334,12.6,8.0,4.39317652729776,0.8333333333333334,0.7333333333333343,12.5,4.5,-3.5999999999999996,1.0,1.4099999999999966,,0.0,,0,7,0,0.08493098308030762
21,DEV,Nyck De Vries,AlphaTauri,14.0,14.0,0.0,Lapped,True,14.0,74.083,22.674025974025977,33.838961038961045,63.077922077922075,False,2023,7,Spanish Grand Prix,Barcelona,Spain,2023-06-04,16.666666666666668,15.8,12.0,3.1937438845342623,0.7142857142857143,0.8666666666666671,14.333333333333334,9.0,-1.8000000000000007,4.4,1.8109999999999928,,0.0,,0,7,0,0.08493098308030762
27,HUL,Nico Hulkenberg,Haas F1 Team,7.0,15.0,0.0,Lapped,True,8.0,73.229,22.674025974025977,33.838961038961045,63.077922077922075,False,2023,7,Spanish Grand Prix,Barcelona,Spain,2023-06-04,16.333333333333332,13.6,7.0,4.219004621945797,1.0,2.7333333333333325,15.166666666666666,7.0,-6.6,-0.2,0.9569999999999936,,0.0,,0,7,0,0.08493098308030762
23,ALB,Alexander Albon,Williams,18.0,16.0,0.0,Lapped,True,18.0,74.063,22.674025974025977,33.838961038961045,63.077922077922075,False,2023,7,Spanish Grand Prix,Barcelona,Spain,2023-06-04,13.333333333333334,15.6,12.0,3.209361307176242,0.8,-2.2666666666666657,15.666666666666666,11.0,2.4000000000000004,-1.6,1.7909999999999968,18.0,1.0,16.0,0,7,0,0.08493098308030762
4,NOR,Lando Norris,McLaren,3.0,17.0,0.0,Lapped,True,3.0,72.792,22.674025974025977,33.838961038961045,63.077922077922075,False,2023,7,Spanish Grand Prix,Barcelona,Spain,2023-06-04,11.666666666666666,11.6,6.0,5.079370039680119,0.9,0.06666666666666643,12.5,4.5,-8.6,-1.0,0.519999999999996,8.0,1.0,8.5,0,7,0,0.08493098308030762
20,MAG,Kevin Magnussen,Haas F1 Team,17.0,18.0,0.0,Lapped,True,17.0,74.042,22.674025974025977,33.838961038961045,63.077922077922075,False,2023,7,Spanish Grand Prix,Barcelona,Spain,2023-06-04,14.0,13.8,10.0,4.08656334834051,0.7,0.1999999999999993,15.166666666666666,7.0,3.1999999999999993,0.2,1.769999999999996,17.0,1.0,14.5,0,7,0,0.08493098308030762
77,BOT,Valtteri Bottas,Alfa Romeo,16.0,19.0,0.0,Lapped,True,16.0,73.977,22.674025974025977,33.838961038961045,63.077922077922075,False,2023,7,Spanish Grand Prix,Barcelona,Spain,2023-06-04,14.0,14.2,11.0,3.5637059362410906,0.9,-0.1999999999999993,15.0,7.5,1.8000000000000007,0.2,1.7049999999999983,6.0,1.0,17.0,0,7,0,0.08493098308030762
2,SAR,Logan Sargeant,Williams,20.0,20.0,0.0,Lapped,True,20.0,74.699,22.674025974025977,33.838961038961045,63.077922077922075,False,2023,7,Spanish Grand Prix,Barcelona,Spain,2023-06-04,18.0,17.2,16.0,1.7888543819998317,0.8333333333333334,0.8000000000000007,15.666666666666666,11.0,2.8000000000000007,1.6,2.4269999999999925,,0.0,,0,7,0,0.08493098308030762
1,VER,Max Verstappen,Red Bull Racing,1.0,1.0,25.0,Finished,True,1.0,85.858,18.53024691358025,30.59320987654321,63.901234567901234,False,2023,8,Canadian Grand Prix,Montréal,Canada,2023-06-18,1.0,1.2,1.0,0.4472135954999653,1.0,-0.19999999999999996,4.166666666666667,1.5,-0.19999999999999996,-4.4,7.13300000000001,1.0,1.0,4.6,0,8,0,0.08721928198114304
14,ALO,Fernando Alonso,Aston Martin,2.0,2.0,18.0,Finished,True,3.0,87.286,18.53024691358025,30.59320987654321,63.901234567901234,False,2023,8,Canadian Grand Prix,Montréal,Canada,2023-06-18,4.0,3.8,2.0,1.9235384061671335,0.8,0.20000000000000018,8.333333333333334,3.5,-1.7999999999999998,-6.0,8.561000000000007,9.0,1.0,10.0,0,8,0,0.08721928198114304
44,HAM,Lewis Hamilton,Mercedes,3.0,3.0,15.0,Finished,True,4.0,87.627,18.53024691358025,30.59320987654321,63.901234567901234,False,2023,8,Canadian Grand Prix,Montréal,Canada,2023-06-18,4.0,4.0,2.0,1.9999999999999964,0.9,0.0,4.0,1.5,-1.0,-3.6,8.902000000000001,3.0,1.0,5.8,0,8,0,0.08721928198114304
16,LEC,Charles Leclerc,Ferrari,10.0,4.0,12.0,Finished,True,11.0,80.615,18.53024691358025,30.59320987654321,63.901234567901234,False,2023,8,Canadian Grand Prix,Montréal,Canada,2023-06-18,8.0,9.4,3.0,6.580273550544839,0.8,-1.4000000000000004,7.0,1.5,0.5999999999999996,2.4,1.8900000000000006,5.0,1.0,9.8,0,8,0,0.08721928198114304
55,SAI,Carlos Sainz,Ferrari,11.0,5.0,10.0,Finished,True,8.0,89.294,18.53024691358025,30.59320987654321,63.901234567901234,False,2023,8,Canadian Grand Prix,Montréal,Canada,2023-06-18,6.0,7.0,5.0,3.082207001484489,1.0,-1.0,7.0,1.5,4.0,-2.4,10.569000000000003,2.0,1.0,15.4,0,8,0,0.08721928198114304
11,PER,Sergio Perez,Red Bull Racing,12.0,6.0,9.0,Finished,True,12.0,80.959,18.53024691358025,30.59320987654321,63.901234567901234,False,2023,8,Canadian Grand Prix,Montréal,Canada,2023-06-18,7.333333333333333,5.6,1.0,6.024948132556827,1.0,1.7333333333333334,4.166666666666667,1.5,6.4,4.4,2.234000000000009,20.0,1.0,2.4,0,8,0,0.08721928198114304
23,ALB,Alexander Albon,Williams,9.0,7.0,6.0,Finished,True,10.0,78.725,18.53024691358025,30.59320987654321,63.901234567901234,False,2023,8,Canadian Grand Prix,Montréal,Canada,2023-06-18,14.666666666666666,15.0,12.0,2.64575131106459,0.8,-0.3333333333333339,17.0,11.0,-6.0,-3.0,0.0,13.0,1.0,12.8,0,8,0,0.08721928198114304
31,OCO,Esteban Ocon,Alpine,6.0,8.0,4.0,Finished,True,6.0,87.945,18.53024691358025,30.59320987654321,63.901234567901234,False,2023,8,Canadian Grand Prix,Montréal,Canada,2023-06-18,6.666666666666667,9.8,3.0,4.868264577855235,0.8,-3.1333333333333337,7.5,5.0,-3.8000000000000007,-0.6,9.219999999999999,6.0,1.0,12.0,0,8,0,0.08721928198114304
18,STR,Lance Stroll,Aston Martin,16.0,9.0,2.0,Finished,True,13.0,81.484,18.53024691358025,30.59320987654321,63.901234567901234,False,2023,8,Canadian Grand Prix,Montréal,Canada,2023-06-18,12.666666666666666,9.8,4.0,6.418722614352485,0.8,2.8666666666666654,8.333333333333334,3.5,6.199999999999999,6.0,2.7590000000000003,10.0,1.0,9.8,0,8,0,0.08721928198114304
77,BOT,Valtteri Bottas,Alfa Romeo,14.0,10.0,1.0,Finished,True,15.0,81.821,18.53024691358025,30.59320987654321,63.901234567901234,False,2023,8,Canadian Grand Prix,Montréal,Canada,2023-06-18,14.333333333333334,14.4,11.0,3.847076812334268,1.0,-0.06666666666666643,13.5,7.5,-0.40000000000000036,1.2,3.0960000000000036,7.0,1.0,10.6,0,8,0,0.08721928198114304
81,PIA,Oscar Piastri,McLaren,8.0,11.0,0.0,Finished,True,9.0,91.349,18.53024691358025,30.59320987654321,63.901234567901234,False,2023,8,Canadian Grand Prix,Montréal,Canada,2023-06-18,14.0,12.2,8.0,4.207136793592526,0.8571428571428571,1.8000000000000007,14.166666666666666,4.5,-4.199999999999999,0.6,12.62400000000001,,0.0,9.5,0,8,0,0.08721928198114304
10,GAS,Pierre Gasly,Alpine,15.0,12.0,0.0,Finished,True,17.0,82.886,18.53024691358025,30.59320987654321,63.901234567901234,False,2023,8,Canadian Grand Prix,Montréal,Canada,2023-06-18,8.333333333333334,10.4,7.0,3.049590136395383,0.9,-2.0666666666666664,7.5,5.0,4.6,0.6,4.161000000000001,14.0,1.0,10.6,0,8,0,0.08721928198114304
4,NOR,Lando Norris,McLaren,7.0,13.0,0.0,Finished,True,7.0,88.046,18.53024691358025,30.59320987654321,63.901234567901234,False,2023,8,Canadian Grand Prix,Montréal,Canada,2023-06-18,14.333333333333334,11.6,6.0,5.079370039680119,0.9,2.7333333333333343,14.166666666666666,4.5,-4.6,-0.6,9.321000000000012,15.0,1.0,6.4,0,8,0,0.08721928198114304
22,TSU,Yuki Tsunoda,AlphaTauri,19.0,14.0,0.0,Finished,True,16.0,82.746,18.53024691358025,30.59320987654321,63.901234567901234,False,2023,8,Canadian Grand Prix,Montréal,Canada,2023-06-18,12.666666666666666,11.6,10.0,2.07364413533277,0.9,1.0666666666666664,13.666666666666666,9.0,7.4,-4.2,4.021000000000001,18.0,1.0,11.0,0,8,0,0.08721928198114304
27,HUL,Nico Hulkenberg,Haas F1 Team,5.0,15.0,0.0,Lapped,True,2.0,87.102,18.53024691358025,30.59320987654321,63.901234567901234,False,2023,8,Canadian Grand Prix,Montréal,Canada,2023-06-18,15.666666666666666,14.2,7.0,4.147288270665544,1.0,1.4666666666666668,15.666666666666666,7.0,-9.2,-1.2,8.37700000000001,,0.0,12.0,0,8,0,0.08721928198114304
24,ZHO,Guanyu Zhou,Alfa Romeo,20.0,16.0,0.0,Lapped,True,20.0,83.342,18.53024691358025,30.59320987654321,63.901234567901234,False,2023,8,Canadian Grand Prix,Montréal,Canada,2023-06-18,12.666666666666666,13.2,9.0,4.381780460041328,0.9,-0.5333333333333332,13.5,7.5,6.800000000000001,-1.2,4.617000000000004,8.0,1.0,14.4,0,8,0,0.08721928198114304
20,MAG,Kevin Magnussen,Haas F1 Team,13.0,17.0,0.0,Lapped,True,14.0,81.678,18.53024691358025,30.59320987654321,63.901234567901234,False,2023,8,Canadian Grand Prix,Montréal,Canada,2023-06-18,15.666666666666666,15.4,10.0,3.7815340802378072,0.7,0.2666666666666657,15.666666666666666,7.0,-2.4000000000000004,1.2,2.953000000000003,17.0,1.0,14.0,0,8,0,0.08721928198114304
21,DEV,Nyck De Vries,AlphaTauri,17.0,18.0,0.0,Lapped,True,18.0,83.137,18.53024691358025,30.59320987654321,63.901234567901234,False,2023,8,Canadian Grand Prix,Montréal,Canada,2023-06-18,14.666666666666666,15.8,12.0,3.1937438845342623,0.75,-1.1333333333333346,13.666666666666666,9.0,1.1999999999999993,4.2,4.412000000000006,,0.0,17.5,0,8,0,0.08721928198114304
63,RUS,George Russell,Mercedes,4.0,19.0,0.0,Retired,False,5.0,87.893,18.53024691358025,30.59320987654321,63.901234567901234,False,2023,8,Canadian Grand Prix,Montréal,Canada,2023-06-18,4.0,7.6,3.0,6.1073725938409895,0.9,-3.5999999999999996,4.0,1.5,-3.5999999999999996,3.6,9.168000000000006,4.0,1.0,7.2,0,8,0,0.08721928198114304
2,SAR,Logan Sargeant,Williams,18.0,20.0,0.0,Retired,False,19.0,83.337,18.53024691358025,30.59320987654321,63.901234567901234,False,2023,8,Canadian Grand Prix,Montréal,Canada,2023-06-18,19.333333333333332,18.0,16.0,2.0,0.8571428571428571,1.3333333333333321,17.0,11.0,0.0,3.0,4.612000000000009,,0.0,16.0,0,8,0,0.08721928198114304
1,VER,Max Verstappen,Red Bull Racing,1.0,1.0,26.0,Finished,True,1.0,64.391,22.398039215686275,32.05424836601307,52.04575163398693,True,2023,9,Austrian Grand Prix,Spielberg,Austria,2023-07-02,1.0,1.2,1.0,0.4472135954999653,1.0,-0.19999999999999996,4.833333333333333,1.5,-0.19999999999999996,-4.6,0.0,2.0,1.0,,1,9,0,0.08956923461150862
16,LEC,Charles Leclerc,Ferrari,2.0,2.0,18.0,Finished,True,2.0,64.439,22.398039215686275,32.05424836601307,52.04575163398693,True,2023,9,Austrian Grand Prix,Spielberg,Austria,2023-07-02,7.0,6.2,3.0,3.1144823004794846,0.8,0.7999999999999998,6.5,1.5,-4.2,0.6,0.04799999999998761,1.0,1.0,,1,9,0,0.08956923461150862
11,PER,Sergio Perez,Red Bull Racing,15.0,3.0,15.0,Finished,True,15.0,126.688,22.398039215686275,32.05424836601307,52.04575163398693,True,2023,9,Austrian Grand Prix,Spielberg,Austria,2023-07-02,8.666666666666666,5.8,1.0,6.016643582596529,1.0,2.8666666666666663,4.833333333333333,1.5,9.2,4.6,62.297,20.0,1.0,,1,9,0,0.08956923461150862
4,NOR,Lando Norris,McLaren,4.0,4.0,12.0,Finished,True,4.0,64.658,22.398039215686275,32.05424836601307,52.04575163398693,True,2023,9,Austrian Grand Prix,Spielberg,Austria,2023-07-02,13.0,13.0,9.0,4.000000000000001,0.9,0.0,12.166666666666666,4.5,-9.0,0.2,0.2669999999999959,7.0,1.0,,1,9,0,0.08956923461150862
14,ALO,Fernando Alonso,Aston Martin,7.0,5.0,10.0,Finished,True,7.0,64.911,22.398039215686275,32.05424836601307,52.04575163398693,True,2023,9,Austrian Grand Prix,Spielberg,Austria,2023-07-02,3.6666666666666665,3.6,2.0,2.073644135332771,0.9,0.06666666666666643,7.666666666666667,3.5,3.4,-7.2,0.519999999999996,10.0,1.0,,1,9,0,0.08956923461150862
55,SAI,Carlos Sainz,Ferrari,3.0,6.0,8.0,Finished,True,3.0,64.581,22.398039215686275,32.05424836601307,52.04575163398693,True,2023,9,Austrian Grand Prix,Spielberg,Austria,2023-07-02,6.0,5.6,5.0,1.3416407864998732,1.0,0.40000000000000036,6.5,1.5,-2.5999999999999996,-0.6,0.18999999999999773,18.0,1.0,,1,9,0,0.08956923461150862
63,RUS,George Russell,Mercedes,11.0,7.0,6.0,Finished,True,11.0,65.428,22.398039215686275,32.05424836601307,52.04575163398693,True,2023,9,Austrian Grand Prix,Spielberg,Austria,2023-07-02,9.0,7.8,3.0,6.534523701081818,0.8,1.2000000000000002,6.0,1.5,3.2,3.6,1.036999999999992,4.0,1.0,,1,9,0,0.08956923461150862
44,HAM,Lewis Hamilton,Mercedes,5.0,8.0,4.0,Finished,True,5.0,64.819,22.398039215686275,32.05424836601307,52.04575163398693,True,2023,9,Austrian Grand Prix,Spielberg,Austria,2023-07-02,3.0,4.2,2.0,1.788854381999828,0.9,-1.2000000000000002,6.0,1.5,0.7999999999999998,-3.6,0.42799999999999727,3.0,1.0,,1,9,0,0.08956923461150862
18,STR,Lance Stroll,Aston Martin,6.0,9.0,2.0,Finished,True,6.0,64.893,22.398039215686275,32.05424836601307,52.04575163398693,True,2023,9,Austrian Grand Prix,Spielberg,Austria,2023-07-02,11.666666666666666,10.8,6.0,5.630275304103699,0.8,0.8666666666666654,7.666666666666667,3.5,-4.800000000000001,7.2,0.5019999999999953,13.0,1.0,,1,9,0,0.08956923461150862
10,GAS,Pierre Gasly,Alpine,9.0,10.0,1.0,Finished,True,9.0,65.17,22.398039215686275,32.05424836601307,52.04575163398693,True,2023,9,Austrian Grand Prix,Spielberg,Austria,2023-07-02,9.666666666666666,10.2,7.0,2.8635642126552723,0.9,-0.5333333333333332,8.0,5.0,-1.1999999999999993,1.6,0.7789999999999964,15.0,1.0,,1,9,0,0.08956923461150862
23,ALB,Alexander Albon,Williams,10.0,11.0,0.0,Finished,True,10.0,65.823,22.398039215686275,32.05424836601307,52.04575163398693,True,2023,9,Austrian Grand Prix,Spielberg,Austria,2023-07-02,12.333333333333334,12.6,7.0,3.435112807463533,0.8,-0.2666666666666657,15.833333333333334,11.0,-2.5999999999999996,-6.2,1.431999999999988,12.0,1.0,,1,9,0,0.08956923461150862
24,ZHO,Guanyu Zhou,Alfa Romeo,17.0,12.0,0.0,Lapped,True,17.0,65.818,22.398039215686275,32.05424836601307,52.04575163398693,True,2023,9,Austrian Grand Prix,Spielberg,Austria,2023-07-02,12.666666666666666,14.6,9.0,3.7815340802378064,0.9,-1.9333333333333336,13.0,7.5,2.4000000000000004,0.4,1.4269999999999925,14.0,1.0,,1,9,0,0.08956923461150862
2,SAR,Logan Sargeant,Williams,18.0,13.0,0.0,Lapped,True,18.0,65.948,22.398039215686275,32.05424836601307,52.04575163398693,True,2023,9,Austrian Grand Prix,Spielberg,Austria,2023-07-02,19.333333333333332,18.8,16.0,1.7888543819998317,0.75,0.5333333333333314,15.833333333333334,11.0,-0.8000000000000007,6.2,1.556999999999988,,0.0,,1,9,0,0.08956923461150862
31,OCO,Esteban Ocon,Alpine,12.0,14.0,0.0,Lapped,True,12.0,65.453,22.398039215686275,32.05424836601307,52.04575163398693,True,2023,9,Austrian Grand Prix,Spielberg,Austria,2023-07-02,6.333333333333333,8.6,3.0,4.277849927241489,0.8,-2.2666666666666666,8.0,5.0,3.4000000000000004,-1.6,1.0619999999999976,5.0,1.0,,1,9,0,0.08956923461150862
77,BOT,Valtteri Bottas,Alfa Romeo,14.0,15.0,0.0,Lapped,True,14.0,65.68,22.398039215686275,32.05424836601307,52.04575163398693,True,2023,9,Austrian Grand Prix,Spielberg,Austria,2023-07-02,13.333333333333334,14.2,10.0,4.086563348340508,1.0,-0.8666666666666654,13.0,7.5,-0.1999999999999993,-0.4,1.2890000000000015,11.0,1.0,,1,9,0,0.08956923461150862
81,PIA,Oscar Piastri,McLaren,13.0,16.0,0.0,Lapped,True,13.0,65.605,22.398039215686275,32.05424836601307,52.04575163398693,True,2023,9,Austrian Grand Prix,Spielberg,Austria,2023-07-02,11.333333333333334,12.8,10.0,3.6331804249169903,0.875,-1.4666666666666668,12.166666666666666,4.5,0.1999999999999993,-0.2,1.2139999999999986,,0.0,,1,9,0,0.08956923461150862
21,DEV,Nyck De Vries,AlphaTauri,20.0,17.0,0.0,Lapped,True,20.0,65.974,22.398039215686275,32.05424836601307,52.04575163398693,True,2023,9,Austrian Grand Prix,Spielberg,Austria,2023-07-02,14.666666666666666,16.4,12.0,3.286335345030997,0.7777777777777778,-1.7333333333333325,14.166666666666666,9.0,3.6000000000000014,4.0,1.5829999999999984,,0.0,,1,9,0,0.08956923461150862
20,MAG,Kevin Magnussen,Haas F1 Team,19.0,18.0,0.0,Lapped,True,19.0,65.971,22.398039215686275,32.05424836601307,52.04575163398693,True,2023,9,Austrian Grand Prix,Spielberg,Austria,2023-07-02,18.0,15.4,10.0,3.7815340802378072,0.7,2.5999999999999996,16.833333333333332,7.0,3.5999999999999996,-0.4,1.5799999999999983,8.0,1.0,,1,9,0,0.08956923461150862
22,TSU,Yuki Tsunoda,AlphaTauri,16.0,19.0,0.0,Lapped,True,16.0,65.784,22.398039215686275,32.05424836601307,52.04575163398693,True,2023,9,Austrian Grand Prix,Spielberg,Austria,2023-07-02,13.666666666666666,12.4,10.0,2.07364413533277,1.0,1.2666666666666657,14.166666666666666,9.0,3.5999999999999996,-4.0,1.3930000000000007,16.0,1.0,,1,9,0,0.08956923461150862
27,HUL,Nico Hulkenberg,Haas F1 Team,8.0,20.0,0.0,Retired,False,8.0,65.09,22.398039215686275,32.05424836601307,52.04575163398693,True,2023,9,Austrian Grand Prix,Spielberg,Austria,2023-07-02,15.666666666666666,15.8,15.0,1.095445115010331,1.0,-0.13333333333333464,16.833333333333332,7.0,-7.800000000000001,0.4,0.6989999999999981,,0.0,,1,9,0,0.08956923461150862
1,VER,Max Verstappen,Red Bull Racing,1.0,1.0,26.0,Finished,True,1.0,86.72,21.473509933774835,30.94105960264901,56.18543046357616,False,2023,10,British Grand Prix,Silverstone,Great Britain,2023-07-09,1.0,1.0,1.0,0.0,1.0,0.0,2.6666666666666665,1.5,0.0,-5.2,0.0,7.0,1.0,1.0,0,10,0,0.090767848446866
4,NOR,Lando Norris,McLaren,2.0,2.0,18.0,Finished,True,2.0,86.961,21.473509933774835,30.94105960264901,56.18543046357616,False,2023,10,British Grand Prix,Silverstone,Great Britain,2023-07-09,11.333333333333334,12.0,4.0,5.567764362830023,1.0,-0.6666666666666661,12.333333333333334,4.5,-10.0,-1.8,0.24099999999999966,6.0,1.0,9.333333333333334,0,10,0,0.090767848446866
44,HAM,Lewis Hamilton,Mercedes,7.0,3.0,15.0,Finished,True,7.0,87.211,21.473509933774835,30.94105960264901,56.18543046357616,False,2023,10,British Grand Prix,Silverstone,Great Britain,2023-07-09,4.333333333333333,4.6,2.0,2.408318915758456,0.9,-0.2666666666666666,7.0,1.5,2.4000000000000004,-3.0,0.49099999999999966,3.0,1.0,9.0,0,10,0,0.090767848446866
81,PIA,Oscar Piastri,McLaren,3.0,4.0,12.0,Finished,True,3.0,87.092,21.473509933774835,30.94105960264901,56.18543046357616,False,2023,10,British Grand Prix,Silverstone,Great Britain,2023-07-09,13.333333333333334,13.8,10.0,3.7013511046643495,0.8888888888888888,-0.4666666666666668,12.333333333333334,4.5,-10.8,1.8,0.3719999999999999,,0.0,,0,10,0,0.090767848446866
63,RUS,George Russell,Mercedes,6.0,5.0,10.0,Finished,True,6.0,87.155,21.473509933774835,30.94105960264901,56.18543046357616,False,2023,10,British Grand Prix,Silverstone,Great Britain,2023-07-09,9.666666666666666,7.6,3.0,6.542170893518451,0.8,2.0666666666666664,7.0,1.5,-1.5999999999999996,3.0,0.4350000000000023,18.0,1.0,5.666666666666667,0,10,0,0.090767848446866
11,PER,Sergio Perez,Red Bull Racing,15.0,6.0,8.0,Finished,True,15.0,89.968,21.473509933774835,30.94105960264901,56.18543046357616,False,2023,10,British Grand Prix,Silverstone,Great Britain,2023-07-09,4.333333333333333,6.2,2.0,5.674504383644443,1.0,-1.8666666666666671,2.6666666666666665,1.5,8.8,5.2,3.2480000000000047,2.0,1.0,2.6666666666666665,0,10,0,0.090767848446866
14,ALO,Fernando Alonso,Aston Martin,9.0,7.0,6.0,Finished,True,9.0,87.659,21.473509933774835,30.94105960264901,56.18543046357616,False,2023,10,British Grand Prix,Silverstone,Great Britain,2023-07-09,4.666666666666667,3.8,2.0,2.167948338867879,0.9,0.8666666666666671,6.333333333333333,3.5,5.2,-7.4,0.9390000000000072,5.0,1.0,6.333333333333333,0,10,0,0.090767848446866
23,ALB,Alexander Albon,Williams,8.0,8.0,4.0,Finished,True,8.0,87.53,21.473509933774835,30.94105960264901,56.18543046357616,False,2023,10,British Grand Prix,Silverstone,Great Britain,2023-07-09,11.333333333333334,12.4,7.0,3.5071355833500357,0.8,-1.0666666666666664,14.5,11.0,-4.4,-5.8,0.8100000000000023,20.0,1.0,14.333333333333334,0,10,0,0.090767848446866
16,LEC,Charles Leclerc,Ferrari,4.0,9.0,2.0,Finished,True,4.0,87.136,21.473509933774835,30.94105960264901,56.18543046357616,False,2023,10,British Grand Prix,Silverstone,Great Britain,2023-07-09,5.666666666666667,6.0,2.0,3.3911649915626314,0.8,-0.33333333333333304,5.5,1.5,-2.0,0.2,0.4159999999999968,4.0,1.0,4.0,0,10,0,0.090767848446866
55,SAI,Carlos Sainz,Ferrari,5.0,10.0,1.0,Finished,True,5.0,87.148,21.473509933774835,30.94105960264901,56.18543046357616,False,2023,10,British Grand Prix,Silverstone,Great Britain,2023-07-09,5.333333333333333,5.8,5.0,1.3038404810405293,1.0,-0.4666666666666668,5.5,1.5,-0.7999999999999998,-0.2,0.42799999999999727,1.0,1.0,14.0,0,10,0,0.090767848446866
2,SAR,Logan Sargeant,Williams,14.0,11.0,0.0,Finished,True,14.0,89.031,21.473509933774835,30.94105960264901,56.18543046357616,False,2023,10,British Grand Prix,Silverstone,Great Britain,2023-07-09,17.666666666666668,18.2,13.0,3.03315017762062,0.7777777777777778,-0.5333333333333314,14.5,11.0,-4.199999999999999,5.8,2.311000000000007,,0.0,,0,10,0,0.090767848446866
77,BOT,Valtteri Bottas,Alfa Romeo,20.0,12.0,0.0,Finished,True,15.0,89.798,21.473509933774835,30.94105960264901,56.18543046357616,False,2023,10,British Grand Prix,Silverstone,Great Britain,2023-07-09,14.666666666666666,13.6,10.0,3.577708763999661,1.0,1.0666666666666664,13.5,7.5,6.4,0.4,3.078000000000003,17.0,1.0,17.666666666666668,0,10,0,0.090767848446866
27,HUL,Nico Hulkenberg,Haas F1 Team,11.0,13.0,0.0,Finished,True,11.0,88.896,21.473509933774835,30.94105960264901,56.18543046357616,False,2023,10,British Grand Prix,Silverstone,Great Britain,2023-07-09,16.666666666666668,16.4,15.0,2.1908902300206643,0.9,0.26666666666666927,17.166666666666668,7.0,-5.399999999999999,0.0,2.176000000000002,,0.0,,0,10,0,0.090767848446866
18,STR,Lance Stroll,Aston Martin,12.0,14.0,0.0,Finished,True,12.0,88.935,21.473509933774835,30.94105960264901,56.18543046357616,False,2023,10,British Grand Prix,Silverstone,Great Britain,2023-07-09,8.0,11.2,6.0,5.357238094391549,0.8,-3.1999999999999993,6.333333333333333,3.5,0.8000000000000007,7.4,2.2150000000000034,11.0,1.0,13.666666666666666,0,10,0,0.090767848446866
24,ZHO,Guanyu Zhou,Alfa Romeo,17.0,15.0,0.0,Finished,True,17.0,90.123,21.473509933774835,30.94105960264901,56.18543046357616,False,2023,10,British Grand Prix,Silverstone,Great Britain,2023-07-09,12.333333333333334,13.2,9.0,2.949576240750524,0.9,-0.8666666666666654,13.5,7.5,3.8000000000000007,-0.4,3.403000000000006,19.0,1.0,14.0,0,10,0,0.090767848446866
22,TSU,Yuki Tsunoda,AlphaTauri,16.0,16.0,0.0,Finished,True,16.0,90.025,21.473509933774835,30.94105960264901,56.18543046357616,False,2023,10,British Grand Prix,Silverstone,Great Britain,2023-07-09,15.0,14.2,11.0,3.1144823004794864,1.0,0.8000000000000007,15.666666666666666,9.0,1.8000000000000007,-1.6,3.305000000000007,14.0,1.0,12.0,0,10,0,0.090767848446866
21,DEV,Nyck De Vries,AlphaTauri,18.0,17.0,0.0,Finished,True,18.0,90.513,21.473509933774835,30.94105960264901,56.18543046357616,False,2023,10,British Grand Prix,Silverstone,Great Britain,2023-07-09,16.333333333333332,15.8,12.0,2.6832815729997472,0.8,0.5333333333333314,15.666666666666666,9.0,2.1999999999999993,1.6,3.7930000000000064,,0.0,,0,10,0,0.090767848446866
10,GAS,Pierre Gasly,Alpine,10.0,18.0,0.0,Retired,False,10.0,87.689,21.473509933774835,30.94105960264901,56.18543046357616,False,2023,10,British Grand Prix,Silverstone,Great Britain,2023-07-09,10.666666666666666,9.4,7.0,1.949358868961795,0.9,1.2666666666666657,10.333333333333334,5.0,0.5999999999999996,1.0,0.9689999999999941,16.0,1.0,13.666666666666666,0,10,0,0.090767848446866
20,MAG,Kevin Magnussen,Haas F1 Team,19.0,19.0,0.0,Retired,False,19.0,92.378,21.473509933774835,30.94105960264901,56.18543046357616,False,2023,10,British Grand Prix,Silverstone,Great Britain,2023-07-09,17.666666666666668,16.4,10.0,3.6469165057620936,0.8,1.2666666666666693,17.166666666666668,7.0,2.6000000000000014,0.0,5.658000000000001,10.0,1.0,13.0,0,10,0,0.090767848446866
31,OCO,Esteban Ocon,Alpine,13.0,20.0,0.0,Retired,False,13.0,88.956,21.473509933774835,30.94105960264901,56.18543046357616,False,2023,10,British Grand Prix,Silverstone,Great Britain,2023-07-09,10.0,8.4,3.0,3.91152144312159,0.8,1.5999999999999996,10.333333333333334,5.0,4.6,-1.0,2.236000000000004,15.0,1.0,7.333333333333333,0,10,0,0.090767848446866
1,VER,Max Verstappen,Red Bull Racing,2.0,1.0,26.0,Finished,True,2.0,76.612,28.808536585365857,48.579268292682926,32.80487804878049,False,2023,11,Hungarian Grand Prix,Budapest,Hungary,2023-07-23,1.0,1.0,1.0,0.0,1.0,0.0,3.0,1.5,1.0,-6.0,0.0030000000000001137,1.0,1.0,,0,11,0,0.09321341024656589
4,NOR,Lando Norris,McLaren,3.0,2.0,18.0,Finished,True,3.0,76.694,28.808536585365857,48.579268292682926,32.80487804878049,False,2023,11,Hungarian Grand Prix,Budapest,Hungary,2023-07-23,6.333333333333333,9.0,2.0,6.204836822995429,1.0,-2.666666666666667,8.333333333333334,3.0,-6.0,-1.8,0.08500000000000796,7.0,1.0,,0,11,0,0.09321341024656589
11,PER,Sergio Perez,Red Bull Racing,9.0,3.0,15.0,Finished,True,9.0,77.045,28.808536585365857,48.579268292682926,32.80487804878049,False,2023,11,Hungarian Grand Prix,Budapest,Hungary,2023-07-23,5.0,7.0,3.0,5.196152422706632,1.0,-2.0,3.0,1.5,2.0,6.0,0.43600000000000705,5.0,1.0,,0,11,0,0.09321341024656589
44,HAM,Lewis Hamilton,Mercedes,1.0,4.0,12.0,Finished,True,1.0,76.609,28.808536585365857,48.579268292682926,32.80487804878049,False,2023,11,Hungarian Grand Prix,Budapest,Hungary,2023-07-23,4.666666666666667,4.0,2.0,2.3452078799117118,1.0,0.666666666666667,7.5,1.5,-3.0,-3.8,0.0,2.0,1.0,,0,11,0,0.09321341024656589
81,PIA,Oscar Piastri,McLaren,4.0,5.0,10.0,Finished,True,4.0,76.905,28.808536585365857,48.579268292682926,32.80487804878049,False,2023,11,Hungarian Grand Prix,Budapest,Hungary,2023-07-23,10.333333333333334,10.8,4.0,4.43846820423443,0.9,-0.4666666666666668,8.333333333333334,3.0,-6.800000000000001,1.8,0.2960000000000065,,0.0,,0,11,0,0.09321341024656589
63,RUS,George Russell,Mercedes,18.0,6.0,8.0,Finished,True,18.0,79.027,28.808536585365857,48.579268292682926,32.80487804878049,False,2023,11,Hungarian Grand Prix,Budapest,Hungary,2023-07-23,10.333333333333334,7.8,3.0,6.418722614352486,0.8,2.533333333333334,7.5,1.5,10.2,3.8,2.4180000000000064,3.0,1.0,,0,11,0,0.09321341024656589
16,LEC,Charles Leclerc,Ferrari,6.0,7.0,6.0,Finished,True,6.0,76.992,28.808536585365857,48.579268292682926,32.80487804878049,False,2023,11,Hungarian Grand Prix,Budapest,Hungary,2023-07-23,5.0,6.4,2.0,3.6469165057620914,0.8,-1.4000000000000004,6.0,1.5,-0.40000000000000036,-0.4,0.3830000000000098,6.0,1.0,,0,11,0,0.09321341024656589
55,SAI,Carlos Sainz,Ferrari,11.0,8.0,4.0,Finished,True,11.0,77.703,28.808536585365857,48.579268292682926,32.80487804878049,False,2023,11,Hungarian Grand Prix,Budapest,Hungary,2023-07-23,7.0,6.8,5.0,2.1679483388678804,1.0,0.20000000000000018,6.0,1.5,4.2,0.4,1.0940000000000083,4.0,1.0,,0,11,0,0.09321341024656589
14,ALO,Fernando Alonso,Aston Martin,8.0,9.0,2.0,Finished,True,8.0,77.035,28.808536585365857,48.579268292682926,32.80487804878049,False,2023,11,Hungarian Grand Prix,Budapest,Hungary,2023-07-23,4.666666666666667,4.6,2.0,2.509980079602226,1.0,0.06666666666666732,7.666666666666667,3.5,3.4000000000000004,-7.0,0.42600000000000193,8.0,1.0,,0,11,0,0.09321341024656589
18,STR,Lance Stroll,Aston Martin,14.0,10.0,1.0,Lapped,True,14.0,78.144,28.808536585365857,48.579268292682926,32.80487804878049,False,2023,11,Hungarian Grand Prix,Budapest,Hungary,2023-07-23,10.666666666666666,11.6,6.0,5.504543577809154,0.8,-0.9333333333333336,7.666666666666667,3.5,2.4000000000000004,7.0,1.5350000000000108,11.0,1.0,,0,11,0,0.09321341024656589
23,ALB,Alexander Albon,Williams,16.0,11.0,0.0,Lapped,True,16.0,78.917,28.808536585365857,48.579268292682926,32.80487804878049,False,2023,11,Hungarian Grand Prix,Budapest,Hungary,2023-07-23,8.666666666666666,11.2,7.0,3.8340579025361623,0.8,-2.533333333333333,11.666666666666666,9.5,4.800000000000001,-5.2,2.308000000000007,17.0,1.0,,0,11,0,0.09321341024656589
77,BOT,Valtteri Bottas,Alfa Romeo,7.0,12.0,0.0,Lapped,True,7.0,77.034,28.808536585365857,48.579268292682926,32.80487804878049,False,2023,11,Hungarian Grand Prix,Budapest,Hungary,2023-07-23,12.333333333333334,13.4,10.0,3.6469165057620914,1.0,-1.0666666666666664,13.333333333333334,7.5,-6.4,0.4,0.42500000000001137,20.0,1.0,,0,11,0,0.09321341024656589
3,RIC,Daniel Ricciardo,AlphaTauri,13.0,13.0,0.0,Lapped,True,13.0,78.002,28.808536585365857,48.579268292682926,32.80487804878049,False,2023,11,Hungarian Grand Prix,Budapest,Hungary,2023-07-23,12.0,12.6,7.0,5.319774431308154,0.8,-0.5999999999999996,16.833333333333332,9.0,0.40000000000000036,2.8,1.3930000000000007,15.0,1.0,,0,11,0,0.09321341024656589
27,HUL,Nico Hulkenberg,Haas F1 Team,10.0,14.0,0.0,Lapped,True,10.0,77.186,28.808536585365857,48.579268292682926,32.80487804878049,False,2023,11,Hungarian Grand Prix,Budapest,Hungary,2023-07-23,16.0,16.0,13.0,2.6457513110645907,0.9,0.0,17.0,7.0,-6.0,-2.2,0.5770000000000124,,0.0,,0,11,0,0.09321341024656589
22,TSU,Yuki Tsunoda,AlphaTauri,17.0,15.0,0.0,Lapped,True,17.0,78.919,28.808536585365857,48.579268292682926,32.80487804878049,False,2023,11,Hungarian Grand Prix,Budapest,Hungary,2023-07-23,16.333333333333332,15.2,12.0,2.588435821108956,1.0,1.1333333333333329,16.833333333333332,9.0,1.8000000000000007,-0.4,2.3100000000000023,19.0,1.0,,0,11,0,0.09321341024656589
24,ZHO,Guanyu Zhou,Alfa Romeo,5.0,16.0,0.0,Lapped,True,5.0,76.971,28.808536585365857,48.579268292682926,32.80487804878049,False,2023,11,Hungarian Grand Prix,Budapest,Hungary,2023-07-23,14.333333333333334,13.0,9.0,2.738612787525829,0.9,1.333333333333334,13.333333333333334,7.5,-8.0,-0.4,0.362000000000009,13.0,1.0,,0,11,0,0.09321341024656589
20,MAG,Kevin Magnussen,Haas F1 Team,19.0,17.0,0.0,Lapped,True,19.0,79.206,28.808536585365857,48.579268292682926,32.80487804878049,False,2023,11,Hungarian Grand Prix,Budapest,Hungary,2023-07-23,18.0,18.2,17.0,0.8366600265340757,0.7,-0.1999999999999993,17.0,7.0,0.8000000000000007,2.2,2.5970000000000084,16.0,1.0,,0,11,0,0.09321341024656589
2,SAR,Logan Sargeant,Williams,20.0,18.0,0.0,Retired,False,20.0,79.248,28.808536585365857,48.579268292682926,32.80487804878049,False,2023,11,Hungarian Grand Prix,Budapest,Hungary,2023-07-23,14.666666666666666,16.4,11.0,4.159326868617083,0.8,-1.7333333333333325,11.666666666666666,9.5,3.6000000000000014,5.2,2.63900000000001,,0.0,,0,11,0,0.09321341024656589
31,OCO,Esteban Ocon,Alpine,12.0,19.0,0.0,Retired,False,12.0,77.841,28.808536585365857,48.579268292682926,32.80487804878049,False,2023,11,Hungarian Grand Prix,Budapest,Hungary,2023-07-23,14.0,10.6,3.0,6.542170893518451,0.7,3.4000000000000004,13.666666666666666,5.0,1.4000000000000004,-0.8,1.2319999999999993,9.0,1.0,,0,11,0,0.09321341024656589
10,GAS,Pierre Gasly,Alpine,15.0,20.0,0.0,Retired,False,15.0,78.217,28.808536585365857,48.579268292682926,32.80487804878049,False,2023,11,Hungarian Grand Prix,Budapest,Hungary,2023-07-23,13.333333333333334,11.4,7.0,4.098780306383841,0.8,1.9333333333333336,13.666666666666666,5.0,3.5999999999999996,0.8,1.608000000000004,12.0,1.0,,0,11,0,0.09321341024656589
1,VER,Max Verstappen,Red Bull Racing,6.0,1.0,25.0,Finished,True,1.0,106.168,17.873333333333335,28.24066666666667,61.92666666666667,True,2023,12,Belgian Grand Prix,Spa-Francorchamps,Belgium,2023-07-30,1.0,1.0,1.0,0.0,1.0,0.0,2.5,1.5,5.0,-3.4,0.0,1.0,1.0,2.5,1,12,0,0.09446079037264353
11,PER,Sergio Perez,Red Bull Racing,2.0,2.0,18.0,Finished,True,3.0,107.045,17.873333333333335,28.24066666666667,61.92666666666667,True,2023,12,Belgian Grand Prix,Spa-Francorchamps,Belgium,2023-07-30,4.0,4.4,3.0,1.5165750888103113,1.0,-0.40000000000000036,2.5,1.5,-2.4000000000000004,3.4,0.8769999999999953,2.0,1.0,4.0,1,12,0,0.09446079037264353
16,LEC,Charles Leclerc,Ferrari,1.0,3.0,15.0,Finished,True,2.0,106.988,17.873333333333335,28.24066666666667,61.92666666666667,True,2023,12,Belgian Grand Prix,Spa-Francorchamps,Belgium,2023-07-30,6.0,6.6,2.0,3.6469165057620914,0.9,-0.5999999999999996,7.0,1.5,-5.6,-0.2,0.8199999999999932,6.0,1.0,4.5,1,12,0,0.09446079037264353
44,HAM,Lewis Hamilton,Mercedes,3.0,4.0,13.0,Finished,True,4.0,107.087,17.873333333333335,28.24066666666667,61.92666666666667,True,2023,12,Belgian Grand Prix,Spa-Francorchamps,Belgium,2023-07-30,5.0,4.0,2.0,2.3452078799117118,1.0,1.0,5.5,1.5,-1.0,-4.0,0.9189999999999969,20.0,1.0,4.0,1,12,0,0.09446079037264353
14,ALO,Fernando Alonso,Aston Martin,9.0,5.0,10.0,Finished,True,9.0,107.843,17.873333333333335,28.24066666666667,61.92666666666667,True,2023,12,Belgian Grand Prix,Spa-Francorchamps,Belgium,2023-07-30,7.0,6.0,2.0,2.64575131106459,1.0,1.0,9.0,3.5,3.0,-3.6,1.6749999999999972,5.0,1.0,9.5,1,12,0,0.09446079037264353
63,RUS,George Russell,Mercedes,8.0,6.0,8.0,Finished,True,8.0,107.805,17.873333333333335,28.24066666666667,61.92666666666667,True,2023,12,Belgian Grand Prix,Spa-Francorchamps,Belgium,2023-07-30,6.0,8.0,3.0,6.324555320336759,0.8,-2.0,5.5,1.5,0.0,4.0,1.6370000000000005,4.0,1.0,8.5,1,12,0,0.09446079037264353
4,NOR,Lando Norris,McLaren,7.0,7.0,6.0,Finished,True,7.0,107.669,17.873333333333335,28.24066666666667,61.92666666666667,True,2023,12,Belgian Grand Prix,Spa-Francorchamps,Belgium,2023-07-30,2.6666666666666665,7.6,2.0,6.949820141557622,1.0,-4.933333333333334,5.5,3.0,-0.5999999999999996,-2.2,1.5009999999999906,12.0,1.0,6.25,1,12,0,0.09446079037264353
31,OCO,Esteban Ocon,Alpine,14.0,8.0,4.0,Finished,True,15.0,116.372,17.873333333333335,28.24066666666667,61.92666666666667,True,2023,12,Belgian Grand Prix,Spa-Francorchamps,Belgium,2023-07-30,17.666666666666668,13.8,8.0,5.761944116355173,0.7,3.866666666666667,16.833333333333332,5.0,0.1999999999999993,-0.2,10.203999999999994,7.0,1.0,12.5,1,12,0,0.09446079037264353
18,STR,Lance Stroll,Aston Martin,10.0,9.0,2.0,Finished,True,10.0,108.841,17.873333333333335,28.24066666666667,61.92666666666667,True,2023,12,Belgian Grand Prix,Spa-Francorchamps,Belgium,2023-07-30,11.0,9.6,6.0,2.8809720581775866,0.8,1.4000000000000004,9.0,3.5,0.40000000000000036,3.6,2.6729999999999876,11.0,1.0,13.75,1,12,0,0.09446079037264353
22,TSU,Yuki Tsunoda,AlphaTauri,11.0,10.0,1.0,Finished,True,11.0,113.148,17.873333333333335,28.24066666666667,61.92666666666667,True,2023,12,Belgian Grand Prix,Spa-Francorchamps,Belgium,2023-07-30,16.666666666666668,15.2,12.0,2.588435821108956,1.0,1.4666666666666686,16.166666666666668,9.0,-4.199999999999999,-0.6,6.97999999999999,13.0,1.0,14.25,1,12,0,0.09446079037264353
10,GAS,Pierre Gasly,Alpine,12.0,11.0,0.0,Finished,True,12.0,113.671,17.873333333333335,28.24066666666667,61.92666666666667,True,2023,12,Belgian Grand Prix,Spa-Francorchamps,Belgium,2023-07-30,16.0,14.0,10.0,4.690415759823431,0.7,2.0,16.833333333333332,5.0,-2.0,0.2,7.503,9.0,1.0,15.0,1,12,0,0.09446079037264353
77,BOT,Valtteri Bottas,Alfa Romeo,13.0,12.0,0.0,Finished,True,14.0,114.694,17.873333333333335,28.24066666666667,61.92666666666667,True,2023,12,Belgian Grand Prix,Spa-Francorchamps,Belgium,2023-07-30,13.0,13.6,10.0,3.5071355833500344,1.0,-0.5999999999999996,13.666666666666666,7.5,-0.5999999999999996,0.0,8.525999999999996,19.0,1.0,14.25,1,12,0,0.09446079037264353
24,ZHO,Guanyu Zhou,Alfa Romeo,17.0,13.0,0.0,Finished,True,17.0,120.832,17.873333333333335,28.24066666666667,61.92666666666667,True,2023,12,Belgian Grand Prix,Spa-Francorchamps,Belgium,2023-07-30,14.333333333333334,13.6,9.0,3.04959013639538,0.9,0.7333333333333343,13.666666666666666,7.5,3.4000000000000004,0.0,14.663999999999987,14.0,1.0,15.0,1,12,0,0.09446079037264353
23,ALB,Alexander Albon,Williams,15.0,14.0,0.0,Finished,True,16.0,120.314,17.873333333333335,28.24066666666667,61.92666666666667,True,2023,12,Belgian Grand Prix,Spa-Francorchamps,Belgium,2023-07-30,10.0,10.6,7.0,3.5071355833500357,0.8,-0.5999999999999996,12.0,9.5,4.4,-5.8,14.145999999999987,10.0,1.0,16.0,1,12,0,0.09446079037264353
20,MAG,Kevin Magnussen,Haas F1 Team,16.0,15.0,0.0,Finished,True,13.0,114.16,17.873333333333335,28.24066666666667,61.92666666666667,True,2023,12,Belgian Grand Prix,Spa-Francorchamps,Belgium,2023-07-30,18.0,17.8,17.0,0.8366600265340757,0.7,0.1999999999999993,16.833333333333332,7.0,-1.8000000000000007,2.4,7.99199999999999,16.0,1.0,14.75,1,12,0,0.09446079037264353
3,RIC,Daniel Ricciardo,AlphaTauri,19.0,16.0,0.0,Finished,True,19.0,122.159,17.873333333333335,28.24066666666667,61.92666666666667,True,2023,12,Belgian Grand Prix,Spa-Francorchamps,Belgium,2023-07-30,14.0,13.0,7.0,5.244044240850758,0.8,1.0,16.166666666666668,9.0,6.0,2.2,15.991,15.0,1.0,13.666666666666666,1,12,0,0.09446079037264353
2,SAR,Logan Sargeant,Williams,18.0,17.0,0.0,Finished,True,18.0,121.535,17.873333333333335,28.24066666666667,61.92666666666667,True,2023,12,Belgian Grand Prix,Spa-Francorchamps,Belgium,2023-07-30,14.0,16.4,11.0,4.159326868617083,0.7,-2.3999999999999986,12.0,9.5,1.6000000000000014,5.8,15.36699999999999,,0.0,11.0,1,12,0,0.09446079037264353
27,HUL,Nico Hulkenberg,Haas F1 Team,20.0,18.0,0.0,Finished,True,20.0,123.166,17.873333333333335,28.24066666666667,61.92666666666667,True,2023,12,Belgian Grand Prix,Spa-Francorchamps,Belgium,2023-07-30,15.666666666666666,15.4,13.0,2.701851217221259,0.9,0.2666666666666657,16.833333333333332,7.0,4.6,-2.4,16.99799999999999,,0.0,13.0,1,12,0,0.09446079037264353
55,SAI,Carlos Sainz,Ferrari,4.0,19.0,0.0,Retired,False,5.0,107.152,17.873333333333335,28.24066666666667,61.92666666666667,True,2023,12,Belgian Grand Prix,Spa-Francorchamps,Belgium,2023-07-30,8.0,6.8,5.0,2.1679483388678804,1.0,1.2000000000000002,7.0,1.5,-2.8,0.2,0.9839999999999947,3.0,1.0,8.5,1,12,0,0.09446079037264353
81,PIA,Oscar Piastri,McLaren,5.0,20.0,0.0,Retired,False,6.0,107.365,17.873333333333335,28.24066666666667,61.92666666666667,True,2023,12,Belgian Grand Prix,Spa-Francorchamps,Belgium,2023-07-30,8.333333333333334,9.8,4.0,5.167204273105526,1.0,-1.4666666666666668,5.5,3.0,-4.800000000000001,2.2,1.1969999999999885,,0.0,4.0,1,12,0,0.09446079037264353
1,VER,Max Verstappen,Red Bull Racing,1.0,1.0,25.0,Finished,True,1.0,70.567,16.791866028708135,24.94114832535885,70.77511961722487,True,2023,13,Dutch Grand Prix,Zandvoort,Netherlands,2023-08-27,1.0,1.0,1.0,0.0,1.0,0.0,2.3333333333333335,1.5,0.0,-3.0,0.0,1.0,1.0,1.0,1,13,0,0.09961948381635514
14,ALO,Fernando Alonso,Aston Martin,5.0,2.0,19.0,Finished,True,5.0,71.506,16.791866028708135,24.94114832535885,70.77511961722487,True,2023,13,Dutch Grand Prix,Zandvoort,Netherlands,2023-08-27,7.0,5.6,2.0,2.6076809620810586,1.0,1.4000000000000004,9.0,3.5,-0.5999999999999996,-4.6,0.9390000000000072,6.0,1.0,8.0,1,13,0,0.09961948381635514
10,GAS,Pierre Gasly,Alpine,12.0,3.0,15.0,Finished,True,12.0,80.128,16.791866028708135,24.94114832535885,70.77511961722487,True,2023,13,Dutch Grand Prix,Zandvoort,Netherlands,2023-08-27,16.333333333333332,14.2,10.0,4.494441010848847,0.7,2.133333333333333,16.0,5.0,-2.1999999999999993,0.4,9.561000000000007,11.0,1.0,11.5,1,13,0,0.09961948381635514
11,PER,Sergio Perez,Red Bull Racing,7.0,4.0,12.0,Finished,True,7.0,71.88,16.791866028708135,24.94114832535885,70.77511961722487,True,2023,13,Dutch Grand Prix,Zandvoort,Netherlands,2023-08-27,3.6666666666666665,4.0,2.0,1.8708286933869716,1.0,-0.3333333333333335,2.3333333333333335,1.5,3.0,3.0,1.3130000000000024,5.0,1.0,3.0,1,13,0,0.09961948381635514
55,SAI,Carlos Sainz,Ferrari,6.0,5.0,10.0,Finished,True,6.0,71.754,16.791866028708135,24.94114832535885,70.77511961722487,True,2023,13,Dutch Grand Prix,Zandvoort,Netherlands,2023-08-27,12.333333333333334,9.6,5.0,5.594640292279747,0.9,2.7333333333333343,9.333333333333334,1.5,-3.5999999999999996,4.6,1.1870000000000118,8.0,1.0,4.5,1,13,0,0.09961948381635514
44,HAM,Lewis Hamilton,Mercedes,13.0,6.0,8.0,Finished,True,13.0,80.151,16.791866028708135,24.94114832535885,70.77511961722487,True,2023,13,Dutch Grand Prix,Zandvoort,Netherlands,2023-08-27,3.6666666666666665,4.4,3.0,2.073644135332769,1.0,-0.7333333333333338,4.666666666666667,1.5,8.6,-4.2,9.584000000000003,4.0,1.0,3.5,1,13,0,0.09961948381635514
4,NOR,Lando Norris,McLaren,2.0,7.0,6.0,Finished,True,2.0,71.104,16.791866028708135,24.94114832535885,70.77511961722487,True,2023,13,Dutch Grand Prix,Zandvoort,Netherlands,2023-08-27,3.6666666666666665,5.6,2.0,4.615192303685732,1.0,-1.9333333333333331,6.666666666666667,3.0,-3.5999999999999996,-5.6,0.5370000000000061,7.0,1.0,12.5,1,13,0,0.09961948381635514
23,ALB,Alexander Albon,Williams,4.0,8.0,4.0,Finished,True,4.0,71.419,16.791866028708135,24.94114832535885,70.77511961722487,True,2023,13,Dutch Grand Prix,Zandvoort,Netherlands,2023-08-27,11.0,10.2,7.0,2.774887385102321,0.9,0.8000000000000007,13.166666666666666,9.5,-6.199999999999999,-5.6,0.8520000000000039,12.0,1.0,17.0,1,13,0,0.09961948381635514
81,PIA,Oscar Piastri,McLaren,8.0,9.0,2.0,Finished,True,8.0,71.938,16.791866028708135,24.94114832535885,70.77511961722487,True,2023,13,Dutch Grand Prix,Zandvoort,Netherlands,2023-08-27,9.666666666666666,11.2,4.0,6.906518659932803,0.9,-1.5333333333333332,6.666666666666667,3.0,-3.1999999999999993,5.6,1.3710000000000093,,0.0,13.0,1,13,0,0.09961948381635514
31,OCO,Esteban Ocon,Alpine,16.0,10.0,1.0,Finished,True,17.0,82.11,16.791866028708135,24.94114832535885,70.77511961722487,True,2023,13,Dutch Grand Prix,Zandvoort,Netherlands,2023-08-27,15.666666666666666,13.8,8.0,5.761944116355173,0.7,1.8666666666666654,16.0,5.0,2.1999999999999993,-0.4,11.543000000000006,9.0,1.0,7.5,1,13,0,0.09961948381635514
18,STR,Lance Stroll,Aston Martin,11.0,11.0,0.0,Finished,True,11.0,80.121,16.791866028708135,24.94114832535885,70.77511961722487,True,2023,13,Dutch Grand Prix,Zandvoort,Netherlands,2023-08-27,11.0,10.2,9.0,2.1679483388678804,0.9,0.8000000000000007,9.0,3.5,0.8000000000000007,4.6,9.554000000000002,10.0,1.0,10.5,1,13,0,0.09961948381635514
27,HUL,Nico Hulkenberg,Haas F1 Team,14.0,12.0,0.0,Finished,True,15.0,80.25,16.791866028708135,24.94114832535885,70.77511961722487,True,2023,13,Dutch Grand Prix,Zandvoort,Netherlands,2023-08-27,15.0,16.0,13.0,2.9154759474226504,0.9,-1.0,16.0,7.0,-2.0,-1.2,9.683000000000007,,0.0,15.0,1,13,0,0.09961948381635514
40,LAW,Liam Lawson,AlphaTauri,19.0,13.0,0.0,Finished,True,20.0,83.42,16.791866028708135,24.94114832535885,70.77511961722487,True,2023,13,Dutch Grand Prix,Zandvoort,Netherlands,2023-08-27,,,,,,,14.5,9.0,,,12.853000000000009,,0.0,,1,13,0,0.09961948381635514
77,BOT,Valtteri Bottas,Alfa Romeo,18.0,14.0,0.0,Finished,True,19.0,82.26,16.791866028708135,24.94114832535885,70.77511961722487,True,2023,13,Dutch Grand Prix,Zandvoort,Netherlands,2023-08-27,12.0,12.2,10.0,1.788854381999825,1.0,-0.1999999999999993,13.333333333333334,7.5,5.800000000000001,-2.2,11.693000000000012,19.0,1.0,12.5,1,13,0,0.09961948381635514
22,TSU,Yuki Tsunoda,AlphaTauri,17.0,15.0,0.0,Finished,True,14.0,80.23,16.791866028708135,24.94114832535885,70.77511961722487,True,2023,13,Dutch Grand Prix,Zandvoort,Netherlands,2023-08-27,13.666666666666666,14.8,10.0,3.2710854467592245,1.0,-1.1333333333333346,14.5,9.0,2.1999999999999993,-1.4,9.663000000000011,20.0,1.0,11.0,1,13,0,0.09961948381635514
20,MAG,Kevin Magnussen,Haas F1 Team,20.0,16.0,0.0,Finished,True,18.0,82.192,16.791866028708135,24.94114832535885,70.77511961722487,True,2023,13,Dutch Grand Prix,Zandvoort,Netherlands,2023-08-27,17.0,17.2,15.0,1.4832396974191324,0.7,-0.1999999999999993,16.0,7.0,2.8000000000000007,1.2,11.625,15.0,1.0,17.5,1,13,0,0.09961948381635514
63,RUS,George Russell,Mercedes,3.0,17.0,0.0,Finished,True,3.0,71.294,16.791866028708135,24.94114832535885,70.77511961722487,True,2023,13,Dutch Grand Prix,Zandvoort,Netherlands,2023-08-27,5.666666666666667,8.6,5.0,5.856620185738529,0.8,-2.9333333333333327,4.666666666666667,1.5,-5.6,4.2,0.7270000000000039,2.0,1.0,3.0,1,13,0,0.09961948381635514
24,ZHO,Guanyu Zhou,Alfa Romeo,15.0,18.0,0.0,Accident,False,16.0,82.067,16.791866028708135,24.94114832535885,70.77511961722487,True,2023,13,Dutch Grand Prix,Zandvoort,Netherlands,2023-08-27,14.666666666666666,14.4,12.0,1.816590212458493,0.9,0.2666666666666657,13.333333333333334,7.5,0.5999999999999996,2.2,11.5,16.0,1.0,14.0,1,13,0,0.09961948381635514
16,LEC,Charles Leclerc,Ferrari,9.0,19.0,0.0,Undertray,False,9.0,72.665,16.791866028708135,24.94114832535885,70.77511961722487,True,2023,13,Dutch Grand Prix,Zandvoort,Netherlands,2023-08-27,6.333333333333333,5.0,2.0,2.915475947422647,0.9,1.333333333333333,9.333333333333334,1.5,4.0,-4.6,2.098000000000013,3.0,1.0,15.5,1,13,0,0.09961948381635514
2,SAR,Logan Sargeant,Williams,10.0,20.0,0.0,Accident,False,10.0,76.748,16.791866028708135,24.94114832535885,70.77511961722487,True,2023,13,Dutch Grand Prix,Zandvoort,Netherlands,2023-08-27,15.333333333333334,15.8,11.0,3.7013511046643486,0.7,-0.4666666666666668,13.166666666666666,9.5,-5.800000000000001,5.6,6.181000000000012,,0.0,20.0,1,13,0,0.09961948381635514
1,VER,Max Verstappen,Red Bull Racing,2.0,1.0,25.0,Finished,True,2.0,80.307,29.330128205128204,42.928205128205136,42.32051282051282,False,2023,14,Italian Grand Prix,Monza,Italy,2023-09-03,1.0,1.0,1.0,0.0,1.0,0.0,2.0,1.5,1.0,-2.6,0.01300000000000523,1.0,1.0,1.25,0,14,0,0.10095258990006066
11,PER,Sergio Perez,Red Bull Racing,5.0,2.0,18.0,Finished,True,5.0,80.688,29.330128205128204,42.928205128205136,42.32051282051282,False,2023,14,Italian Grand Prix,Monza,Italy,2023-09-03,3.0,3.6,2.0,1.5165750888103113,1.0,-0.6000000000000001,2.0,1.5,1.4,2.6,0.39400000000000546,6.0,1.0,1.75,0,14,0,0.10095258990006066
55,SAI,Carlos Sainz,Ferrari,1.0,3.0,15.0,Finished,True,1.0,80.294,29.330128205128204,42.928205128205136,42.32051282051282,False,2023,14,Italian Grand Prix,Monza,Italy,2023-09-03,10.666666666666666,9.6,5.0,5.594640292279747,0.9,1.0666666666666664,10.166666666666666,1.5,-8.6,1.6,0.0,4.0,1.0,11.75,0,14,0,0.10095258990006066
16,LEC,Charles Leclerc,Ferrari,3.0,4.0,12.0,Finished,True,3.0,80.361,29.330128205128204,42.928205128205136,42.32051282051282,False,2023,14,Italian Grand Prix,Monza,Italy,2023-09-03,9.666666666666666,8.0,2.0,6.782329983125266,0.9,1.666666666666666,10.166666666666666,1.5,-5.0,-1.6,0.06700000000000728,2.0,1.0,7.75,0,14,0,0.10095258990006066
63,RUS,George Russell,Mercedes,4.0,5.0,10.0,Finished,True,4.0,80.671,29.330128205128204,42.928205128205136,42.32051282051282,False,2023,14,Italian Grand Prix,Monza,Italy,2023-09-03,9.666666666666666,8.2,5.0,4.969909455915672,0.9,1.4666666666666668,7.166666666666667,1.5,-4.199999999999999,3.2,0.37700000000000955,3.0,1.0,5.25,0,14,0,0.10095258990006066
44,HAM,Lewis Hamilton,Mercedes,8.0,6.0,8.0,Finished,True,8.0,80.82,29.330128205128204,42.928205128205136,42.32051282051282,False,2023,14,Italian Grand Prix,Monza,Italy,2023-09-03,4.666666666666667,5.0,3.0,1.9999999999999964,1.0,-0.33333333333333304,7.166666666666667,1.5,3.0,-3.2,0.5259999999999962,5.0,1.0,8.5,0,14,0,0.10095258990006066
23,ALB,Alexander Albon,Williams,6.0,7.0,6.0,Finished,True,6.0,80.76,29.330128205128204,42.928205128205136,42.32051282051282,False,2023,14,Italian Grand Prix,Monza,Italy,2023-09-03,11.0,10.4,8.0,2.5099800796022262,1.0,0.5999999999999996,14.666666666666666,9.5,-4.4,-5.4,0.4660000000000082,,0.0,12.0,0,14,0,0.10095258990006066
4,NOR,Lando Norris,McLaren,9.0,8.0,4.0,Finished,True,9.0,80.979,29.330128205128204,42.928205128205136,42.32051282051282,False,2023,14,Italian Grand Prix,Monza,Italy,2023-09-03,5.333333333333333,4.4,2.0,2.509980079602229,1.0,0.9333333333333327,8.333333333333334,3.0,4.6,-6.4,0.6850000000000023,7.0,1.0,9.25,0,14,0,0.10095258990006066
14,ALO,Fernando Alonso,Aston Martin,10.0,9.0,2.0,Finished,True,10.0,81.417,29.330128205128204,42.928205128205136,42.32051282051282,False,2023,14,Italian Grand Prix,Monza,Italy,2023-09-03,5.333333333333333,5.6,2.0,2.6076809620810586,1.0,-0.2666666666666666,7.666666666666667,3.5,4.4,-5.0,1.1230000000000047,19.0,1.0,5.25,0,14,0,0.10095258990006066
77,BOT,Valtteri Bottas,Alfa Romeo,14.0,10.0,1.0,Finished,True,14.0,81.94,29.330128205128204,42.928205128205136,42.32051282051282,False,2023,14,Italian Grand Prix,Monza,Italy,2023-09-03,12.666666666666666,13.0,12.0,1.4142135623730887,1.0,-0.3333333333333339,14.166666666666666,7.5,1.0,-1.8,1.6460000000000008,13.0,1.0,15.0,0,14,0,0.10095258990006066
40,LAW,Liam Lawson,AlphaTauri,12.0,11.0,0.0,Finished,True,12.0,81.758,29.330128205128204,42.928205128205136,42.32051282051282,False,2023,14,Italian Grand Prix,Monza,Italy,2023-09-03,13.0,13.0,13.0,,1.0,0.0,13.666666666666666,9.0,-1.0,-2.0,1.4639999999999986,,0.0,,0,14,0,0.10095258990006066
81,PIA,Oscar Piastri,McLaren,7.0,12.0,0.0,Finished,True,7.0,80.785,29.330128205128204,42.928205128205136,42.32051282051282,False,2023,14,Italian Grand Prix,Monza,Italy,2023-09-03,11.333333333333334,10.8,4.0,6.978538528947161,0.9,0.5333333333333332,8.333333333333334,3.0,-3.8000000000000007,6.4,0.49099999999999966,,0.0,15.5,0,14,0,0.10095258990006066
2,SAR,Logan Sargeant,Williams,15.0,13.0,0.0,Finished,True,15.0,81.944,29.330128205128204,42.928205128205136,42.32051282051282,False,2023,14,Italian Grand Prix,Monza,Italy,2023-09-03,18.333333333333332,15.8,11.0,3.7013511046643486,0.7,2.5333333333333314,14.666666666666666,9.5,-0.8000000000000007,5.4,1.6500000000000057,,0.0,16.5,0,14,0,0.10095258990006066
24,ZHO,Guanyu Zhou,Alfa Romeo,16.0,14.0,0.0,Finished,True,16.0,82.39,29.330128205128204,42.928205128205136,42.32051282051282,False,2023,14,Italian Grand Prix,Monza,Italy,2023-09-03,15.666666666666666,14.8,12.0,2.3874672772626626,0.8,0.8666666666666654,14.166666666666666,7.5,1.1999999999999993,1.8,2.0960000000000036,10.0,1.0,16.0,0,14,0,0.10095258990006066
10,GAS,Pierre Gasly,Alpine,17.0,15.0,0.0,Finished,True,17.0,82.545,29.330128205128204,42.928205128205136,42.32051282051282,False,2023,14,Italian Grand Prix,Monza,Italy,2023-09-03,11.333333333333334,12.4,3.0,6.8044103344816005,0.8,-1.0666666666666664,11.833333333333334,5.0,4.6,-1.8,2.2510000000000048,8.0,1.0,9.75,0,14,0,0.10095258990006066
18,STR,Lance Stroll,Aston Martin,20.0,16.0,0.0,Finished,True,20.0,82.86,29.330128205128204,42.928205128205136,42.32051282051282,False,2023,14,Italian Grand Prix,Monza,Italy,2023-09-03,10.0,10.6,9.0,2.0736441353327724,0.9,-0.5999999999999996,7.666666666666667,3.5,9.4,5.0,2.5660000000000025,18.0,1.0,10.75,0,14,0,0.10095258990006066
27,HUL,Nico Hulkenberg,Haas F1 Team,13.0,17.0,0.0,Lapped,True,13.0,81.776,29.330128205128204,42.928205128205136,42.32051282051282,False,2023,14,Italian Grand Prix,Monza,Italy,2023-09-03,14.666666666666666,15.4,12.0,3.4351128074635335,0.9,-0.7333333333333343,15.333333333333334,7.0,-2.4000000000000004,-1.6,1.4819999999999993,,0.0,17.5,0,14,0,0.10095258990006066
20,MAG,Kevin Magnussen,Haas F1 Team,19.0,18.0,0.0,Lapped,True,19.0,82.592,29.330128205128204,42.928205128205136,42.32051282051282,False,2023,14,Italian Grand Prix,Monza,Italy,2023-09-03,16.0,17.0,15.0,1.5811388300841898,0.8,-1.0,15.333333333333334,7.0,2.0,1.6,2.298000000000002,16.0,1.0,15.25,0,14,0,0.10095258990006066
31,OCO,Esteban Ocon,Alpine,18.0,19.0,0.0,Retired,False,18.0,82.548,29.330128205128204,42.928205128205136,42.32051282051282,False,2023,14,Italian Grand Prix,Monza,Italy,2023-09-03,12.333333333333334,14.2,8.0,5.310367218940701,0.8,-1.8666666666666654,11.833333333333334,5.0,3.8000000000000007,1.8,2.254000000000005,11.0,1.0,10.0,0,14,0,0.10095258990006066
22,TSU,Yuki Tsunoda,AlphaTauri,11.0,20.0,0.0,Did not start,False,11.0,81.594,29.330128205128204,42.928205128205136,42.32051282051282,False,2023,14,Italian Grand Prix,Monza,Italy,2023-09-03,13.333333333333334,15.0,10.0,3.2403703492039297,1.0,-1.666666666666666,13.666666666666666,9.0,-4.0,-0.2,1.2999999999999972,14.0,1.0,11.5,0,14,0,0.10095258990006066
55,SAI,Carlos Sainz,Ferrari,1.0,1.0,25.0,Finished,True,1.0,90.984,29.844318181818185,36.42215909090909,72.0284090909091,False,2023,15,Singapore Grand Prix,Marina Bay,Singapore,2023-09-17,9.0,9.0,3.0,6.2048368229954285,0.9,0.0,8.833333333333334,1.5,-8.0,0.6,0.0,3.0,1.0,,0,15,0,0.10367255959929707
4,NOR,Lando Norris,McLaren,4.0,2.0,18.0,Finished,True,4.0,91.27,29.844318181818185,36.42215909090909,72.0284090909091,False,2023,15,Singapore Grand Prix,Marina Bay,Singapore,2023-09-17,7.333333333333333,5.2,2.0,2.9495762407505275,1.0,2.133333333333333,10.5,3.0,-1.2000000000000002,-4.8,0.28600000000000136,4.0,1.0,,0,15,0,0.10367255959929707
44,HAM,Lewis Hamilton,Mercedes,5.0,3.0,16.0,Finished,True,5.0,91.485,29.844318181818185,36.42215909090909,72.0284090909091,False,2023,15,Singapore Grand Prix,Marina Bay,Singapore,2023-09-17,5.333333333333333,4.6,3.0,1.3416407864998687,1.0,0.7333333333333334,7.333333333333333,1.5,0.40000000000000036,-3.2,0.5010000000000048,9.0,1.0,,0,15,0,0.10367255959929707
16,LEC,Charles Leclerc,Ferrari,3.0,4.0,12.0,Finished,True,3.0,91.063,29.844318181818185,36.42215909090909,72.0284090909091,False,2023,15,Singapore Grand Prix,Marina Bay,Singapore,2023-09-17,8.666666666666666,8.4,3.0,6.387487769068523,0.9,0.2666666666666657,8.833333333333334,1.5,-5.4,-0.6,0.07900000000000773,2.0,1.0,,0,15,0,0.10367255959929707
1,VER,Max Verstappen,Red Bull Racing,11.0,5.0,10.0,Finished,True,11.0,92.173,29.844318181818185,36.42215909090909,72.0284090909091,False,2023,15,Singapore Grand Prix,Marina Bay,Singapore,2023-09-17,1.0,1.0,1.0,0.0,1.0,0.0,1.8333333333333333,1.5,10.0,-2.4,1.1890000000000072,7.0,1.0,,0,15,0,0.10367255959929707
10,GAS,Pierre Gasly,Alpine,12.0,6.0,8.0,Finished,True,12.0,92.274,29.844318181818185,36.42215909090909,72.0284090909091,False,2023,15,Singapore Grand Prix,Marina Bay,Singapore,2023-09-17,9.666666666666666,13.4,3.0,6.730527468185537,0.8,-3.7333333333333343,11.0,5.0,-1.4000000000000004,-1.8,1.2900000000000063,10.0,1.0,,0,15,0,0.10367255959929707
81,PIA,Oscar Piastri,McLaren,17.0,7.0,6.0,Finished,True,17.0,92.902,29.844318181818185,36.42215909090909,72.0284090909091,False,2023,15,Singapore Grand Prix,Marina Bay,Singapore,2023-09-17,13.666666666666666,10.0,4.0,6.442049363362563,0.9,3.666666666666666,10.5,3.0,7.0,4.8,1.9180000000000064,,0.0,,0,15,0,0.10367255959929707
11,PER,Sergio Perez,Red Bull Racing,13.0,8.0,4.0,Finished,True,13.0,92.31,29.844318181818185,36.42215909090909,72.0284090909091,False,2023,15,Singapore Grand Prix,Marina Bay,Singapore,2023-09-17,2.6666666666666665,3.4,2.0,1.673320053068152,1.0,-0.7333333333333334,1.8333333333333333,1.5,9.6,2.4,1.3260000000000076,1.0,1.0,,0,15,0,0.10367255959929707
40,LAW,Liam Lawson,AlphaTauri,10.0,9.0,2.0,Finished,True,10.0,92.268,29.844318181818185,36.42215909090909,72.0284090909091,False,2023,15,Singapore Grand Prix,Marina Bay,Singapore,2023-09-17,12.0,12.0,11.0,1.4142135623730951,1.0,0.0,14.166666666666666,9.0,-2.0,-5.5,1.284000000000006,,0.0,,0,15,0,0.10367255959929707
20,MAG,Kevin Magnussen,Haas F1 Team,6.0,10.0,1.0,Finished,True,6.0,91.575,29.844318181818185,36.42215909090909,72.0284090909091,False,2023,15,Singapore Grand Prix,Marina Bay,Singapore,2023-09-17,16.333333333333332,17.0,15.0,1.5811388300841898,0.8,-0.6666666666666679,16.0,7.0,-11.0,2.2,0.5910000000000082,12.0,1.0,,0,15,0,0.10367255959929707
23,ALB,Alexander Albon,Williams,14.0,11.0,0.0,Finished,True,14.0,93.719,29.844318181818185,36.42215909090909,72.0284090909091,False,2023,15,Singapore Grand Prix,Marina Bay,Singapore,2023-09-17,9.666666666666666,9.6,7.0,2.880972058177586,1.0,0.06666666666666643,13.166666666666666,9.5,4.4,-6.2,2.7349999999999994,17.0,1.0,,0,15,0,0.10367255959929707
24,ZHO,Guanyu Zhou,Alfa Romeo,19.0,12.0,0.0,Finished,True,19.0,93.258,29.844318181818185,36.42215909090909,72.0284090909091,False,2023,15,Singapore Grand Prix,Marina Bay,Singapore,2023-09-17,15.0,15.2,13.0,1.9235384061671321,0.9,-0.1999999999999993,13.5,7.5,3.8000000000000007,3.2,2.274000000000001,20.0,1.0,,0,15,0,0.10367255959929707
27,HUL,Nico Hulkenberg,Haas F1 Team,9.0,13.0,0.0,Finished,True,9.0,91.808,29.844318181818185,36.42215909090909,72.0284090909091,False,2023,15,Singapore Grand Prix,Marina Bay,Singapore,2023-09-17,15.666666666666666,14.8,12.0,2.588435821108957,0.9,0.8666666666666654,16.0,7.0,-5.800000000000001,-2.2,0.8240000000000123,,0.0,,0,15,0,0.10367255959929707
2,SAR,Logan Sargeant,Williams,18.0,14.0,0.0,Finished,True,18.0,93.252,29.844318181818185,36.42215909090909,72.0284090909091,False,2023,15,Singapore Grand Prix,Marina Bay,Singapore,2023-09-17,16.666666666666668,15.8,11.0,3.7013511046643486,0.7,0.8666666666666671,13.166666666666666,9.5,2.1999999999999993,6.2,2.2680000000000007,,0.0,,0,15,0,0.10367255959929707
14,ALO,Fernando Alonso,Aston Martin,7.0,15.0,0.0,Finished,True,7.0,91.615,29.844318181818185,36.42215909090909,72.0284090909091,False,2023,15,Singapore Grand Prix,Marina Bay,Singapore,2023-09-17,5.333333333333333,6.4,2.0,2.9664793948382644,1.0,-1.0666666666666673,8.666666666666666,3.5,0.5999999999999996,-5.6,0.6310000000000002,18.0,1.0,,0,15,0,0.10367255959929707
63,RUS,George Russell,Mercedes,2.0,16.0,0.0,Retired,False,2.0,91.056,29.844318181818185,36.42215909090909,72.0284090909091,False,2023,15,Singapore Grand Prix,Marina Bay,Singapore,2023-09-17,9.333333333333334,7.8,5.0,5.167204273105526,0.9,1.533333333333334,7.333333333333333,1.5,-5.8,3.2,0.07200000000000273,14.0,1.0,,0,15,0,0.10367255959929707
77,BOT,Valtteri Bottas,Alfa Romeo,16.0,17.0,0.0,Retired,False,16.0,92.809,29.844318181818185,36.42215909090909,72.0284090909091,False,2023,15,Singapore Grand Prix,Marina Bay,Singapore,2023-09-17,12.0,12.0,10.0,1.4142135623730858,1.0,0.0,13.5,7.5,4.0,-3.2,1.8250000000000028,11.0,1.0,,0,15,0,0.10367255959929707
31,OCO,Esteban Ocon,Alpine,8.0,18.0,0.0,Retired,False,8.0,91.673,29.844318181818185,36.42215909090909,72.0284090909091,False,2023,15,Singapore Grand Prix,Marina Bay,Singapore,2023-09-17,12.333333333333334,15.2,8.0,5.718391382198319,0.7,-2.8666666666666654,11.0,5.0,-7.199999999999999,1.8,0.6890000000000072,16.0,1.0,,0,15,0,0.10367255959929707
22,TSU,Yuki Tsunoda,AlphaTauri,15.0,19.0,0.0,Retired,False,15.0,91.991,29.844318181818185,36.42215909090909,72.0284090909091,False,2023,15,Singapore Grand Prix,Marina Bay,Singapore,2023-09-17,15.0,15.2,10.0,3.563705936241092,0.9,-0.1999999999999993,14.166666666666666,9.0,-0.1999999999999993,1.2,1.007000000000005,15.0,1.0,,0,15,0,0.10367255959929707
18,STR,Lance Stroll,Aston Martin,20.0,,0.0,Withdrew,False,20.0,93.397,29.844318181818185,36.42215909090909,72.0284090909091,False,2023,15,Singapore Grand Prix,Marina Bay,Singapore,2023-09-17,12.0,12.0,9.0,2.9154759474226504,0.9,0.0,8.666666666666666,3.5,8.0,5.6,2.413000000000011,6.0,1.0,,0,15,0,0.10367255959929707
1,VER,Max Verstappen,Red Bull Racing,1.0,1.0,26.0,Finished,True,1.0,88.877,27.28860759493671,42.070253164556966,42.31645569620253,False,2023,16,Japanese Grand Prix,Suzuka,Japan,2023-09-24,2.3333333333333335,1.8,1.0,1.7888543819998335,1.0,0.5333333333333334,3.5,1.5,-0.8,-2.0,0.0,1.0,1.0,2.0,0,16,0,0.10505990386791343
4,NOR,Lando Norris,McLaren,3.0,2.0,18.0,Finished,True,3.0,89.493,27.28860759493671,42.070253164556966,42.31645569620253,False,2023,16,Japanese Grand Prix,Suzuka,Japan,2023-09-24,5.666666666666667,5.2,2.0,2.9495762407505275,1.0,0.4666666666666668,7.5,3.0,-2.2,-5.4,0.6159999999999997,10.0,1.0,8.666666666666666,0,16,0,0.10505990386791343
81,PIA,Oscar Piastri,McLaren,2.0,3.0,15.0,Finished,True,2.0,89.458,27.28860759493671,42.070253164556966,42.31645569620253,False,2023,16,Japanese Grand Prix,Suzuka,Japan,2023-09-24,9.333333333333334,10.6,5.0,5.856620185738529,0.9,-1.2666666666666657,7.5,3.0,-8.6,5.4,0.5810000000000031,,0.0,12.333333333333334,0,16,0,0.10505990386791343
16,LEC,Charles Leclerc,Ferrari,4.0,4.0,12.0,Finished,True,4.0,89.542,27.28860759493671,42.070253164556966,42.31645569620253,False,2023,16,Japanese Grand Prix,Suzuka,Japan,2023-09-24,9.0,7.4,3.0,6.655824516917493,0.9,1.5999999999999996,6.0,1.5,-3.4000000000000004,0.2,0.6650000000000063,3.0,1.0,8.833333333333334,0,16,0,0.10505990386791343
44,HAM,Lewis Hamilton,Mercedes,7.0,5.0,10.0,Finished,True,7.0,89.908,27.28860759493671,42.070253164556966,42.31645569620253,False,2023,16,Japanese Grand Prix,Suzuka,Japan,2023-09-24,5.0,4.6,3.0,1.3416407864998687,1.0,0.40000000000000036,8.833333333333334,1.5,2.4000000000000004,-5.4,1.031000000000006,5.0,1.0,6.166666666666667,0,16,0,0.10505990386791343
55,SAI,Carlos Sainz,Ferrari,6.0,6.0,8.0,Finished,True,6.0,89.85,27.28860759493671,42.070253164556966,42.31645569620253,False,2023,16,Japanese Grand Prix,Suzuka,Japan,2023-09-24,3.0,7.2,1.0,7.08519583356734,0.9,-4.2,6.0,1.5,-1.2000000000000002,-0.2,0.972999999999999,19.0,1.0,7.0,0,16,0,0.10505990386791343
63,RUS,George Russell,Mercedes,8.0,7.0,6.0,Finished,True,8.0,90.219,27.28860759493671,42.070253164556966,42.31645569620253,False,2023,16,Japanese Grand Prix,Suzuka,Japan,2023-09-24,12.666666666666666,10.0,5.0,5.958187643906493,0.8,2.666666666666666,8.833333333333334,1.5,-2.0,5.4,1.3419999999999987,8.0,1.0,6.5,0,16,0,0.10505990386791343
14,ALO,Fernando Alonso,Aston Martin,10.0,8.0,4.0,Finished,True,10.0,90.56,27.28860759493671,42.070253164556966,42.31645569620253,False,2023,16,Japanese Grand Prix,Suzuka,Japan,2023-09-24,8.666666666666666,8.0,2.0,4.898979485566356,1.0,0.6666666666666661,11.333333333333334,3.5,2.0,-5.25,1.683000000000007,7.0,1.0,6.333333333333333,0,16,0,0.10505990386791343
31,OCO,Esteban Ocon,Alpine,14.0,9.0,2.0,Finished,True,14.0,90.586,27.28860759493671,42.070253164556966,42.31645569620253,False,2023,16,Japanese Grand Prix,Suzuka,Japan,2023-09-24,15.666666666666666,14.8,8.0,5.357238094391549,0.6,0.8666666666666654,11.833333333333334,5.0,-0.8000000000000007,3.8,1.7090000000000032,4.0,1.0,10.833333333333334,0,16,0,0.10505990386791343
10,GAS,Pierre Gasly,Alpine,12.0,10.0,1.0,Finished,True,12.0,90.509,27.28860759493671,42.070253164556966,42.31645569620253,False,2023,16,Japanese Grand Prix,Suzuka,Japan,2023-09-24,8.0,11.0,3.0,6.819090848492929,0.8,-3.0,11.833333333333334,5.0,1.0,-3.8,1.632000000000005,18.0,1.0,12.833333333333334,0,16,0,0.10505990386791343
40,LAW,Liam Lawson,AlphaTauri,11.0,11.0,0.0,Lapped,True,11.0,90.508,27.28860759493671,42.070253164556966,42.31645569620253,False,2023,16,Japanese Grand Prix,Suzuka,Japan,2023-09-24,11.0,11.0,9.0,2.0,1.0,0.0,14.5,9.0,0.0,-7.0,1.6310000000000002,,0.0,,0,16,0,0.10505990386791343
22,TSU,Yuki Tsunoda,AlphaTauri,9.0,12.0,0.0,Lapped,True,9.0,90.303,27.28860759493671,42.070253164556966,42.31645569620253,False,2023,16,Japanese Grand Prix,Suzuka,Japan,2023-09-24,18.0,15.8,10.0,3.9623225512317894,0.8,2.1999999999999993,14.5,9.0,-6.800000000000001,3.4,1.426000000000002,13.0,1.0,12.5,0,16,0,0.10505990386791343
24,ZHO,Guanyu Zhou,Alfa Romeo,19.0,13.0,0.0,Lapped,True,19.0,91.398,27.28860759493671,42.070253164556966,42.31645569620253,False,2023,16,Japanese Grand Prix,Suzuka,Japan,2023-09-24,14.666666666666666,14.6,12.0,2.408318915758457,0.9,0.06666666666666643,14.166666666666666,7.5,4.4,1.6,2.521000000000001,16.0,1.0,14.833333333333334,0,16,0,0.10505990386791343
27,HUL,Nico Hulkenberg,Haas F1 Team,18.0,14.0,0.0,Lapped,True,18.0,91.299,27.28860759493671,42.070253164556966,42.31645569620253,False,2023,16,Japanese Grand Prix,Suzuka,Japan,2023-09-24,14.0,14.8,12.0,2.588435821108957,0.9,-0.8000000000000007,14.333333333333334,7.0,3.1999999999999993,-0.4,2.4220000000000113,,0.0,15.333333333333334,0,16,0,0.10505990386791343
20,MAG,Kevin Magnussen,Haas F1 Team,15.0,15.0,0.0,Lapped,True,15.0,90.665,27.28860759493671,42.070253164556966,42.31645569620253,False,2023,16,Japanese Grand Prix,Suzuka,Japan,2023-09-24,14.666666666666666,15.2,10.0,3.1144823004794873,0.8,-0.5333333333333332,14.333333333333334,7.0,-0.1999999999999993,0.4,1.788000000000011,14.0,1.0,15.833333333333334,0,16,0,0.10505990386791343
23,ALB,Alexander Albon,Williams,13.0,16.0,0.0,Retired,False,13.0,90.537,27.28860759493671,42.070253164556966,42.31645569620253,False,2023,16,Japanese Grand Prix,Suzuka,Japan,2023-09-24,8.666666666666666,10.2,7.0,2.7748873851023212,1.0,-1.5333333333333332,12.166666666666666,9.5,2.8000000000000007,-6.2,1.6600000000000108,20.0,1.0,14.333333333333334,0,16,0,0.10505990386791343
2,SAR,Logan Sargeant,Williams,20.0,17.0,0.0,Retired,False,20.0,,27.28860759493671,42.070253164556966,42.31645569620253,False,2023,16,Japanese Grand Prix,Suzuka,Japan,2023-09-24,15.666666666666666,16.4,13.0,2.8809720581775853,0.7,-0.7333333333333325,12.166666666666666,9.5,3.6000000000000014,6.2,,,0.0,16.0,0,16,0,0.10505990386791343
18,STR,Lance Stroll,Aston Martin,17.0,18.0,0.0,Retired,False,17.0,91.181,27.28860759493671,42.070253164556966,42.31645569620253,False,2023,16,Japanese Grand Prix,Suzuka,Japan,2023-09-24,13.5,11.5,9.0,3.1091263510296057,0.8,2.0,11.333333333333334,3.5,5.5,5.25,2.304000000000002,12.0,1.0,11.0,0,16,0,0.10505990386791343
11,PER,Sergio Perez,Red Bull Racing,5.0,19.0,0.0,Retired,False,5.0,89.65,27.28860759493671,42.070253164556966,42.31645569620253,False,2023,16,Japanese Grand Prix,Suzuka,Japan,2023-09-24,4.666666666666667,3.8,2.0,2.4899799195977472,1.0,0.8666666666666671,3.5,1.5,1.2000000000000002,2.0,0.7730000000000103,2.0,1.0,3.0,0,16,0,0.10505990386791343
77,BOT,Valtteri Bottas,Alfa Romeo,16.0,20.0,0.0,Retired,False,16.0,91.049,27.28860759493671,42.070253164556966,42.31645569620253,False,2023,16,Japanese Grand Prix,Suzuka,Japan,2023-09-24,13.666666666666666,13.0,10.0,2.645751311064587,0.9,0.6666666666666661,14.166666666666666,7.5,3.0,-1.6,2.1720000000000113,15.0,1.0,14.166666666666666,0,16,0,0.10505990386791343
1,VER,Max Verstappen,Red Bull Racing,1.0,1.0,26.0,Finished,True,1.0,83.778,31.46289308176101,36.93207547169812,73.15723270440252,False,2023,17,Qatar Grand Prix,Lusail,Qatar,2023-10-08,2.3333333333333335,1.8,1.0,1.7888543819998335,1.0,0.5333333333333334,6.0,1.5,-0.8,-5.2,0.0,,0.0,7.0,0,17,0,0.10789053709295801
81,PIA,Oscar Piastri,McLaren,6.0,2.0,18.0,Finished,True,6.0,84.54,31.46289308176101,36.93207547169812,73.15723270440252,False,2023,17,Qatar Grand Prix,Lusail,Qatar,2023-10-08,7.333333333333333,10.2,3.0,6.3796551630946325,0.9,-2.8666666666666663,5.666666666666667,2.5,-4.199999999999999,5.0,0.7620000000000005,,0.0,20.0,0,17,0,0.10789053709295801
4,NOR,Lando Norris,McLaren,10.0,3.0,15.0,Finished,True,10.0,84.685,31.46289308176101,36.93207547169812,73.15723270440252,False,2023,17,Qatar Grand Prix,Lusail,Qatar,2023-10-08,4.0,5.2,2.0,2.9495762407505275,1.0,-1.2000000000000002,5.666666666666667,2.5,4.8,-5.0,0.9069999999999965,,0.0,12.666666666666666,0,17,0,0.10789053709295801
63,RUS,George Russell,Mercedes,2.0,4.0,12.0,Finished,True,2.0,84.219,31.46289308176101,36.93207547169812,73.15723270440252,False,2023,17,Qatar Grand Prix,Lusail,Qatar,2023-10-08,9.333333333333334,10.2,5.0,5.805170109479997,0.8,-0.8666666666666654,7.0,1.5,-8.2,5.4,0.4409999999999883,,0.0,5.333333333333333,0,17,0,0.10789053709295801
16,LEC,Charles Leclerc,Ferrari,5.0,5.0,10.0,Finished,True,5.0,84.424,31.46289308176101,36.93207547169812,73.15723270440252,False,2023,17,Qatar Grand Prix,Lusail,Qatar,2023-10-08,4.0,6.8,3.0,6.833739825307954,0.9,-2.8,3.6666666666666665,1.5,-1.7999999999999998,0.0,0.6460000000000008,,0.0,7.333333333333333,0,17,0,0.10789053709295801
14,ALO,Fernando Alonso,Aston Martin,4.0,6.0,8.0,Finished,True,4.0,84.369,31.46289308176101,36.93207547169812,73.15723270440252,False,2023,17,Qatar Grand Prix,Lusail,Qatar,2023-10-08,10.666666666666666,7.8,2.0,4.868264577855233,1.0,2.8666666666666663,13.5,3.5,-3.8,-7.5,0.590999999999994,,0.0,10.666666666666666,0,17,0,0.10789053709295801
31,OCO,Esteban Ocon,Alpine,8.0,7.0,6.0,Finished,True,8.0,84.763,31.46289308176101,36.93207547169812,73.15723270440252,False,2023,17,Qatar Grand Prix,Lusail,Qatar,2023-10-08,15.333333333333334,12.8,8.0,5.263078946776307,0.6,2.533333333333333,12.833333333333334,5.0,-4.800000000000001,3.8,0.9849999999999994,,0.0,10.666666666666666,0,17,0,0.10789053709295801
77,BOT,Valtteri Bottas,Alfa Romeo,9.0,8.0,4.0,Finished,True,9.0,85.058,31.46289308176101,36.93207547169812,73.15723270440252,False,2023,17,Qatar Grand Prix,Lusail,Qatar,2023-10-08,15.666666666666666,14.6,10.0,3.974921382870357,0.8,1.0666666666666664,14.333333333333334,7.5,-5.6,0.6,1.2800000000000011,,0.0,9.666666666666666,0,17,0,0.10789053709295801
24,ZHO,Guanyu Zhou,Alfa Romeo,19.0,9.0,2.0,Finished,True,20.0,87.432,31.46289308176101,36.93207547169812,73.15723270440252,False,2023,17,Qatar Grand Prix,Lusail,Qatar,2023-10-08,13.0,14.0,12.0,2.345207879911713,0.9,-1.0,14.333333333333334,7.5,5.0,-0.6,3.6539999999999964,,0.0,12.666666666666666,0,17,0,0.10789053709295801
11,PER,Sergio Perez,Red Bull Racing,20.0,10.0,1.0,Finished,True,13.0,85.462,31.46289308176101,36.93207547169812,73.15723270440252,False,2023,17,Qatar Grand Prix,Lusail,Qatar,2023-10-08,9.666666666666666,7.0,2.0,7.14142842854285,0.9,2.666666666666666,6.0,1.5,13.0,5.2,1.6839999999999975,,0.0,7.666666666666667,0,17,0,0.10789053709295801
18,STR,Lance Stroll,Aston Martin,16.0,11.0,0.0,Finished,True,17.0,86.345,31.46289308176101,36.93207547169812,73.15723270440252,False,2023,17,Qatar Grand Prix,Lusail,Qatar,2023-10-08,17.0,13.5,9.0,4.203173404306164,0.8,3.5,13.5,3.5,2.5,7.5,2.566999999999993,,0.0,8.666666666666666,0,17,0,0.10789053709295801
10,GAS,Pierre Gasly,Alpine,7.0,12.0,0.0,Finished,True,7.0,84.553,31.46289308176101,36.93207547169812,73.15723270440252,False,2023,17,Qatar Grand Prix,Lusail,Qatar,2023-10-08,10.333333333333334,9.0,3.0,4.636809247747854,0.8,1.333333333333334,12.833333333333334,5.0,-2.0,-3.8,0.7749999999999915,,0.0,14.333333333333334,0,17,0,0.10789053709295801
23,ALB,Alexander Albon,Williams,13.0,13.0,0.0,Finished,True,14.0,85.707,31.46289308176101,36.93207547169812,73.15723270440252,False,2023,17,Qatar Grand Prix,Lusail,Qatar,2023-10-08,11.333333333333334,11.2,7.0,3.8340579025361627,0.9,0.13333333333333464,13.0,9.5,1.8000000000000007,-5.0,1.9289999999999878,,0.0,12.0,0,17,0,0.10789053709295801
20,MAG,Kevin Magnussen,Haas F1 Team,18.0,14.0,0.0,Lapped,True,19.0,87.046,31.46289308176101,36.93207547169812,73.15723270440252,False,2023,17,Qatar Grand Prix,Lusail,Qatar,2023-10-08,14.333333333333334,14.8,10.0,2.949576240750525,0.9,-0.4666666666666668,14.5,7.0,3.1999999999999993,0.0,3.2680000000000007,,0.0,11.666666666666666,0,17,0,0.10789053709295801
22,TSU,Yuki Tsunoda,AlphaTauri,11.0,15.0,0.0,Lapped,True,11.0,85.301,31.46289308176101,36.93207547169812,73.15723270440252,False,2023,17,Qatar Grand Prix,Lusail,Qatar,2023-10-08,17.0,15.2,10.0,4.32434966208793,0.8,1.8000000000000007,13.666666666666666,9.0,-4.199999999999999,3.2,1.5229999999999961,,0.0,10.0,0,17,0,0.10789053709295801
27,HUL,Nico Hulkenberg,Haas F1 Team,14.0,16.0,0.0,Lapped,True,15.0,85.783,31.46289308176101,36.93207547169812,73.15723270440252,False,2023,17,Qatar Grand Prix,Lusail,Qatar,2023-10-08,14.666666666666666,14.8,12.0,2.588435821108957,0.9,-0.13333333333333464,14.5,7.0,-0.8000000000000007,0.0,2.0049999999999955,,0.0,16.0,0,17,0,0.10789053709295801
40,LAW,Liam Lawson,AlphaTauri,17.0,17.0,0.0,Lapped,True,18.0,86.635,31.46289308176101,36.93207547169812,73.15723270440252,False,2023,17,Qatar Grand Prix,Lusail,Qatar,2023-10-08,10.333333333333334,11.0,9.0,1.632993161855452,1.0,-0.6666666666666661,13.666666666666666,9.0,6.0,-5.5,2.8569999999999993,,0.0,,0,17,0,0.10789053709295801
2,SAR,Logan Sargeant,Williams,15.0,18.0,0.0,Retired,False,16.0,86.21,31.46289308176101,36.93207547169812,73.15723270440252,False,2023,17,Qatar Grand Prix,Lusail,Qatar,2023-10-08,14.666666666666666,16.2,13.0,2.77488738510232,0.6,-1.5333333333333332,13.0,9.5,-1.1999999999999993,5.0,2.431999999999988,,0.0,12.0,0,17,0,0.10789053709295801
44,HAM,Lewis Hamilton,Mercedes,3.0,19.0,0.0,Retired,False,3.0,84.305,31.46289308176101,36.93207547169812,73.15723270440252,False,2023,17,Qatar Grand Prix,Lusail,Qatar,2023-10-08,4.666666666666667,4.8,3.0,1.3038404810405246,1.0,-0.13333333333333286,7.0,1.5,-1.7999999999999998,-5.4,0.527000000000001,,0.0,8.666666666666666,0,17,0,0.10789053709295801
55,SAI,Carlos Sainz,Ferrari,12.0,20.0,0.0,Did not start,False,12.0,85.328,31.46289308176101,36.93207547169812,73.15723270440252,False,2023,17,Qatar Grand Prix,Lusail,Qatar,2023-10-08,3.3333333333333335,6.8,1.0,7.085195833567339,0.9,-3.4666666666666663,3.6666666666666665,1.5,5.2,0.0,1.5499999999999972,,0.0,3.3333333333333335,0,17,0,0.10789053709295801
1,VER,Max Verstappen,Red Bull Racing,6.0,1.0,25.0,Finished,True,6.0,95.081,29.96011904761904,40.62857142857143,41.910714285714285,False,2023,18,United States Grand Prix,Austin,United States,2023-10-22,2.3333333333333335,1.8,1.0,1.7888543819998335,1.0,0.5333333333333334,7.333333333333333,1.5,4.2,-6.8,0.3580000000000041,1.0,1.0,3.75,0,18,0,0.11079743618309232
4,NOR,Lando Norris,McLaren,2.0,2.0,18.0,Finished,True,2.0,94.853,29.96011904761904,40.62857142857143,41.910714285714285,False,2023,18,United States Grand Prix,Austin,United States,2023-10-22,2.3333333333333335,4.4,2.0,2.880972058177589,1.0,-2.066666666666667,3.1666666666666665,2.5,-2.4000000000000004,-2.2,0.12999999999999545,6.0,1.0,8.75,0,18,0,0.11079743618309232
55,SAI,Carlos Sainz,Ferrari,4.0,3.0,15.0,Finished,True,4.0,94.945,29.96011904761904,40.62857142857143,41.910714285714285,False,2023,18,United States Grand Prix,Austin,United States,2023-10-22,9.0,7.0,1.0,7.516648189186454,0.8,2.0,6.666666666666667,1.5,-3.0,-0.2,0.2219999999999942,20.0,1.0,4.75,0,18,0,0.11079743618309232
11,PER,Sergio Perez,Red Bull Racing,9.0,4.0,12.0,Finished,True,9.0,95.173,29.96011904761904,40.62857142857143,41.910714285714285,False,2023,18,United States Grand Prix,Austin,United States,2023-10-22,12.333333333333334,8.6,2.0,6.618156843109719,0.9,3.7333333333333343,7.333333333333333,1.5,0.40000000000000036,6.8,0.45000000000000284,4.0,1.0,4.5,0,18,0,0.11079743618309232
63,RUS,George Russell,Mercedes,5.0,5.0,10.0,Finished,True,5.0,95.079,29.96011904761904,40.62857142857143,41.910714285714285,False,2023,18,United States Grand Prix,Austin,United States,2023-10-22,9.0,9.8,4.0,6.220932405998316,0.8,-0.8000000000000007,9.0,1.5,-4.800000000000001,2.0,0.35599999999999454,5.0,1.0,7.0,0,18,0,0.11079743618309232
10,GAS,Pierre Gasly,Alpine,7.0,6.0,8.0,Finished,True,7.0,95.089,29.96011904761904,40.62857142857143,41.910714285714285,False,2023,18,United States Grand Prix,Austin,United States,2023-10-22,9.333333333333334,9.2,3.0,4.76445169982864,0.8,0.13333333333333464,10.333333333333334,5.0,-2.1999999999999993,-3.4,0.36599999999999966,14.0,1.0,14.75,0,18,0,0.11079743618309232
18,STR,Lance Stroll,Aston Martin,20.0,7.0,6.0,Finished,True,19.0,96.589,29.96011904761904,40.62857142857143,41.910714285714285,False,2023,18,United States Grand Prix,Austin,United States,2023-10-22,14.5,14.0,11.0,3.5590260840104375,0.8,0.5,12.166666666666666,3.5,6.0,7.75,1.8659999999999997,18.0,1.0,12.5,0,18,0,0.11079743618309232
22,TSU,Yuki Tsunoda,AlphaTauri,11.0,8.0,5.0,Finished,True,11.0,95.697,29.96011904761904,40.62857142857143,41.910714285714285,False,2023,18,United States Grand Prix,Austin,United States,2023-10-22,15.333333333333334,16.2,12.0,3.2710854467592245,0.8,-0.8666666666666654,13.833333333333334,9.0,-5.199999999999999,4.0,0.9740000000000038,10.0,1.0,16.75,0,18,0,0.11079743618309232
23,ALB,Alexander Albon,Williams,15.0,9.0,2.0,Finished,True,18.0,96.315,29.96011904761904,40.62857142857143,41.910714285714285,False,2023,18,United States Grand Prix,Austin,United States,2023-10-22,13.333333333333334,11.0,7.0,3.674234614174767,0.9,2.333333333333334,14.833333333333334,9.5,4.0,-5.4,1.5919999999999987,13.0,1.0,13.75,0,18,0,0.11079743618309232
2,SAR,Logan Sargeant,Williams,16.0,10.0,1.0,Finished,True,20.0,96.827,29.96011904761904,40.62857142857143,41.910714285714285,False,2023,18,United States Grand Prix,Austin,United States,2023-10-22,16.333333333333332,16.4,13.0,2.880972058177585,0.5,-0.06666666666666643,14.833333333333334,9.5,-0.3999999999999986,5.4,2.103999999999999,,0.0,11.0,0,18,0,0.11079743618309232
27,HUL,Nico Hulkenberg,Haas F1 Team,18.0,11.0,0.0,Finished,True,16.0,96.235,29.96011904761904,40.62857142857143,41.910714285714285,False,2023,18,United States Grand Prix,Austin,United States,2023-10-22,14.333333333333334,14.4,12.0,2.0736441353327724,0.9,-0.06666666666666643,13.666666666666666,7.0,3.5999999999999996,-0.2,1.5120000000000005,,0.0,13.0,0,18,0,0.11079743618309232
77,BOT,Valtteri Bottas,Alfa Romeo,13.0,12.0,0.0,Finished,True,13.0,95.858,29.96011904761904,40.62857142857143,41.910714285714285,False,2023,18,United States Grand Prix,Austin,United States,2023-10-22,15.0,13.8,8.0,4.919349550499536,0.8,1.1999999999999993,13.166666666666666,7.5,-0.8000000000000007,0.6,1.1350000000000051,19.0,1.0,12.0,0,18,0,0.11079743618309232
24,ZHO,Guanyu Zhou,Alfa Romeo,12.0,13.0,0.0,Lapped,True,12.0,95.698,29.96011904761904,40.62857142857143,41.910714285714285,False,2023,18,United States Grand Prix,Austin,United States,2023-10-22,11.333333333333334,13.2,9.0,3.2710854467592236,0.9,-1.8666666666666654,13.166666666666666,7.5,-1.1999999999999993,-0.6,0.9749999999999943,12.0,1.0,14.75,0,18,0,0.11079743618309232
20,MAG,Kevin Magnussen,Haas F1 Team,17.0,14.0,0.0,Lapped,True,14.0,95.88,29.96011904761904,40.62857142857143,41.910714285714285,False,2023,18,United States Grand Prix,Austin,United States,2023-10-22,13.0,14.6,10.0,2.966479394838265,0.9,-1.5999999999999996,13.666666666666666,7.0,2.4000000000000004,0.2,1.1569999999999965,9.0,1.0,16.25,0,18,0,0.11079743618309232
3,RIC,Daniel Ricciardo,AlphaTauri,14.0,15.0,0.0,Lapped,True,15.0,95.974,29.96011904761904,40.62857142857143,41.910714285714285,False,2023,18,United States Grand Prix,Austin,United States,2023-10-22,12.666666666666666,13.0,7.0,5.244044240850758,0.8,-0.3333333333333339,13.833333333333334,9.0,1.0,1.4,1.2510000000000048,16.0,1.0,13.333333333333334,0,18,0,0.11079743618309232
14,ALO,Fernando Alonso,Aston Martin,19.0,16.0,0.0,Retired,False,17.0,96.268,29.96011904761904,40.62857142857143,41.910714285714285,False,2023,18,United States Grand Prix,Austin,United States,2023-10-22,9.666666666666666,8.0,2.0,4.743416490252568,1.0,1.666666666666666,12.166666666666666,3.5,11.0,-7.75,1.5450000000000017,7.0,1.0,9.0,0,18,0,0.11079743618309232
81,PIA,Oscar Piastri,McLaren,10.0,17.0,0.0,Retired,False,10.0,95.467,29.96011904761904,40.62857142857143,41.910714285714285,False,2023,18,United States Grand Prix,Austin,United States,2023-10-22,4.0,6.6,2.0,4.159326868617084,0.9,-2.5999999999999996,3.1666666666666665,2.5,3.4000000000000004,2.2,0.7439999999999998,,0.0,4.0,0,18,0,0.11079743618309232
31,OCO,Esteban Ocon,Alpine,8.0,18.0,0.0,Retired,False,8.0,95.154,29.96011904761904,40.62857142857143,41.910714285714285,False,2023,18,United States Grand Prix,Austin,United States,2023-10-22,11.333333333333334,12.6,7.0,5.504543577809154,0.6,-1.2666666666666657,10.333333333333334,5.0,-4.6,3.4,0.4309999999999974,11.0,1.0,12.75,0,18,0,0.11079743618309232
44,HAM,Lewis Hamilton,Mercedes,3.0,19.0,0.0,Disqualified,False,3.0,94.862,29.96011904761904,40.62857142857143,41.910714285714285,False,2023,18,United States Grand Prix,Austin,United States,2023-10-22,9.0,7.8,3.0,6.379655163094631,0.9,1.2000000000000002,9.0,1.5,-4.8,-2.0,0.1389999999999958,2.0,1.0,2.5,0,18,0,0.11079743618309232
16,LEC,Charles Leclerc,Ferrari,1.0,20.0,0.0,Disqualified,False,1.0,94.723,29.96011904761904,40.62857142857143,41.910714285714285,False,2023,18,United States Grand Prix,Austin,United States,2023-10-22,4.333333333333333,7.2,4.0,6.610597552415363,0.9,-2.866666666666667,6.666666666666667,1.5,-6.2,0.2,0.0,3.0,1.0,5.75,0,18,0,0.11079743618309232
1,VER,Max Verstappen,Red Bull Racing,3.0,1.0,25.0,Finished,True,3.0,77.263,25.547368421052628,45.63947368421053,23.55263157894737,False,2023,19,Mexico City Grand Prix,Mexico City,Mexico,2023-10-29,1.0,1.8,1.0,1.7888543819998335,1.0,-0.8,6.0,1.5,1.2,-6.8,0.09700000000000841,1.0,1.0,2.6666666666666665,0,19,0,0.11228012541793053
44,HAM,Lewis Hamilton,Mercedes,6.0,2.0,19.0,Finished,True,6.0,77.454,25.547368421052628,45.63947368421053,23.55263157894737,False,2023,19,Mexico City Grand Prix,Mexico City,Mexico,2023-10-29,14.333333333333334,10.4,3.0,7.924645102463578,0.8,3.9333333333333336,9.833333333333334,1.5,-4.4,3.0,0.2879999999999967,2.0,1.0,7.666666666666667,0,19,0,0.11228012541793053
16,LEC,Charles Leclerc,Ferrari,1.0,3.0,15.0,Finished,True,1.0,77.166,25.547368421052628,45.63947368421053,23.55263157894737,False,2023,19,Mexico City Grand Prix,Mexico City,Mexico,2023-10-29,9.666666666666666,7.4,4.0,7.056911505750938,0.8,2.2666666666666657,9.666666666666666,1.5,-6.4,0.8,0.0,6.0,1.0,9.0,0,19,0,0.11228012541793053
55,SAI,Carlos Sainz,Ferrari,2.0,4.0,12.0,Finished,True,2.0,77.233,25.547368421052628,45.63947368421053,23.55263157894737,False,2023,19,Mexico City Grand Prix,Mexico City,Mexico,2023-10-29,9.666666666666666,6.6,1.0,7.7006493232713815,0.8,3.0666666666666664,9.666666666666666,1.5,-4.6,-0.8,0.06700000000000728,5.0,1.0,8.666666666666666,0,19,0,0.11228012541793053
4,NOR,Lando Norris,McLaren,17.0,5.0,10.0,Finished,True,19.0,81.554,25.547368421052628,45.63947368421053,23.55263157894737,False,2023,19,Mexico City Grand Prix,Mexico City,Mexico,2023-10-29,2.3333333333333335,3.4,2.0,2.6076809620810617,1.0,-1.0666666666666664,4.833333333333333,2.5,13.6,-4.8,4.388000000000005,9.0,1.0,8.666666666666666,0,19,0,0.11228012541793053
63,RUS,George Russell,Mercedes,8.0,6.0,8.0,Finished,True,8.0,77.674,25.547368421052628,45.63947368421053,23.55263157894737,False,2023,19,Mexico City Grand Prix,Mexico City,Mexico,2023-10-29,5.333333333333333,7.4,4.0,4.929503017546495,0.9,-2.0666666666666673,9.833333333333334,1.5,0.5999999999999996,-3.0,0.5080000000000098,4.0,1.0,3.6666666666666665,0,19,0,0.11228012541793053
3,RIC,Daniel Ricciardo,AlphaTauri,4.0,7.0,6.0,Finished,True,4.0,77.382,25.547368421052628,45.63947368421053,23.55263157894737,False,2023,19,Mexico City Grand Prix,Mexico City,Mexico,2023-10-29,14.666666666666666,14.6,9.0,4.03732584763727,0.8,0.06666666666666643,13.0,9.0,-10.6,3.2,0.21600000000000819,7.0,1.0,17.0,0,19,0,0.11228012541793053
81,PIA,Oscar Piastri,McLaren,7.0,8.0,4.0,Finished,True,7.0,77.623,25.547368421052628,45.63947368421053,23.55263157894737,False,2023,19,Mexico City Grand Prix,Mexico City,Mexico,2023-10-29,7.333333333333333,8.2,2.0,6.300793600809345,0.8,-0.8666666666666663,4.833333333333333,2.5,-1.1999999999999993,4.8,0.45700000000000784,,0.0,17.0,0,19,0,0.11228012541793053
23,ALB,Alexander Albon,Williams,14.0,9.0,2.0,Finished,True,14.0,79.147,25.547368421052628,45.63947368421053,23.55263157894737,False,2023,19,Mexico City Grand Prix,Mexico City,Mexico,2023-10-29,12.666666666666666,11.2,7.0,3.4928498393145957,0.9,1.4666666666666668,13.833333333333334,9.5,2.8000000000000007,-3.2,1.9810000000000088,12.0,1.0,12.333333333333334,0,19,0,0.11228012541793053
31,OCO,Esteban Ocon,Alpine,15.0,10.0,1.0,Finished,True,16.0,79.08,25.547368421052628,45.63947368421053,23.55263157894737,False,2023,19,Mexico City Grand Prix,Mexico City,Mexico,2023-10-29,11.333333333333334,14.2,7.0,5.718391382198319,0.5,-2.8666666666666654,10.333333333333334,5.0,0.8000000000000007,4.4,1.9140000000000015,8.0,1.0,12.333333333333334,0,19,0,0.11228012541793053
10,GAS,Pierre Gasly,Alpine,11.0,11.0,0.0,Finished,True,11.0,78.521,25.547368421052628,45.63947368421053,23.55263157894737,False,2023,19,Mexico City Grand Prix,Mexico City,Mexico,2023-10-29,9.333333333333334,9.8,6.0,3.8987177379235876,0.8,-0.4666666666666668,10.333333333333334,5.0,1.1999999999999993,-4.4,1.355000000000004,11.0,1.0,11.333333333333334,0,19,0,0.11228012541793053
22,TSU,Yuki Tsunoda,AlphaTauri,18.0,12.0,0.0,Finished,True,15.0,78.89,25.547368421052628,45.63947368421053,23.55263157894737,False,2023,19,Mexico City Grand Prix,Mexico City,Mexico,2023-10-29,11.666666666666666,14.8,8.0,4.969909455915671,0.8,-3.1333333333333346,13.0,9.0,3.1999999999999993,2.2,1.7240000000000038,20.0,1.0,11.666666666666666,0,19,0,0.11228012541793053
27,HUL,Nico Hulkenberg,Haas F1 Team,12.0,13.0,0.0,Finished,True,12.0,78.524,25.547368421052628,45.63947368421053,23.55263157894737,False,2023,19,Mexico City Grand Prix,Mexico City,Mexico,2023-10-29,13.666666666666666,14.2,11.0,2.3874672772626644,0.9,-0.5333333333333332,14.0,7.0,-2.1999999999999993,0.0,1.358000000000004,,0.0,11.0,0,19,0,0.11228012541793053
24,ZHO,Guanyu Zhou,Alfa Romeo,10.0,14.0,0.0,Finished,True,10.0,78.05,25.547368421052628,45.63947368421053,23.55263157894737,False,2023,19,Mexico City Grand Prix,Mexico City,Mexico,2023-10-29,11.666666666666666,12.2,9.0,1.9235384061671317,0.9,-0.5333333333333332,12.5,7.5,-2.1999999999999993,-1.2,0.8840000000000003,13.0,1.0,12.333333333333334,0,19,0,0.11228012541793053
77,BOT,Valtteri Bottas,Alfa Romeo,9.0,15.0,0.0,Finished,True,9.0,78.032,25.547368421052628,45.63947368421053,23.55263157894737,False,2023,19,Mexico City Grand Prix,Mexico City,Mexico,2023-10-29,13.333333333333334,13.4,8.0,4.979959839195491,0.8,-0.06666666666666643,12.5,7.5,-4.4,1.2,0.8659999999999997,10.0,1.0,13.333333333333334,0,19,0,0.11228012541793053
2,SAR,Logan Sargeant,Williams,19.0,16.0,0.0,Retired,False,20.0,,25.547368421052628,45.63947368421053,23.55263157894737,False,2023,19,Mexico City Grand Prix,Mexico City,Mexico,2023-10-29,15.0,14.4,10.0,3.20936130717624,0.6,0.5999999999999996,13.833333333333334,9.5,4.6,3.2,,,0.0,10.0,0,19,0,0.11228012541793053
18,STR,Lance Stroll,Aston Martin,20.0,17.0,0.0,Collision damage,False,18.0,79.227,25.547368421052628,45.63947368421053,23.55263157894737,False,2023,19,Mexico City Grand Prix,Mexico City,Mexico,2023-10-29,12.0,13.0,7.0,4.96655480858378,0.8,-1.0,11.0,3.5,7.0,3.25,2.061000000000007,15.0,1.0,11.666666666666666,0,19,0,0.11228012541793053
14,ALO,Fernando Alonso,Aston Martin,13.0,18.0,0.0,Withdrew,False,13.0,78.738,25.547368421052628,45.63947368421053,23.55263157894737,False,2023,19,Mexico City Grand Prix,Mexico City,Mexico,2023-10-29,10.0,10.8,6.0,4.438468204234429,0.9,-0.8000000000000007,11.0,3.5,2.1999999999999993,-3.25,1.5720000000000027,19.0,1.0,9.333333333333334,0,19,0,0.11228012541793053
20,MAG,Kevin Magnussen,Haas F1 Team,16.0,19.0,0.0,Accident,False,17.0,79.163,25.547368421052628,45.63947368421053,23.55263157894737,False,2023,19,Mexico City Grand Prix,Mexico City,Mexico,2023-10-29,14.333333333333334,14.2,10.0,2.86356421265527,0.9,0.13333333333333464,14.0,7.0,1.8000000000000007,0.0,1.9969999999999999,17.0,1.0,14.0,0,19,0,0.11228012541793053
11,PER,Sergio Perez,Red Bull Racing,5.0,20.0,0.0,Collision damage,False,5.0,77.423,25.547368421052628,45.63947368421053,23.55263157894737,False,2023,19,Mexico City Grand Prix,Mexico City,Mexico,2023-10-29,11.0,8.6,2.0,6.618156843109719,0.9,2.4000000000000004,6.0,1.5,-3.5999999999999996,6.8,0.257000000000005,3.0,1.0,5.0,0,19,0,0.11228012541793053
1,VER,Max Verstappen,Red Bull Racing,1.0,1.0,25.0,Finished,True,1.0,70.727,20.460109289617485,46.77595628415301,58.17486338797814,True,2023,20,São Paulo Grand Prix,São Paulo,Brazil,2023-11-05,1.0,1.8,1.0,1.7888543819998335,1.0,-0.8,6.166666666666667,1.5,-0.8,-10.4,0.39700000000000557,6.0,1.0,1.0,1,20,0,0.11378265597259382
4,NOR,Lando Norris,McLaren,6.0,2.0,19.0,Finished,True,7.0,71.987,20.460109289617485,46.77595628415301,58.17486338797814,True,2023,20,São Paulo Grand Prix,São Paulo,Brazil,2023-11-05,3.3333333333333335,2.8,2.0,1.3038404810405333,1.0,0.5333333333333337,6.166666666666667,2.5,3.2,-4.6,1.6569999999999965,18.0,1.0,5.5,1,20,0,0.11378265597259382
14,ALO,Fernando Alonso,Aston Martin,4.0,3.0,15.0,Finished,True,4.0,71.387,20.460109289617485,46.77595628415301,58.17486338797814,True,2023,20,São Paulo Grand Prix,São Paulo,Brazil,2023-11-05,13.333333333333334,12.6,6.0,5.272570530585626,0.8,0.7333333333333343,12.5,3.5,-8.6,-1.25,1.0570000000000022,5.0,1.0,15.0,1,20,0,0.11378265597259382
11,PER,Sergio Perez,Red Bull Racing,9.0,4.0,12.0,Finished,True,9.0,72.321,20.460109289617485,46.77595628415301,58.17486338797814,True,2023,20,São Paulo Grand Prix,São Paulo,Brazil,2023-11-05,11.333333333333334,12.2,4.0,7.014271166700072,0.8,-0.8666666666666654,6.166666666666667,1.5,-3.1999999999999993,10.4,1.9909999999999997,7.0,1.0,7.75,1,20,0,0.11378265597259382
18,STR,Lance Stroll,Aston Martin,3.0,5.0,10.0,Finished,True,3.0,71.344,20.460109289617485,46.77595628415301,58.17486338797814,True,2023,20,São Paulo Grand Prix,São Paulo,Brazil,2023-11-05,11.666666666666666,13.25,7.0,5.188127472091127,0.7,-1.583333333333334,12.5,3.5,-10.25,1.25,1.0139999999999958,10.0,1.0,14.25,1,20,0,0.11378265597259382
55,SAI,Carlos Sainz,Ferrari,7.0,6.0,8.0,Finished,True,8.0,71.989,20.460109289617485,46.77595628415301,58.17486338797814,True,2023,20,São Paulo Grand Prix,São Paulo,Brazil,2023-11-05,9.0,6.8,1.0,7.596051605933177,0.8,2.2,9.166666666666666,1.5,0.20000000000000018,-0.4,1.659000000000006,3.0,1.0,8.0,1,20,0,0.11378265597259382
10,GAS,Pierre Gasly,Alpine,15.0,7.0,6.0,Finished,True,13.0,70.567,20.460109289617485,46.77595628415301,58.17486338797814,True,2023,20,São Paulo Grand Prix,São Paulo,Brazil,2023-11-05,9.666666666666666,9.0,6.0,2.828427124746193,0.8,0.6666666666666661,10.666666666666666,5.0,6.0,-3.4,0.23699999999999477,14.0,1.0,10.5,1,20,0,0.11378265597259382
44,HAM,Lewis Hamilton,Mercedes,5.0,8.0,4.0,Finished,True,5.0,71.469,20.460109289617485,46.77595628415301,58.17486338797814,True,2023,20,São Paulo Grand Prix,São Paulo,Brazil,2023-11-05,13.333333333333334,9.6,2.0,8.64869932417586,0.8,3.7333333333333343,9.166666666666666,1.5,-4.6,2.0,1.1389999999999958,2.0,1.0,6.25,1,20,0,0.11378265597259382
22,TSU,Yuki Tsunoda,AlphaTauri,16.0,9.0,2.0,Finished,True,16.0,70.837,20.460109289617485,46.77595628415301,58.17486338797814,True,2023,20,São Paulo Grand Prix,São Paulo,Brazil,2023-11-05,11.666666666666666,13.2,8.0,4.08656334834051,0.8,-1.5333333333333332,12.333333333333334,9.0,2.8000000000000007,1.4,0.507000000000005,17.0,1.0,12.5,1,20,0,0.11378265597259382
31,OCO,Esteban Ocon,Alpine,14.0,10.0,1.0,Lapped,True,12.0,70.562,20.460109289617485,46.77595628415301,58.17486338797814,True,2023,20,São Paulo Grand Prix,São Paulo,Brazil,2023-11-05,11.666666666666666,12.4,7.0,5.224940191045253,0.5,-0.7333333333333343,10.666666666666666,5.0,1.5999999999999996,3.4,0.23199999999999932,8.0,1.0,11.75,1,20,0,0.11378265597259382
2,SAR,Logan Sargeant,Williams,19.0,11.0,0.0,Lapped,True,19.0,71.035,20.460109289617485,46.77595628415301,58.17486338797814,True,2023,20,São Paulo Grand Prix,São Paulo,Brazil,2023-11-05,14.666666666666666,15.0,10.0,3.1622776601683773,0.5,-0.3333333333333339,12.5,9.5,4.0,3.4,0.7049999999999983,,0.0,13.0,1,20,0,0.11378265597259382
27,HUL,Nico Hulkenberg,Haas F1 Team,11.0,12.0,0.0,Lapped,True,11.0,70.547,20.460109289617485,46.77595628415301,58.17486338797814,True,2023,20,São Paulo Grand Prix,São Paulo,Brazil,2023-11-05,13.333333333333334,13.4,11.0,1.8165902124584947,1.0,-0.06666666666666643,14.5,7.0,-2.4000000000000004,-1.0,0.21699999999999875,,0.0,12.0,1,20,0,0.11378265597259382
3,RIC,Daniel Ricciardo,AlphaTauri,17.0,13.0,0.0,Lapped,True,17.0,70.843,20.460109289617485,46.77595628415301,58.17486338797814,True,2023,20,São Paulo Grand Prix,São Paulo,Brazil,2023-11-05,12.666666666666666,12.0,7.0,3.872983346207417,0.9,0.6666666666666661,12.333333333333334,9.0,5.0,1.8,0.5130000000000052,20.0,1.0,11.25,1,20,0,0.11378265597259382
81,PIA,Oscar Piastri,McLaren,10.0,14.0,0.0,Lapped,True,10.0,70.33,20.460109289617485,46.77595628415301,58.17486338797814,True,2023,20,São Paulo Grand Prix,São Paulo,Brazil,2023-11-05,9.0,7.4,2.0,5.941380311005179,0.8,1.5999999999999996,6.166666666666667,2.5,2.5999999999999996,4.6,0.0,,0.0,12.5,1,20,0,0.11378265597259382
63,RUS,George Russell,Mercedes,8.0,15.0,0.0,Retired,False,6.0,71.59,20.460109289617485,46.77595628415301,58.17486338797814,True,2023,20,São Paulo Grand Prix,São Paulo,Brazil,2023-11-05,5.0,7.6,4.0,4.8270073544588685,0.9,-2.5999999999999996,9.166666666666666,1.5,0.40000000000000036,-2.0,1.2600000000000051,1.0,1.0,5.0,1,20,0,0.11378265597259382
77,BOT,Valtteri Bottas,Alfa Romeo,18.0,16.0,0.0,Retired,False,18.0,70.955,20.460109289617485,46.77595628415301,58.17486338797814,True,2023,20,São Paulo Grand Prix,São Paulo,Brazil,2023-11-05,11.666666666666666,14.4,8.0,4.615192303685729,0.8,-2.7333333333333343,11.833333333333334,7.5,3.5999999999999996,2.2,0.625,9.0,1.0,14.0,1,20,0,0.11378265597259382
24,ZHO,Guanyu Zhou,Alfa Romeo,20.0,17.0,0.0,Retired,False,20.0,71.275,20.460109289617485,46.77595628415301,58.17486338797814,True,2023,20,São Paulo Grand Prix,São Paulo,Brazil,2023-11-05,12.0,12.2,9.0,1.9235384061671317,0.9,-0.1999999999999993,11.833333333333334,7.5,7.800000000000001,-2.2,0.9450000000000074,12.0,1.0,13.0,1,20,0,0.11378265597259382
20,MAG,Kevin Magnussen,Haas F1 Team,12.0,18.0,0.0,Retired,False,14.0,70.723,20.460109289617485,46.77595628415301,58.17486338797814,True,2023,20,São Paulo Grand Prix,São Paulo,Brazil,2023-11-05,15.666666666666666,14.4,10.0,3.2093613071762417,0.8,1.2666666666666657,14.5,7.0,-2.4000000000000004,1.0,0.3930000000000007,19.0,1.0,14.75,1,20,0,0.11378265597259382
23,ALB,Alexander Albon,Williams,13.0,19.0,0.0,Retired,False,15.0,70.84,20.460109289617485,46.77595628415301,58.17486338797814,True,2023,20,São Paulo Grand Prix,São Paulo,Brazil,2023-11-05,10.333333333333334,11.6,9.0,2.966479394838265,0.9,-1.2666666666666657,12.5,9.5,1.4000000000000004,-3.4,0.5100000000000051,15.0,1.0,10.75,1,20,0,0.11378265597259382
16,LEC,Charles Leclerc,Ferrari,2.0,20.0,0.0,Did not start,False,2.0,71.021,20.460109289617485,46.77595628415301,58.17486338797814,True,2023,20,São Paulo Grand Prix,São Paulo,Brazil,2023-11-05,9.333333333333334,7.2,3.0,7.190271204899019,0.8,2.1333333333333337,9.166666666666666,1.5,-5.2,0.4,0.6910000000000025,4.0,1.0,8.0,1,20,0,0.11378265597259382
1,VER,Max Verstappen,Red Bull Racing,2.0,1.0,25.0,Finished,True,3.0,93.104,18.05,17.99444444444444,47.361111111111114,False,2023,21,Las Vegas Grand Prix,Las Vegas,United States,2023-11-18,1.0,1.0,1.0,0.0,1.0,0.0,5.166666666666667,1.5,1.0,-10.4,0.3780000000000001,,0.0,1.3333333333333333,0,21,0,0.11662661838882085
16,LEC,Charles Leclerc,Ferrari,1.0,2.0,18.0,Finished,True,1.0,92.726,18.05,17.99444444444444,47.361111111111114,False,2023,21,Las Vegas Grand Prix,Las Vegas,United States,2023-11-18,14.333333333333334,10.4,3.0,8.792041856133306,0.7,3.9333333333333336,9.333333333333334,1.5,-9.4,2.6,0.0,,0.0,6.666666666666667,0,21,0,0.11662661838882085
11,PER,Sergio Perez,Red Bull Racing,11.0,3.0,15.0,Finished,True,12.0,93.855,18.05,17.99444444444444,47.361111111111114,False,2023,21,Las Vegas Grand Prix,Las Vegas,United States,2023-11-18,9.333333333333334,11.4,4.0,7.797435475847172,0.8,-2.0666666666666664,5.166666666666667,1.5,-0.40000000000000036,10.4,1.1290000000000049,,0.0,2.3333333333333335,0,21,0,0.11662661838882085
31,OCO,Esteban Ocon,Alpine,16.0,4.0,12.0,Finished,True,17.0,94.834,18.05,17.99444444444444,47.361111111111114,False,2023,21,Las Vegas Grand Prix,Las Vegas,United States,2023-11-18,12.666666666666666,10.8,7.0,4.207136793592526,0.6,1.8666666666666654,10.333333333333334,5.0,5.199999999999999,1.6,2.108000000000004,,0.0,9.333333333333334,0,21,0,0.11662661838882085
18,STR,Lance Stroll,Aston Martin,19.0,5.0,10.0,Finished,True,14.0,94.199,18.05,17.99444444444444,47.361111111111114,False,2023,21,Las Vegas Grand Prix,Las Vegas,United States,2023-11-18,9.666666666666666,11.6,5.0,5.813776741499453,0.7,-1.9333333333333336,11.0,3.5,7.4,1.4,1.472999999999999,,0.0,13.0,0,21,0,0.11662661838882085
55,SAI,Carlos Sainz,Ferrari,12.0,6.0,8.0,Finished,True,2.0,92.77,18.05,17.99444444444444,47.361111111111114,False,2023,21,Las Vegas Grand Prix,Las Vegas,United States,2023-11-18,4.333333333333333,7.8,3.0,6.942621983083912,0.8,-3.466666666666667,9.333333333333334,1.5,4.2,-2.6,0.04399999999999693,,0.0,7.0,0,21,0,0.11662661838882085
44,HAM,Lewis Hamilton,Mercedes,10.0,7.0,6.0,Finished,True,11.0,93.837,18.05,17.99444444444444,47.361111111111114,False,2023,21,Las Vegas Grand Prix,Las Vegas,United States,2023-11-18,9.666666666666666,10.6,2.0,7.956129712366433,0.8,-0.9333333333333336,9.166666666666666,1.5,-0.5999999999999996,3.2,1.1110000000000042,,0.0,6.166666666666667,0,21,0,0.11662661838882085
63,RUS,George Russell,Mercedes,3.0,8.0,4.0,Finished,True,4.0,93.112,18.05,17.99444444444444,47.361111111111114,False,2023,21,Las Vegas Grand Prix,Las Vegas,United States,2023-11-18,8.666666666666666,7.4,4.0,4.39317652729776,0.8,1.2666666666666657,9.166666666666666,1.5,-4.4,-3.2,0.3859999999999957,,0.0,4.833333333333333,0,21,0,0.11662661838882085
14,ALO,Fernando Alonso,Aston Martin,9.0,9.0,2.0,Finished,True,10.0,93.555,18.05,17.99444444444444,47.361111111111114,False,2023,21,Las Vegas Grand Prix,Las Vegas,United States,2023-11-18,12.333333333333334,10.2,3.0,6.496152707564685,0.8,2.1333333333333346,11.0,3.5,-1.1999999999999993,-1.4,0.8290000000000077,,0.0,7.333333333333333,0,21,0,0.11662661838882085
81,PIA,Oscar Piastri,McLaren,18.0,10.0,2.0,Finished,True,19.0,94.85,18.05,17.99444444444444,47.361111111111114,False,2023,21,Las Vegas Grand Prix,Las Vegas,United States,2023-11-18,13.0,8.8,2.0,6.6105975524153635,0.8,4.199999999999999,8.0,2.5,9.2,6.0,2.1239999999999952,,0.0,15.0,0,21,0,0.11662661838882085
10,GAS,Pierre Gasly,Alpine,4.0,11.0,0.0,Finished,True,5.0,93.239,18.05,17.99444444444444,47.361111111111114,False,2023,21,Las Vegas Grand Prix,Las Vegas,United States,2023-11-18,8.0,9.2,6.0,2.58843582110896,0.9,-1.1999999999999993,10.333333333333334,5.0,-5.199999999999999,-1.6,0.5130000000000052,,0.0,10.333333333333334,0,21,0,0.11662661838882085
23,ALB,Alexander Albon,Williams,5.0,12.0,0.0,Finished,True,6.0,93.323,18.05,17.99444444444444,47.361111111111114,False,2023,21,Las Vegas Grand Prix,Las Vegas,United States,2023-11-18,12.333333333333334,13.2,9.0,4.381780460041329,0.8,-0.8666666666666654,12.333333333333334,9.5,-8.2,-1.2,0.5969999999999942,,0.0,13.333333333333334,0,21,0,0.11662661838882085
20,MAG,Kevin Magnussen,Haas F1 Team,8.0,13.0,0.0,Finished,True,9.0,93.537,18.05,17.99444444444444,47.361111111111114,False,2023,21,Las Vegas Grand Prix,Las Vegas,United States,2023-11-18,17.0,16.0,14.0,2.3452078799117135,0.8,1.0,14.5,7.0,-8.0,2.8,0.811000000000007,,0.0,12.5,0,21,0,0.11662661838882085
3,RIC,Daniel Ricciardo,AlphaTauri,14.0,14.0,0.0,Finished,True,15.0,94.308,18.05,17.99444444444444,47.361111111111114,False,2023,21,Las Vegas Grand Prix,Las Vegas,United States,2023-11-18,11.666666666666666,12.8,7.0,3.492849839314596,0.9,-1.1333333333333346,10.666666666666666,9.0,1.1999999999999993,2.0,1.5820000000000078,,0.0,12.666666666666666,0,21,0,0.11662661838882085
24,ZHO,Guanyu Zhou,Alfa Romeo,17.0,15.0,0.0,Finished,True,18.0,94.849,18.05,17.99444444444444,47.361111111111114,False,2023,21,Las Vegas Grand Prix,Las Vegas,United States,2023-11-18,14.666666666666666,13.2,9.0,2.863564212655269,0.8,1.4666666666666668,14.5,7.5,3.8000000000000007,-1.0,2.1230000000000047,,0.0,16.166666666666668,0,21,0,0.11662661838882085
2,SAR,Logan Sargeant,Williams,6.0,16.0,0.0,Finished,True,7.0,93.513,18.05,17.99444444444444,47.361111111111114,False,2023,21,Las Vegas Grand Prix,Las Vegas,United States,2023-11-18,12.333333333333334,14.4,10.0,3.646916505762092,0.5,-2.0666666666666664,12.333333333333334,9.5,-8.4,1.2,0.7870000000000061,,0.0,17.333333333333332,0,21,0,0.11662661838882085
77,BOT,Valtteri Bottas,Alfa Romeo,7.0,17.0,0.0,Finished,True,8.0,93.525,18.05,17.99444444444444,47.361111111111114,False,2023,21,Las Vegas Grand Prix,Las Vegas,United States,2023-11-18,14.333333333333334,14.2,8.0,4.4944410108488455,0.7,0.13333333333333464,14.5,7.5,-7.199999999999999,1.0,0.7990000000000066,,0.0,13.666666666666666,0,21,0,0.11662661838882085
22,TSU,Yuki Tsunoda,AlphaTauri,20.0,18.0,0.0,Retired,False,20.0,96.447,18.05,17.99444444444444,47.361111111111114,False,2023,21,Las Vegas Grand Prix,Las Vegas,United States,2023-11-18,9.666666666666666,11.2,8.0,2.7748873851023212,0.8,-1.5333333333333332,10.666666666666666,9.0,8.8,-1.4,3.7210000000000036,,0.0,12.666666666666666,0,21,0,0.11662661838882085
27,HUL,Nico Hulkenberg,Haas F1 Team,13.0,19.0,0.0,Retired,False,13.0,93.979,18.05,17.99444444444444,47.361111111111114,False,2023,21,Las Vegas Grand Prix,Las Vegas,United States,2023-11-18,12.0,13.2,11.0,1.9235384061671341,1.0,-1.1999999999999993,14.5,7.0,-0.1999999999999993,-2.8,1.2530000000000001,,0.0,14.0,0,21,0,0.11662661838882085
4,NOR,Lando Norris,McLaren,15.0,20.0,0.0,Retired,False,16.0,94.703,18.05,17.99444444444444,47.361111111111114,False,2023,21,Las Vegas Grand Prix,Las Vegas,United States,2023-11-18,3.0,2.8,2.0,1.3038404810405333,1.0,0.20000000000000018,8.0,2.5,12.2,-6.0,1.9770000000000039,,0.0,13.0,0,21,0,0.11662661838882085
1,VER,Max Verstappen,Red Bull Racing,1.0,1.0,26.0,Finished,True,1.0,83.445,26.962820512820517,33.46089743589744,51.0,False,2023,22,Abu Dhabi Grand Prix,Yas Island,Abu Dhabi,2023-11-26,1.0,1.0,1.0,0.0,1.0,0.0,5.0,1.5,0.0,-7.2,0.0,1.0,1.0,7.0,0,22,0,0.11841196853048136
16,LEC,Charles Leclerc,Ferrari,2.0,2.0,18.0,Finished,True,2.0,83.584,26.962820512820517,33.46089743589744,51.0,False,2023,22,Abu Dhabi Grand Prix,Yas Island,Abu Dhabi,2023-11-26,8.333333333333334,10.0,2.0,9.192388155425117,0.7,-1.666666666666666,6.833333333333333,1.5,-8.0,2.2,0.13900000000001,2.0,1.0,8.333333333333334,0,22,0,0.11841196853048136
63,RUS,George Russell,Mercedes,4.0,3.0,15.0,Finished,True,4.0,83.788,26.962820512820517,33.46089743589744,51.0,False,2023,22,Abu Dhabi Grand Prix,Yas Island,Abu Dhabi,2023-11-26,9.666666666666666,7.6,4.0,4.39317652729776,0.8,2.0666666666666664,7.666666666666667,1.5,-3.5999999999999996,-3.4,0.3430000000000035,5.0,1.0,5.0,0,22,0,0.11841196853048136
11,PER,Sergio Perez,Red Bull Racing,9.0,4.0,12.0,Finished,True,9.0,84.171,26.962820512820517,33.46089743589744,51.0,False,2023,22,Abu Dhabi Grand Prix,Yas Island,Abu Dhabi,2023-11-26,9.0,8.2,3.0,7.155417527999327,0.8,0.8000000000000007,5.0,1.5,0.8000000000000007,7.2,0.7260000000000133,3.0,1.0,10.0,0,22,0,0.11841196853048136
4,NOR,Lando Norris,McLaren,5.0,5.0,10.0,Finished,True,5.0,83.816,26.962820512820517,33.46089743589744,51.0,False,2023,22,Abu Dhabi Grand Prix,Yas Island,Abu Dhabi,2023-11-26,9.0,6.4,2.0,7.700649323271383,0.9,2.5999999999999996,9.833333333333334,2.5,-1.4000000000000004,-3.8,0.3710000000000093,6.0,1.0,11.666666666666666,0,22,0,0.11841196853048136
81,PIA,Oscar Piastri,McLaren,3.0,6.0,8.0,Finished,True,3.0,83.782,26.962820512820517,33.46089743589744,51.0,False,2023,22,Abu Dhabi Grand Prix,Yas Island,Abu Dhabi,2023-11-26,10.666666666666666,10.2,2.0,5.761944116355173,0.8,0.4666666666666668,9.833333333333334,2.5,-7.199999999999999,3.8,0.3370000000000033,,0.0,11.0,0,22,0,0.11841196853048136
14,ALO,Fernando Alonso,Aston Martin,7.0,7.0,6.0,Finished,True,7.0,84.084,26.962820512820517,33.46089743589744,51.0,False,2023,22,Abu Dhabi Grand Prix,Yas Island,Abu Dhabi,2023-11-26,10.0,10.4,3.0,6.42650760522385,0.8,-0.40000000000000036,9.5,3.5,-3.4000000000000004,1.4,0.63900000000001,20.0,1.0,6.0,0,22,0,0.11841196853048136
22,TSU,Yuki Tsunoda,AlphaTauri,6.0,8.0,4.0,Finished,True,6.0,83.968,26.962820512820517,33.46089743589744,51.0,False,2023,22,Abu Dhabi Grand Prix,Yas Island,Abu Dhabi,2023-11-26,13.0,12.4,8.0,4.159326868617084,0.7,0.5999999999999996,12.166666666666666,9.0,-6.4,-0.8,0.5230000000000103,11.0,1.0,11.333333333333334,0,22,0,0.11841196853048136
44,HAM,Lewis Hamilton,Mercedes,11.0,9.0,2.0,Finished,True,11.0,84.359,26.962820512820517,33.46089743589744,51.0,False,2023,22,Abu Dhabi Grand Prix,Yas Island,Abu Dhabi,2023-11-26,5.666666666666667,11.0,2.0,7.648529270389177,0.8,-5.333333333333333,7.666666666666667,1.5,0.0,3.4,0.9140000000000015,18.0,1.0,9.0,0,22,0,0.11841196853048136
18,STR,Lance Stroll,Aston Martin,13.0,10.0,1.0,Finished,True,13.0,84.422,26.962820512820517,33.46089743589744,51.0,False,2023,22,Abu Dhabi Grand Prix,Yas Island,Abu Dhabi,2023-11-26,9.0,9.0,5.0,5.0990195135927845,0.7,0.0,9.5,3.5,4.0,-1.4,0.9770000000000039,8.0,1.0,9.666666666666666,0,22,0,0.11841196853048136
3,RIC,Daniel Ricciardo,AlphaTauri,15.0,11.0,0.0,Finished,True,15.0,84.442,26.962820512820517,33.46089743589744,51.0,False,2023,22,Abu Dhabi Grand Prix,Yas Island,Abu Dhabi,2023-11-26,11.333333333333334,13.0,7.0,3.5355339059327378,0.9,-1.666666666666666,12.166666666666666,9.0,2.0,1.6,0.9969999999999999,9.0,1.0,14.0,0,22,0,0.11841196853048136
31,OCO,Esteban Ocon,Alpine,12.0,12.0,0.0,Finished,True,12.0,84.391,26.962820512820517,33.46089743589744,51.0,False,2023,22,Abu Dhabi Grand Prix,Yas Island,Abu Dhabi,2023-11-26,8.0,9.8,4.0,5.215361924162119,0.7,-1.8000000000000007,8.833333333333334,5.0,2.1999999999999993,0.4,0.9460000000000122,7.0,1.0,10.666666666666666,0,22,0,0.11841196853048136
10,GAS,Pierre Gasly,Alpine,10.0,13.0,0.0,Finished,True,10.0,84.548,26.962820512820517,33.46089743589744,51.0,False,2023,22,Abu Dhabi Grand Prix,Yas Island,Abu Dhabi,2023-11-26,9.666666666666666,9.4,6.0,2.701851217221262,1.0,0.2666666666666657,8.833333333333334,5.0,0.5999999999999996,-0.4,1.1030000000000086,14.0,1.0,13.666666666666666,0,22,0,0.11841196853048136
23,ALB,Alexander Albon,Williams,14.0,14.0,0.0,Finished,True,14.0,84.439,26.962820512820517,33.46089743589744,51.0,False,2023,22,Abu Dhabi Grand Prix,Yas Island,Abu Dhabi,2023-11-26,13.333333333333334,12.4,9.0,4.09878030638384,0.8,0.9333333333333336,13.833333333333334,9.5,1.5999999999999996,-1.8,0.9939999999999998,13.0,1.0,12.0,0,22,0,0.11841196853048136
27,HUL,Nico Hulkenberg,Haas F1 Team,8.0,15.0,0.0,Finished,True,8.0,84.108,26.962820512820517,33.46089743589744,51.0,False,2023,22,Abu Dhabi Grand Prix,Yas Island,Abu Dhabi,2023-11-26,14.666666666666666,14.2,11.0,3.271085446759225,0.9,0.4666666666666668,15.666666666666666,7.0,-6.199999999999999,-1.4,0.6630000000000109,,0.0,16.0,0,22,0,0.11841196853048136
2,SAR,Logan Sargeant,Williams,20.0,16.0,0.0,Finished,True,20.0,,26.962820512820517,33.46089743589744,51.0,False,2023,22,Abu Dhabi Grand Prix,Yas Island,Abu Dhabi,2023-11-26,14.333333333333334,14.2,10.0,3.492849839314594,0.6,0.13333333333333464,13.833333333333334,9.5,5.800000000000001,1.8,,,0.0,15.0,0,22,0,0.11841196853048136
24,ZHO,Guanyu Zhou,Alfa Romeo,19.0,17.0,0.0,Finished,True,19.0,85.159,26.962820512820517,33.46089743589744,51.0,False,2023,22,Abu Dhabi Grand Prix,Yas Island,Abu Dhabi,2023-11-26,15.333333333333334,13.6,9.0,2.966479394838264,0.8,1.7333333333333343,15.666666666666666,7.5,5.4,0.0,1.7140000000000128,12.0,1.0,11.666666666666666,0,22,0,0.11841196853048136
55,SAI,Carlos Sainz,Ferrari,16.0,18.0,0.0,Retired,False,16.0,84.738,26.962820512820517,33.46089743589744,51.0,False,2023,22,Abu Dhabi Grand Prix,Yas Island,Abu Dhabi,2023-11-26,5.333333333333333,7.8,3.0,6.942621983083912,0.8,-2.466666666666667,6.833333333333333,1.5,8.2,-2.2,1.2930000000000064,4.0,1.0,8.666666666666666,0,22,0,0.11841196853048136
77,BOT,Valtteri Bottas,Alfa Romeo,18.0,19.0,0.0,Lapped,True,18.0,84.788,26.962820512820517,33.46089743589744,51.0,False,2023,22,Abu Dhabi Grand Prix,Yas Island,Abu Dhabi,2023-11-26,16.0,13.6,8.0,3.646916505762092,0.7,2.4000000000000004,15.666666666666666,7.5,4.4,0.0,1.3430000000000035,15.0,1.0,7.333333333333333,0,22,0,0.11841196853048136
20,MAG,Kevin Magnussen,Haas F1 Team,17.0,20.0,0.0,Lapped,True,17.0,84.764,26.962820512820517,33.46089743589744,51.0,False,2023,22,Abu Dhabi Grand Prix,Yas Island,Abu Dhabi,2023-11-26,16.666666666666668,15.6,13.0,2.7018512172212583,0.8,1.0666666666666682,15.666666666666666,7.0,1.4000000000000004,1.4,1.3190000000000026,17.0,1.0,10.666666666666666,0,22,0,0.11841196853048136
1,VER,Max Verstappen,Red Bull Racing,1.0,1.0,26.0,Finished,True,1.0,89.179,18.22738853503185,23.652866242038225,48.82165605095541,False,2024,1,Bahrain Grand Prix,Sakhir,Bahrain,2024-03-02,1.0,1.0,1.0,0.0,1.0,0.0,2.3333333333333335,1.5,0.0,-6.0,0.0,10.0,2.0,1.0,0,1,0,0.14236241719169448
11,PER,Sergio Perez,Red Bull Racing,5.0,2.0,18.0,Finished,True,5.0,89.537,18.22738853503185,23.652866242038225,48.82165605095541,False,2024,1,Bahrain Grand Prix,Sakhir,Bahrain,2024-03-02,3.6666666666666665,7.0,3.0,7.280109889280518,0.8,-3.3333333333333335,2.3333333333333335,1.5,-2.0,6.0,0.3580000000000041,10.0,2.0,5.666666666666667,0,1,0,0.14236241719169448
55,SAI,Carlos Sainz,Ferrari,4.0,3.0,15.0,Finished,True,4.0,89.507,18.22738853503185,23.652866242038225,48.82165605095541,False,2024,1,Bahrain Grand Prix,Sakhir,Bahrain,2024-03-02,10.0,7.4,3.0,6.06630035524124,0.8,2.5999999999999996,9.0,1.5,-3.4000000000000004,-2.0,0.32800000000000296,3.0,2.0,14.0,0,1,0,0.14236241719169448
16,LEC,Charles Leclerc,Ferrari,2.0,4.0,12.0,Finished,True,2.0,89.407,18.22738853503185,23.652866242038225,48.82165605095541,False,2024,1,Bahrain Grand Prix,Sakhir,Bahrain,2024-03-02,8.0,9.4,2.0,9.6850400102426,0.7,-1.4000000000000004,9.0,1.5,-7.4,2.0,0.22799999999999443,10.0,2.0,3.0,0,1,0,0.14236241719169448
63,RUS,George Russell,Mercedes,3.0,5.0,10.0,Finished,True,3.0,89.485,18.22738853503185,23.652866242038225,48.82165605095541,False,2024,1,Bahrain Grand Prix,Sakhir,Bahrain,2024-03-02,8.666666666666666,7.4,3.0,4.615192303685731,0.8,1.2666666666666657,8.333333333333334,1.5,-4.4,-1.6,0.3059999999999974,5.5,2.0,4.0,0,1,0,0.14236241719169448
4,NOR,Lando Norris,McLaren,7.0,6.0,8.0,Finished,True,7.0,89.614,18.22738853503185,23.652866242038225,48.82165605095541,False,2024,1,Bahrain Grand Prix,Sakhir,Bahrain,2024-03-02,9.0,6.8,2.0,7.529940238806681,0.9,2.2,9.5,2.5,0.20000000000000018,-4.2,0.4350000000000023,16.0,2.0,4.666666666666667,0,1,0,0.14236241719169448
44,HAM,Lewis Hamilton,Mercedes,9.0,7.0,6.0,Finished,True,9.0,89.71,18.22738853503185,23.652866242038225,48.82165605095541,False,2024,1,Bahrain Grand Prix,Sakhir,Bahrain,2024-03-02,8.0,9.0,2.0,6.204836822995427,0.8,-1.0,8.333333333333334,1.5,0.0,1.6,0.5309999999999917,4.0,2.0,15.333333333333334,0,1,0,0.14236241719169448
81,PIA,Oscar Piastri,McLaren,8.0,8.0,4.0,Finished,True,8.0,89.683,18.22738853503185,23.652866242038225,48.82165605095541,False,2024,1,Bahrain Grand Prix,Sakhir,Bahrain,2024-03-02,10.0,11.0,6.0,4.4721359549995805,0.9,-1.0,9.5,2.5,-3.0,4.2,0.5040000000000049,20.0,1.0,4.0,0,1,0,0.14236241719169448
14,ALO,Fernando Alonso,Aston Martin,6.0,9.0,2.0,Finished,True,6.0,89.542,18.22738853503185,23.652866242038225,48.82165605095541,False,2024,1,Bahrain Grand Prix,Sakhir,Bahrain,2024-03-02,6.333333333333333,10.6,3.0,6.26897120746299,0.8,-4.266666666666667,6.5,3.5,-4.6,1.8,0.36299999999999955,6.0,2.0,11.0,0,1,0,0.14236241719169448
18,STR,Lance Stroll,Aston Martin,12.0,10.0,1.0,Finished,True,12.0,90.2,18.22738853503185,23.652866242038225,48.82165605095541,False,2024,1,Bahrain Grand Prix,Sakhir,Bahrain,2024-03-02,6.666666666666667,8.8,5.0,5.0199601592044525,0.7,-2.1333333333333337,6.5,3.5,3.1999999999999993,-1.8,1.0210000000000008,9.0,2.0,9.666666666666666,0,1,0,0.14236241719169448
24,ZHO,Guanyu Zhou,Kick Sauber,17.0,11.0,0.0,Lapped,True,17.0,90.757,18.22738853503185,23.652866242038225,48.82165605095541,False,2024,1,Bahrain Grand Prix,Sakhir,Bahrain,2024-03-02,16.333333333333332,15.2,13.0,1.7888543819998297,0.8,1.1333333333333329,,,1.8000000000000007,-0.6,1.578000000000003,13.0,2.0,12.666666666666666,0,1,0,0.14236241719169448
20,MAG,Kevin Magnussen,Haas F1 Team,15.0,12.0,0.0,Lapped,True,15.0,90.529,18.22738853503185,23.652866242038225,48.82165605095541,False,2024,1,Bahrain Grand Prix,Sakhir,Bahrain,2024-03-02,17.0,16.8,13.0,3.1144823004794864,0.8,0.1999999999999993,16.166666666666668,7.0,-1.8000000000000007,2.8,1.3499999999999943,9.0,2.0,17.0,0,1,0,0.14236241719169448
3,RIC,Daniel Ricciardo,RB,14.0,13.0,0.0,Lapped,True,14.0,90.278,18.22738853503185,23.652866242038225,48.82165605095541,False,2024,1,Bahrain Grand Prix,Sakhir,Bahrain,2024-03-02,12.666666666666666,12.0,7.0,3.1622776601683795,0.9,0.6666666666666661,,,2.0,1.0,1.0990000000000038,14.0,1.0,10.0,0,1,0,0.14236241719169448
22,TSU,Yuki Tsunoda,RB,11.0,14.0,0.0,Lapped,True,11.0,90.129,18.22738853503185,23.652866242038225,48.82165605095541,False,2024,1,Bahrain Grand Prix,Sakhir,Bahrain,2024-03-02,11.666666666666666,11.0,8.0,4.242640687119285,0.7,0.6666666666666661,,,0.0,-1.0,0.9500000000000028,9.5,2.0,11.333333333333334,0,1,0,0.14236241719169448
23,ALB,Alexander Albon,Williams,13.0,15.0,0.0,Lapped,True,13.0,90.221,18.22738853503185,23.652866242038225,48.82165605095541,False,2024,1,Bahrain Grand Prix,Sakhir,Bahrain,2024-03-02,15.0,12.6,9.0,4.159326868617084,0.8,2.4000000000000004,14.666666666666666,9.5,0.40000000000000036,-1.2,1.0420000000000016,11.5,2.0,13.333333333333334,0,1,0,0.14236241719169448
27,HUL,Nico Hulkenberg,Haas F1 Team,10.0,16.0,0.0,Lapped,True,10.0,90.502,18.22738853503185,23.652866242038225,48.82165605095541,False,2024,1,Bahrain Grand Prix,Sakhir,Bahrain,2024-03-02,15.333333333333334,14.0,11.0,3.162277660168379,0.9,1.333333333333334,16.166666666666668,7.0,-4.0,-2.8,1.3229999999999933,16.0,2.0,15.5,0,1,0,0.14236241719169448
31,OCO,Esteban Ocon,Alpine,19.0,17.0,0.0,Lapped,True,19.0,90.793,18.22738853503185,23.652866242038225,48.82165605095541,False,2024,1,Bahrain Grand Prix,Sakhir,Bahrain,2024-03-02,8.666666666666666,10.8,4.0,5.019960159204453,0.7,-2.1333333333333346,9.5,5.0,8.2,1.2,1.6140000000000043,12.5,2.0,8.666666666666666,0,1,0,0.14236241719169448
10,GAS,Pierre Gasly,Alpine,20.0,18.0,0.0,Lapped,True,20.0,90.948,18.22738853503185,23.652866242038225,48.82165605095541,False,2024,1,Bahrain Grand Prix,Sakhir,Bahrain,2024-03-02,10.333333333333334,9.6,6.0,2.9664793948382675,1.0,0.7333333333333343,9.5,5.0,10.4,-1.2,1.7689999999999912,14.5,2.0,13.0,0,1,0,0.14236241719169448
77,BOT,Valtteri Bottas,Kick Sauber,16.0,19.0,0.0,Lapped,True,16.0,90.756,18.22738853503185,23.652866242038225,48.82165605095541,False,2024,1,Bahrain Grand Prix,Sakhir,Bahrain,2024-03-02,17.333333333333332,15.8,12.0,2.588435821108957,0.7,1.5333333333333314,,,0.1999999999999993,0.6,1.5769999999999982,7.0,2.0,14.0,0,1,0,0.14236241719169448
2,SAR,Logan Sargeant,Williams,18.0,20.0,0.0,Lapped,True,18.0,90.77,18.22738853503185,23.652866242038225,48.82165605095541,False,2024,1,Bahrain Grand Prix,Sakhir,Bahrain,2024-03-02,14.333333333333334,13.8,10.0,3.0331501776206173,0.6,0.5333333333333332,14.666666666666666,9.5,4.199999999999999,1.2,1.590999999999994,12.0,1.0,17.0,0,1,0,0.14236241719169448
1,VER,Max Verstappen,Red Bull Racing,1.0,1.0,25.0,Finished,True,1.0,87.472,25.528082191780825,31.59315068493151,62.33561643835616,False,2024,2,Saudi Arabian Grand Prix,Jeddah,Saudi Arabia,2024-03-09,1.0,1.0,1.0,0.0,1.0,0.0,2.0,1.5,0.0,-5.6,0.0,1.5,2.0,1.2,0,2,0,0.14426750841661118
11,PER,Sergio Perez,Red Bull Racing,3.0,2.0,18.0,Finished,True,3.0,87.807,25.528082191780825,31.59315068493151,62.33561643835616,False,2024,2,Saudi Arabian Grand Prix,Jeddah,Saudi Arabia,2024-03-09,3.0,6.6,2.0,7.536577472566709,0.8,-3.5999999999999996,2.0,1.5,-3.5999999999999996,5.6,0.33500000000000796,2.5,2.0,2.4,0,2,0,0.14426750841661118
16,LEC,Charles Leclerc,Ferrari,2.0,3.0,16.0,Finished,True,2.0,87.791,25.528082191780825,31.59315068493151,62.33561643835616,False,2024,2,Saudi Arabian Grand Prix,Jeddah,Saudi Arabia,2024-03-09,2.6666666666666665,6.2,2.0,7.758865896508328,0.8,-3.5333333333333337,5.833333333333333,1.5,-4.2,-1.2,0.3190000000000026,4.5,2.0,6.6,0,2,0,0.14426750841661118
81,PIA,Oscar Piastri,McLaren,5.0,4.0,12.0,Finished,True,5.0,88.089,25.528082191780825,31.59315068493151,62.33561643835616,False,2024,2,Saudi Arabian Grand Prix,Jeddah,Saudi Arabia,2024-03-09,8.0,9.2,6.0,3.0331501776206213,0.9,-1.1999999999999993,9.166666666666666,2.5,-4.199999999999999,1.6,0.6170000000000044,15.0,1.0,13.333333333333334,0,2,0,0.14426750841661118
14,ALO,Fernando Alonso,Aston Martin,4.0,5.0,10.0,Finished,True,4.0,87.846,25.528082191780825,31.59315068493151,62.33561643835616,False,2024,2,Saudi Arabian Grand Prix,Jeddah,Saudi Arabia,2024-03-09,8.333333333333334,9.2,3.0,5.495452665613633,0.8,-0.8666666666666654,8.333333333333334,3.5,-5.199999999999999,-0.2,0.37400000000000944,9.5,2.0,6.8,0,2,0,0.14426750841661118
63,RUS,George Russell,Mercedes,7.0,6.0,8.0,Finished,True,7.0,88.316,25.528082191780825,31.59315068493151,62.33561643835616,False,2024,2,Saudi Arabian Grand Prix,Jeddah,Saudi Arabia,2024-03-09,5.333333333333333,7.4,3.0,4.615192303685731,0.8,-2.0666666666666673,6.5,1.5,-0.40000000000000036,0.8,0.8440000000000083,4.5,2.0,5.6,0,2,0,0.14426750841661118
38,BEA,Oliver Bearman,Ferrari,11.0,7.0,6.0,Finished,True,11.0,88.642,25.528082191780825,31.59315068493151,62.33561643835616,False,2024,2,Saudi Arabian Grand Prix,Jeddah,Saudi Arabia,2024-03-09,,,,,,,5.833333333333333,1.5,,,1.1700000000000017,,0.0,,0,2,0,0.14426750841661118
4,NOR,Lando Norris,McLaren,6.0,8.0,4.0,Finished,True,6.0,88.132,25.528082191780825,31.59315068493151,62.33561643835616,False,2024,2,Saudi Arabian Grand Prix,Jeddah,Saudi Arabia,2024-03-09,10.333333333333334,7.6,2.0,7.092249290598859,0.9,2.7333333333333343,9.166666666666666,2.5,-1.5999999999999996,-1.6,0.6600000000000108,12.0,2.0,14.8,0,2,0,0.14426750841661118
44,HAM,Lewis Hamilton,Mercedes,8.0,9.0,2.0,Finished,True,8.0,88.46,25.528082191780825,31.59315068493151,62.33561643835616,False,2024,2,Saudi Arabian Grand Prix,Jeddah,Saudi Arabia,2024-03-09,7.666666666666667,6.6,2.0,2.7018512172212565,0.8,1.0666666666666673,6.5,1.5,1.4000000000000004,-0.8,0.9879999999999995,7.5,2.0,5.8,0,2,0,0.14426750841661118
27,HUL,Nico Hulkenberg,Haas F1 Team,15.0,10.0,1.0,Finished,True,15.0,89.055,25.528082191780825,31.59315068493151,62.33561643835616,False,2024,2,Saudi Arabian Grand Prix,Jeddah,Saudi Arabia,2024-03-09,16.666666666666668,15.0,12.0,2.73861278752583,0.9,1.6666666666666679,15.833333333333334,7.0,0.0,-1.4,1.5830000000000126,12.0,2.0,17.0,0,2,0,0.14426750841661118
23,ALB,Alexander Albon,Williams,12.0,11.0,0.0,Finished,True,12.0,88.98,25.528082191780825,31.59315068493151,62.33561643835616,False,2024,2,Saudi Arabian Grand Prix,Jeddah,Saudi Arabia,2024-03-09,13.666666666666666,13.8,9.0,3.7013511046643495,0.8,-0.13333333333333464,15.5,9.5,-1.8000000000000007,-2.0,1.5080000000000098,16.5,2.0,11.8,0,2,0,0.14426750841661118
20,MAG,Kevin Magnussen,Haas F1 Team,13.0,12.0,0.0,Finished,True,13.0,89.02,25.528082191780825,31.59315068493151,62.33561643835616,False,2024,2,Saudi Arabian Grand Prix,Jeddah,Saudi Arabia,2024-03-09,15.0,16.4,12.0,3.6469165057620923,0.8,-1.3999999999999986,15.833333333333334,7.0,-3.3999999999999986,1.4,1.5480000000000018,9.5,2.0,13.8,0,2,0,0.14426750841661118
31,OCO,Esteban Ocon,Alpine,17.0,13.0,0.0,Lapped,True,17.0,89.475,25.528082191780825,31.59315068493151,62.33561643835616,False,2024,2,Saudi Arabian Grand Prix,Jeddah,Saudi Arabia,2024-03-09,11.0,10.6,4.0,4.669047011971501,0.7,0.40000000000000036,12.5,5.0,6.4,-1.4,2.003,7.0,2.0,9.2,0,2,0,0.14426750841661118
2,SAR,Logan Sargeant,Williams,19.0,14.0,0.0,Lapped,True,19.0,89.526,25.528082191780825,31.59315068493151,62.33561643835616,False,2024,2,Saudi Arabian Grand Prix,Jeddah,Saudi Arabia,2024-03-09,17.333333333333332,15.8,11.0,3.193743884534259,0.7,1.5333333333333314,15.5,9.5,3.1999999999999993,2.0,2.054000000000002,16.0,1.0,17.333333333333332,0,2,0,0.14426750841661118
22,TSU,Yuki Tsunoda,RB,9.0,15.0,0.0,Lapped,True,9.0,88.547,25.528082191780825,31.59315068493151,62.33561643835616,False,2024,2,Saudi Arabian Grand Prix,Jeddah,Saudi Arabia,2024-03-09,13.333333333333334,12.2,8.0,4.024922359499621,0.7,1.1333333333333346,13.5,13.5,-3.1999999999999993,0.6,1.0750000000000028,15.0,2.0,12.8,0,2,0,0.14426750841661118
3,RIC,Daniel Ricciardo,RB,14.0,16.0,0.0,Lapped,True,14.0,89.025,25.528082191780825,31.59315068493151,62.33561643835616,False,2024,2,Saudi Arabian Grand Prix,Jeddah,Saudi Arabia,2024-03-09,12.666666666666666,11.6,7.0,2.792848008753788,0.9,1.0666666666666664,13.5,13.5,2.4000000000000004,-0.6,1.5530000000000115,17.0,1.0,11.666666666666666,0,2,0,0.14426750841661118
77,BOT,Valtteri Bottas,Kick Sauber,16.0,17.0,0.0,Lapped,True,16.0,89.179,25.528082191780825,31.59315068493151,62.33561643835616,False,2024,2,Saudi Arabian Grand Prix,Jeddah,Saudi Arabia,2024-03-09,18.333333333333332,17.2,15.0,1.7888543819998346,0.7,1.1333333333333329,15.0,15.0,-1.1999999999999993,2.4,1.7070000000000078,16.5,2.0,13.2,0,2,0,0.14426750841661118
24,ZHO,Guanyu Zhou,Kick Sauber,20.0,18.0,0.0,Lapped,True,20.0,,25.528082191780825,31.59315068493151,62.33561643835616,False,2024,2,Saudi Arabian Grand Prix,Jeddah,Saudi Arabia,2024-03-09,14.333333333333334,14.8,11.0,2.4899799195977455,0.9,-0.4666666666666668,15.0,15.0,5.199999999999999,-2.4,,12.0,2.0,17.6,0,2,0,0.14426750841661118
18,STR,Lance Stroll,Aston Martin,10.0,19.0,0.0,Retired,False,10.0,88.572,25.528082191780825,31.59315068493151,62.33561643835616,False,2024,2,Saudi Arabian Grand Prix,Jeddah,Saudi Arabia,2024-03-09,8.333333333333334,9.4,5.0,4.9295030175464944,0.7,-1.0666666666666664,8.333333333333334,3.5,0.5999999999999996,0.2,1.1000000000000085,16.5,2.0,10.0,0,2,0,0.14426750841661118
10,GAS,Pierre Gasly,Alpine,18.0,20.0,0.0,Retired,False,18.0,89.479,25.528082191780825,31.59315068493151,62.33561643835616,False,2024,2,Saudi Arabian Grand Prix,Jeddah,Saudi Arabia,2024-03-09,14.0,12.0,7.0,4.000000000000002,1.0,2.0,12.5,5.0,6.0,1.4,2.007000000000005,8.5,2.0,11.2,0,2,0,0.14426750841661118
55,SAI,Carlos Sainz,Ferrari,2.0,1.0,25.0,Finished,True,2.0,76.185,20.62222222222222,38.40208333333333,44.451388888888886,False,2024,3,Australian Grand Prix,Melbourne,Australia,2024-03-24,9.0,7.4,3.0,6.06630035524124,0.8,1.5999999999999996,6.166666666666667,1.5,-5.4,1.2,0.269999999999996,16.0,2.0,7.0,0,3,0,0.14843613139324735
16,LEC,Charles Leclerc,Ferrari,4.0,2.0,19.0,Finished,True,5.0,76.435,20.62222222222222,38.40208333333333,44.451388888888886,False,2024,3,Australian Grand Prix,Melbourne,Australia,2024-03-24,3.0,6.2,2.0,7.758865896508328,0.8,-3.2,6.166666666666667,1.5,-2.2,-1.8,0.519999999999996,10.5,2.0,4.8,0,3,0,0.14843613139324735
4,NOR,Lando Norris,McLaren,3.0,3.0,15.0,Finished,True,4.0,76.315,20.62222222222222,38.40208333333333,44.451388888888886,False,2024,3,Australian Grand Prix,Melbourne,Australia,2024-03-24,6.333333333333333,8.2,2.0,6.942621983083915,0.9,-1.8666666666666663,6.166666666666667,2.5,-5.199999999999999,-0.2,0.3999999999999915,5.5,2.0,13.4,0,3,0,0.14843613139324735
81,PIA,Oscar Piastri,McLaren,5.0,4.0,12.0,Finished,True,6.0,76.572,20.62222222222222,38.40208333333333,44.451388888888886,False,2024,3,Australian Grand Prix,Melbourne,Australia,2024-03-24,6.0,8.4,4.0,3.84707681233427,0.9,-2.4000000000000004,6.166666666666667,2.5,-3.4000000000000004,0.2,0.6569999999999965,8.0,1.0,15.0,0,3,0,0.14843613139324735
11,PER,Sergio Perez,Red Bull Racing,6.0,5.0,10.0,Finished,True,3.0,76.274,20.62222222222222,38.40208333333333,44.451388888888886,False,2024,3,Australian Grand Prix,Melbourne,Australia,2024-03-24,2.6666666666666665,3.0,2.0,0.9999999999999977,0.8,-0.3333333333333335,1.8333333333333333,1.5,3.0,2.0,0.35899999999999466,3.5,2.0,6.8,0,3,0,0.14843613139324735
18,STR,Lance Stroll,Aston Martin,9.0,6.0,8.0,Finished,True,9.0,77.072,20.62222222222222,38.40208333333333,44.451388888888886,False,2024,3,Australian Grand Prix,Melbourne,Australia,2024-03-24,13.0,9.8,5.0,5.718391382198319,0.6,3.1999999999999993,10.0,3.5,-0.8000000000000007,3.2,1.1569999999999965,8.0,2.0,10.2,0,3,0,0.14843613139324735
22,TSU,Yuki Tsunoda,RB,8.0,7.0,6.0,Finished,True,8.0,76.788,20.62222222222222,38.40208333333333,44.451388888888886,False,2024,3,Australian Grand Prix,Melbourne,Australia,2024-03-24,12.333333333333334,12.8,8.0,4.207136793592526,0.8,-0.4666666666666668,14.5,13.5,-4.800000000000001,-0.6,0.8729999999999905,12.5,2.0,12.4,0,3,0,0.14843613139324735
14,ALO,Fernando Alonso,Aston Martin,10.0,8.0,4.0,Finished,True,10.0,77.552,20.62222222222222,38.40208333333333,44.451388888888886,False,2024,3,Australian Grand Prix,Melbourne,Australia,2024-03-24,7.0,6.6,3.0,2.6076809620810555,0.8,0.40000000000000036,10.0,3.5,3.4000000000000004,-3.2,1.6370000000000005,10.0,2.0,8.8,0,3,0,0.14843613139324735
27,HUL,Nico Hulkenberg,Haas F1 Team,16.0,9.0,2.0,Finished,True,16.0,77.976,20.62222222222222,38.40208333333333,44.451388888888886,False,2024,3,Australian Grand Prix,Melbourne,Australia,2024-03-24,13.666666666666666,14.4,10.0,3.507135583350036,0.9,-0.7333333333333343,14.166666666666666,7.0,1.5999999999999996,-0.6,2.060999999999993,7.0,1.0,15.0,0,3,0,0.14843613139324735
20,MAG,Kevin Magnussen,Haas F1 Team,14.0,10.0,1.0,Lapped,True,14.0,77.427,20.62222222222222,38.40208333333333,44.451388888888886,False,2024,3,Australian Grand Prix,Melbourne,Australia,2024-03-24,14.666666666666666,15.0,12.0,3.741657386773939,0.8,-0.3333333333333339,14.166666666666666,7.0,-1.0,0.6,1.5120000000000005,15.5,2.0,13.8,0,3,0,0.14843613139324735
23,ALB,Alexander Albon,Williams,12.0,11.0,0.0,Lapped,True,12.0,77.167,20.62222222222222,38.40208333333333,44.451388888888886,False,2024,3,Australian Grand Prix,Melbourne,Australia,2024-03-24,13.333333333333334,14.2,11.0,3.1144823004794873,0.8,-0.8666666666666654,15.0,9.5,-2.1999999999999993,-1.2,1.2519999999999953,14.5,2.0,10.8,0,3,0,0.14843613139324735
3,RIC,Daniel Ricciardo,RB,18.0,12.0,0.0,Lapped,True,18.0,78.085,20.62222222222222,38.40208333333333,44.451388888888886,False,2024,3,Australian Grand Prix,Melbourne,Australia,2024-03-24,13.333333333333334,13.4,11.0,1.8165902124584952,1.0,-0.06666666666666643,14.5,13.5,4.6,0.6,2.1699999999999875,6.0,1.0,14.0,0,3,0,0.14843613139324735
10,GAS,Pierre Gasly,Alpine,17.0,13.0,0.0,Lapped,True,17.0,77.982,20.62222222222222,38.40208333333333,44.451388888888886,False,2024,3,Australian Grand Prix,Melbourne,Australia,2024-03-24,17.0,13.8,7.0,5.263078946776308,0.9,3.1999999999999993,15.5,5.0,3.1999999999999993,2.6,2.066999999999993,11.0,2.0,12.8,0,3,0,0.14843613139324735
77,BOT,Valtteri Bottas,Kick Sauber,13.0,14.0,0.0,Lapped,True,13.0,77.34,20.62222222222222,38.40208333333333,44.451388888888886,False,2024,3,Australian Grand Prix,Melbourne,Australia,2024-03-24,18.333333333333332,17.6,16.0,1.3416407864998794,0.7,0.7333333333333307,16.25,15.0,-4.600000000000001,2.0,1.4249999999999972,9.5,2.0,8.4,0,3,0,0.14843613139324735
24,ZHO,Guanyu Zhou,Kick Sauber,19.0,15.0,0.0,Lapped,True,19.0,78.188,20.62222222222222,38.40208333333333,44.451388888888886,False,2024,3,Australian Grand Prix,Melbourne,Australia,2024-03-24,15.333333333333334,15.6,11.0,2.7928480087537872,0.9,-0.2666666666666657,16.25,15.0,3.4000000000000004,-2.0,2.272999999999996,10.0,2.0,15.0,0,3,0,0.14843613139324735
31,OCO,Esteban Ocon,Alpine,15.0,16.0,0.0,Lapped,True,15.0,77.697,20.62222222222222,38.40208333333333,44.451388888888886,False,2024,3,Australian Grand Prix,Melbourne,Australia,2024-03-24,14.0,11.2,4.0,4.764451699828639,0.8,2.8000000000000007,15.5,5.0,3.8000000000000007,-2.6,1.7819999999999965,10.5,2.0,9.0,0,3,0,0.14843613139324735
63,RUS,George Russell,Mercedes,7.0,17.0,0.0,Retired,False,7.0,76.724,20.62222222222222,38.40208333333333,44.451388888888886,False,2024,3,Australian Grand Prix,Melbourne,Australia,2024-03-24,4.666666666666667,7.4,3.0,4.615192303685731,0.8,-2.7333333333333334,6.5,1.5,-0.40000000000000036,-0.6,0.8089999999999975,10.5,2.0,7.2,0,3,0,0.14843613139324735
44,HAM,Lewis Hamilton,Mercedes,11.0,18.0,0.0,Retired,False,11.0,76.96,20.62222222222222,38.40208333333333,44.451388888888886,False,2024,3,Australian Grand Prix,Melbourne,Australia,2024-03-24,8.333333333333334,8.0,7.0,0.999999999999993,0.8,0.3333333333333339,6.5,1.5,3.0,0.6,1.0449999999999875,3.0,2.0,6.2,0,3,0,0.14843613139324735
1,VER,Max Verstappen,Red Bull Racing,1.0,19.0,0.0,Retired,False,1.0,75.915,20.62222222222222,38.40208333333333,44.451388888888886,False,2024,3,Australian Grand Prix,Melbourne,Australia,2024-03-24,1.0,1.0,1.0,0.0,1.0,0.0,1.8333333333333333,1.5,0.0,-2.0,0.0,9.5,2.0,1.0,0,3,0,0.14843613139324735
1,VER,Max Verstappen,Red Bull Racing,1.0,1.0,26.0,Finished,True,1.0,88.197,21.691160220994476,37.50110497237569,43.430939226519335,False,2024,4,Japanese Grand Prix,Suzuka,Japan,2024-04-07,7.0,4.6,1.0,8.049844718999243,0.9,2.4000000000000004,5.0,1.5,-3.5999999999999996,1.4,0.0,1.0,2.0,2.0,0,4,0,0.15243545206507156
11,PER,Sergio Perez,Red Bull Racing,2.0,2.0,18.0,Finished,True,2.0,88.263,21.691160220994476,37.50110497237569,43.430939226519335,False,2024,4,Japanese Grand Prix,Suzuka,Japan,2024-04-07,3.0,3.2,2.0,1.303840481040528,0.8,-0.20000000000000018,5.0,1.5,-1.2000000000000002,-1.4,0.0660000000000025,10.5,2.0,3.0,0,4,0,0.15243545206507156
55,SAI,Carlos Sainz,Ferrari,4.0,3.0,15.0,Finished,True,4.0,88.682,21.691160220994476,37.50110497237569,43.430939226519335,False,2024,4,Japanese Grand Prix,Suzuka,Japan,2024-04-07,7.333333333333333,6.8,1.0,6.6105975524153635,0.8,0.5333333333333332,3.3333333333333335,1.5,-2.8,0.8,0.48499999999999943,12.5,2.0,7.0,0,4,0,0.15243545206507156
16,LEC,Charles Leclerc,Ferrari,8.0,4.0,12.0,Finished,True,8.0,88.786,21.691160220994476,37.50110497237569,43.430939226519335,False,2024,4,Japanese Grand Prix,Suzuka,Japan,2024-04-07,3.0,2.6,2.0,0.8944271909999079,0.8,0.3999999999999999,3.3333333333333335,1.5,5.4,-4.4,0.5889999999999986,3.5,2.0,8.833333333333334,0,4,0,0.15243545206507156
4,NOR,Lando Norris,McLaren,3.0,5.0,10.0,Finished,True,3.0,88.489,21.691160220994476,37.50110497237569,43.430939226519335,False,2024,4,Japanese Grand Prix,Suzuka,Japan,2024-04-07,5.666666666666667,8.4,3.0,6.730527468185538,0.9,-2.7333333333333334,5.5,2.5,-5.4,2.0,0.2920000000000016,6.0,2.0,8.666666666666666,0,4,0,0.15243545206507156
14,ALO,Fernando Alonso,Aston Martin,5.0,6.0,8.0,Finished,True,5.0,88.686,21.691160220994476,37.50110497237569,43.430939226519335,False,2024,4,Japanese Grand Prix,Suzuka,Japan,2024-04-07,7.333333333333333,7.6,5.0,1.673320053068145,0.8,-0.2666666666666666,9.5,3.5,-2.5999999999999996,-2.4,0.4890000000000043,7.5,2.0,6.333333333333333,0,4,0,0.15243545206507156
63,RUS,George Russell,Mercedes,9.0,7.0,6.0,Finished,True,9.0,89.008,21.691160220994476,37.50110497237569,43.430939226519335,False,2024,4,Japanese Grand Prix,Suzuka,Japan,2024-04-07,9.333333333333334,7.8,3.0,5.449770637375485,0.8,1.533333333333334,10.333333333333334,1.5,1.2000000000000002,-2.2,0.8109999999999928,7.5,2.0,6.5,0,4,0,0.15243545206507156
81,PIA,Oscar Piastri,McLaren,6.0,8.0,4.0,Finished,True,6.0,88.76,21.691160220994476,37.50110497237569,43.430939226519335,False,2024,4,Japanese Grand Prix,Suzuka,Japan,2024-04-07,5.333333333333333,6.4,4.0,2.6076809620810613,0.9,-1.0666666666666673,5.5,2.5,-0.40000000000000036,-2.0,0.5630000000000024,3.0,1.0,12.333333333333334,0,4,0,0.15243545206507156
44,HAM,Lewis Hamilton,Mercedes,7.0,9.0,2.0,Finished,True,7.0,88.766,21.691160220994476,37.50110497237569,43.430939226519335,False,2024,4,Japanese Grand Prix,Suzuka,Japan,2024-04-07,11.333333333333334,10.0,7.0,4.582575694955838,0.7,1.333333333333334,10.333333333333334,1.5,-3.0,2.2,0.5690000000000026,5.0,2.0,6.166666666666667,0,4,0,0.15243545206507156
22,TSU,Yuki Tsunoda,RB,10.0,10.0,1.0,Lapped,True,10.0,89.413,21.691160220994476,37.50110497237569,43.430939226519335,False,2024,4,Japanese Grand Prix,Suzuka,Japan,2024-04-07,12.0,12.4,7.0,4.722287581247038,0.9,-0.40000000000000036,12.833333333333334,9.5,-2.4000000000000004,-0.8,1.215999999999994,12.5,2.0,12.5,0,4,0,0.15243545206507156
27,HUL,Nico Hulkenberg,Haas F1 Team,12.0,11.0,0.0,Lapped,True,12.0,89.494,21.691160220994476,37.50110497237569,43.430939226519335,False,2024,4,Japanese Grand Prix,Suzuka,Japan,2024-04-07,11.666666666666666,13.8,9.0,4.207136793592526,0.9,-2.1333333333333346,11.5,7.0,-1.8000000000000007,0.4,1.296999999999997,14.0,1.0,15.333333333333334,0,4,0,0.15243545206507156
18,STR,Lance Stroll,Aston Martin,16.0,12.0,0.0,Lapped,True,16.0,90.024,21.691160220994476,37.50110497237569,43.430939226519335,False,2024,4,Japanese Grand Prix,Suzuka,Japan,2024-04-07,11.666666666666666,10.0,5.0,5.52268050859363,0.7,1.666666666666666,9.5,3.5,6.0,2.4,1.8269999999999982,15.0,2.0,11.0,0,4,0,0.15243545206507156
20,MAG,Kevin Magnussen,Haas F1 Team,18.0,13.0,0.0,Lapped,True,18.0,90.131,21.691160220994476,37.50110497237569,43.430939226519335,False,2024,4,Japanese Grand Prix,Suzuka,Japan,2024-04-07,11.333333333333334,13.4,10.0,3.847076812334266,0.8,-2.0666666666666664,11.5,7.0,4.6,-0.4,1.9339999999999975,14.5,2.0,15.833333333333334,0,4,0,0.15243545206507156
77,BOT,Valtteri Bottas,Kick Sauber,13.0,14.0,0.0,Lapped,True,13.0,89.593,21.691160220994476,37.50110497237569,43.430939226519335,False,2024,4,Japanese Grand Prix,Suzuka,Japan,2024-04-07,16.666666666666668,17.2,14.0,2.0493901531919225,0.8,-0.5333333333333314,15.666666666666666,14.5,-4.199999999999999,2.0,1.3960000000000008,17.5,2.0,14.166666666666666,0,4,0,0.15243545206507156
31,OCO,Esteban Ocon,Alpine,15.0,15.0,0.0,Lapped,True,15.0,89.816,21.691160220994476,37.50110497237569,43.430939226519335,False,2024,4,Japanese Grand Prix,Suzuka,Japan,2024-04-07,15.333333333333334,12.4,4.0,5.128352561983235,0.9,2.9333333333333336,16.166666666666668,5.0,2.5999999999999996,-2.6,1.6189999999999998,6.5,2.0,10.833333333333334,0,4,0,0.15243545206507156
10,GAS,Pierre Gasly,Alpine,17.0,16.0,0.0,Lapped,True,17.0,90.119,21.691160220994476,37.50110497237569,43.430939226519335,False,2024,4,Japanese Grand Prix,Suzuka,Japan,2024-04-07,17.0,15.0,11.0,3.8078865529319557,0.9,2.0,16.166666666666668,5.0,2.0,2.6,1.921999999999997,14.0,2.0,12.833333333333334,0,4,0,0.15243545206507156
2,SAR,Logan Sargeant,Williams,19.0,17.0,0.0,Lapped,True,19.0,90.139,21.691160220994476,37.50110497237569,43.430939226519335,False,2024,4,Japanese Grand Prix,Suzuka,Japan,2024-04-07,16.666666666666668,15.4,11.0,3.286335345030994,0.7,1.2666666666666675,13.666666666666666,9.5,3.5999999999999996,1.2,1.941999999999993,17.0,1.0,16.0,0,4,0,0.15243545206507156
24,ZHO,Guanyu Zhou,Kick Sauber,20.0,18.0,0.0,Retired,False,20.0,90.143,21.691160220994476,37.50110497237569,43.430939226519335,False,2024,4,Japanese Grand Prix,Suzuka,Japan,2024-04-07,14.666666666666666,15.2,11.0,2.6832815729997463,0.9,-0.5333333333333332,15.666666666666666,14.5,4.800000000000001,-2.0,1.945999999999998,14.5,2.0,14.833333333333334,0,4,0,0.15243545206507156
3,RIC,Daniel Ricciardo,RB,11.0,19.0,0.0,Retired,False,11.0,89.472,21.691160220994476,37.50110497237569,43.430939226519335,False,2024,4,Japanese Grand Prix,Suzuka,Japan,2024-04-07,13.666666666666666,13.2,11.0,1.9235384061671343,1.0,0.4666666666666668,12.833333333333334,9.5,-2.1999999999999993,0.8,1.2749999999999915,11.0,1.0,14.0,0,4,0,0.15243545206507156
23,ALB,Alexander Albon,Williams,14.0,20.0,0.0,Retired,False,14.0,89.714,21.691160220994476,37.50110497237569,43.430939226519335,False,2024,4,Japanese Grand Prix,Suzuka,Japan,2024-04-07,12.333333333333334,12.6,11.0,1.8165902124584945,0.8,-0.2666666666666657,13.666666666666666,9.5,1.4000000000000004,-3.5,1.516999999999996,18.0,2.0,14.333333333333334,0,4,0,0.15243545206507156
1,VER,Max Verstappen,Red Bull Racing,1.0,1.0,25.0,Finished,True,1.0,93.66,18.63939393939394,29.792727272727273,66.06060606060606,False,2024,5,Chinese Grand Prix,Shanghai,China,2024-04-21,7.0,4.6,1.0,8.049844718999243,0.9,2.4000000000000004,5.0,1.5,-3.5999999999999996,1.6,0.0,,0.0,4.6,0,5,0,0.15654252659497572
4,NOR,Lando Norris,McLaren,4.0,2.0,18.0,Finished,True,4.0,94.165,18.63939393939394,29.792727272727273,66.06060606060606,False,2024,5,Chinese Grand Prix,Shanghai,China,2024-04-21,5.333333333333333,5.4,3.0,1.8165902124585023,0.9,-0.06666666666666732,5.333333333333333,2.5,-1.4000000000000004,-0.6,0.5050000000000097,,0.0,9.8,0,5,0,0.15654252659497572
11,PER,Sergio Perez,Red Bull Racing,2.0,3.0,15.0,Finished,True,2.0,93.982,18.63939393939394,29.792727272727273,66.06060606060606,False,2024,5,Chinese Grand Prix,Shanghai,China,2024-04-21,3.0,3.0,2.0,1.4142135623730934,0.9,0.0,5.0,1.5,-1.0,-1.6,0.32200000000000273,,0.0,5.8,0,5,0,0.15654252659497572
16,LEC,Charles Leclerc,Ferrari,6.0,4.0,12.0,Finished,True,6.0,94.289,18.63939393939394,29.792727272727273,66.06060606060606,False,2024,5,Chinese Grand Prix,Shanghai,China,2024-04-21,3.0,3.0,2.0,0.9999999999999928,0.8,0.0,3.3333333333333335,1.5,3.0,-3.4,0.6290000000000049,,0.0,5.6,0,5,0,0.15654252659497572
55,SAI,Carlos Sainz,Ferrari,7.0,5.0,10.0,Finished,True,7.0,94.297,18.63939393939394,29.792727272727273,66.06060606060606,False,2024,5,Chinese Grand Prix,Shanghai,China,2024-04-21,2.3333333333333335,6.2,1.0,6.833739825307955,0.8,-3.8666666666666667,3.3333333333333335,1.5,0.7999999999999998,3.4,0.6370000000000005,,0.0,6.2,0,5,0,0.15654252659497572
63,RUS,George Russell,Mercedes,8.0,6.0,8.0,Finished,True,8.0,94.433,18.63939393939394,29.792727272727273,66.06060606060606,False,2024,5,Chinese Grand Prix,Shanghai,China,2024-04-21,10.0,7.6,3.0,5.458937625582473,0.8,2.4000000000000004,11.0,1.5,0.40000000000000036,-2.8,0.7730000000000103,,0.0,4.8,0,5,0,0.15654252659497572
14,ALO,Fernando Alonso,Aston Martin,3.0,7.0,7.0,Finished,True,3.0,94.148,18.63939393939394,29.792727272727273,66.06060606060606,False,2024,5,Chinese Grand Prix,Shanghai,China,2024-04-21,6.333333333333333,7.0,5.0,1.581138830084183,0.8,-0.666666666666667,9.333333333333334,3.5,-4.0,-4.4,0.48799999999999955,,0.0,9.6,0,5,0,0.15654252659497572
81,PIA,Oscar Piastri,McLaren,5.0,8.0,4.0,Finished,True,5.0,94.273,18.63939393939394,29.792727272727273,66.06060606060606,False,2024,5,Chinese Grand Prix,Shanghai,China,2024-04-21,5.333333333333333,6.0,4.0,2.000000000000002,0.9,-0.666666666666667,5.333333333333333,2.5,-1.0,0.6,0.6129999999999995,,0.0,11.333333333333334,0,5,0,0.15654252659497572
44,HAM,Lewis Hamilton,Mercedes,18.0,9.0,2.0,Finished,True,18.0,95.573,18.63939393939394,29.792727272727273,66.06060606060606,False,2024,5,Chinese Grand Prix,Shanghai,China,2024-04-21,12.0,10.4,7.0,4.335896677735758,0.7,1.5999999999999996,11.0,1.5,7.6,2.8,1.9129999999999967,,0.0,8.4,0,5,0,0.15654252659497572
27,HUL,Nico Hulkenberg,Haas F1 Team,9.0,10.0,1.0,Finished,True,9.0,94.604,18.63939393939394,29.792727272727273,66.06060606060606,False,2024,5,Chinese Grand Prix,Shanghai,China,2024-04-21,10.0,12.2,9.0,3.1144823004794873,0.9,-2.1999999999999993,10.833333333333334,7.0,-3.1999999999999993,-1.2,0.9440000000000026,,0.0,15.75,0,5,0,0.15654252659497572
31,OCO,Esteban Ocon,Alpine,13.0,11.0,0.0,Finished,True,13.0,95.223,18.63939393939394,29.792727272727273,66.06060606060606,False,2024,5,Chinese Grand Prix,Shanghai,China,2024-04-21,14.666666666666666,14.6,12.0,2.073644135332773,0.9,0.06666666666666643,15.5,5.0,-1.5999999999999996,-1.4,1.5630000000000024,,0.0,12.2,0,5,0,0.15654252659497572
23,ALB,Alexander Albon,Williams,14.0,12.0,0.0,Finished,True,14.0,95.241,18.63939393939394,29.792727272727273,66.06060606060606,False,2024,5,Chinese Grand Prix,Shanghai,China,2024-04-21,14.0,14.2,11.0,3.7013511046643495,0.8,-0.1999999999999993,14.0,9.5,-0.1999999999999993,-1.75,1.581000000000003,,0.0,13.0,0,5,0,0.15654252659497572
10,GAS,Pierre Gasly,Alpine,15.0,13.0,0.0,Finished,True,15.0,95.463,18.63939393939394,29.792727272727273,66.06060606060606,False,2024,5,Chinese Grand Prix,Shanghai,China,2024-04-21,16.333333333333332,16.0,13.0,3.0822070014844902,0.9,0.33333333333333215,15.5,5.0,-1.0,1.4,1.8029999999999973,,0.0,14.8,0,5,0,0.15654252659497572
24,ZHO,Guanyu Zhou,Kick Sauber,16.0,14.0,0.0,Finished,True,16.0,95.505,18.63939393939394,29.792727272727273,66.06060606060606,False,2024,5,Chinese Grand Prix,Shanghai,China,2024-04-21,17.0,15.8,11.0,2.949576240750524,0.8,1.1999999999999993,16.0,14.5,0.1999999999999993,-0.8,1.8449999999999989,,0.0,13.2,0,5,0,0.15654252659497572
18,STR,Lance Stroll,Aston Martin,11.0,15.0,0.0,Finished,True,11.0,94.838,18.63939393939394,29.792727272727273,66.06060606060606,False,2024,5,Chinese Grand Prix,Shanghai,China,2024-04-21,12.333333333333334,11.4,6.0,4.774934554525328,0.8,0.9333333333333336,9.333333333333334,3.5,-0.40000000000000036,4.4,1.1779999999999973,,0.0,9.2,0,5,0,0.15654252659497572
20,MAG,Kevin Magnussen,Haas F1 Team,17.0,16.0,0.0,Finished,True,17.0,95.516,18.63939393939394,29.792727272727273,66.06060606060606,False,2024,5,Chinese Grand Prix,Shanghai,China,2024-04-21,11.666666666666666,13.4,10.0,3.847076812334266,0.8,-1.7333333333333343,10.833333333333334,7.0,3.5999999999999996,1.2,1.8560000000000088,,0.0,13.4,0,5,0,0.15654252659497572
2,SAR,Logan Sargeant,Williams,20.0,17.0,0.0,Finished,True,20.0,96.358,18.63939393939394,29.792727272727273,66.06060606060606,False,2024,5,Chinese Grand Prix,Shanghai,China,2024-04-21,17.0,16.6,14.0,2.19089023002066,0.7,0.3999999999999986,14.0,9.5,3.3999999999999986,2.2,2.6980000000000075,,0.0,16.0,0,5,0,0.15654252659497572
3,RIC,Daniel Ricciardo,RB,12.0,18.0,0.0,Retired,False,12.0,94.934,18.63939393939394,29.792727272727273,66.06060606060606,False,2024,5,Chinese Grand Prix,Shanghai,China,2024-04-21,15.666666666666666,14.2,11.0,3.2710854467592254,0.9,1.4666666666666668,13.166666666666666,9.5,-2.1999999999999993,3.4,1.274000000000001,,0.0,11.75,0,5,0,0.15654252659497572
22,TSU,Yuki Tsunoda,RB,19.0,19.0,0.0,Retired,False,19.0,95.746,18.63939393939394,29.792727272727273,66.06060606060606,False,2024,5,Chinese Grand Prix,Shanghai,China,2024-04-21,10.666666666666666,10.8,7.0,3.5637059362410923,0.9,-0.13333333333333464,13.166666666666666,9.5,8.2,-3.4,2.0859999999999985,,0.0,10.4,0,5,0,0.15654252659497572
77,BOT,Valtteri Bottas,Kick Sauber,10.0,20.0,0.0,Retired,False,10.0,94.665,18.63939393939394,29.792727272727273,66.06060606060606,False,2024,5,Chinese Grand Prix,Shanghai,China,2024-04-21,15.0,16.6,14.0,2.509980079602227,0.9,-1.6000000000000014,16.0,14.5,-6.600000000000001,0.8,1.0050000000000097,,0.0,13.4,0,5,0,0.15654252659497572
4,NOR,Lando Norris,McLaren,5.0,1.0,25.0,Finished,True,5.0,87.594,28.521999999999995,44.664,59.00666666666667,False,2024,6,Miami Grand Prix,Miami,United States,2024-05-05,3.3333333333333335,4.8,2.0,2.38746727726267,0.9,-1.4666666666666663,5.0,2.5,0.20000000000000018,-1.6,0.35299999999999443,18.0,2.0,9.333333333333334,0,6,0,0.16076025819950177
1,VER,Max Verstappen,Red Bull Racing,1.0,2.0,18.0,Finished,True,1.0,87.241,28.521999999999995,44.664,59.00666666666667,False,2024,6,Miami Grand Prix,Miami,United States,2024-05-05,7.0,4.6,1.0,8.049844718999243,0.9,2.4000000000000004,5.166666666666667,1.5,-3.5999999999999996,1.8,0.0,1.0,2.0,5.111111111111111,0,6,0,0.16076025819950177
16,LEC,Charles Leclerc,Ferrari,2.0,3.0,15.0,Finished,True,2.0,87.382,28.521999999999995,44.664,59.00666666666667,False,2024,6,Miami Grand Prix,Miami,United States,2024-05-05,3.3333333333333335,3.4,2.0,0.8944271909999079,0.8,-0.06666666666666643,3.1666666666666665,1.5,-1.4,-0.4,0.14100000000000534,4.5,2.0,6.555555555555555,0,6,0,0.16076025819950177
11,PER,Sergio Perez,Red Bull Racing,4.0,4.0,12.0,Finished,True,4.0,87.46,28.521999999999995,44.664,59.00666666666667,False,2024,6,Miami Grand Prix,Miami,United States,2024-05-05,3.3333333333333335,2.8,2.0,1.3038404810405277,0.9,0.5333333333333337,5.166666666666667,1.5,1.2000000000000002,-1.8,0.2189999999999941,3.0,2.0,2.7777777777777777,0,6,0,0.16076025819950177
55,SAI,Carlos Sainz,Ferrari,3.0,5.0,10.0,Finished,True,3.0,87.455,28.521999999999995,44.664,59.00666666666667,False,2024,6,Miami Grand Prix,Miami,United States,2024-05-05,3.0,6.0,1.0,6.855654600401044,0.8,-3.0,3.1666666666666665,1.5,-3.0,2.8,0.21399999999999864,4.0,2.0,9.125,0,6,0,0.16076025819950177
44,HAM,Lewis Hamilton,Mercedes,8.0,6.0,8.0,Finished,True,8.0,88.107,28.521999999999995,44.664,59.00666666666667,False,2024,6,Miami Grand Prix,Miami,United States,2024-05-05,12.0,10.4,7.0,4.335896677735758,0.8,1.5999999999999996,11.0,1.5,-2.4000000000000004,2.2,0.8659999999999997,6.0,2.0,7.222222222222222,0,6,0,0.16076025819950177
22,TSU,Yuki Tsunoda,RB,10.0,7.0,6.0,Finished,True,10.0,88.192,28.521999999999995,44.664,59.00666666666667,False,2024,6,Miami Grand Prix,Miami,United States,2024-05-05,12.0,13.0,7.0,4.636809247747852,0.8,-1.0,14.166666666666666,9.5,-3.0,-2.6,0.9509999999999934,11.5,2.0,13.11111111111111,0,6,0,0.16076025819950177
63,RUS,George Russell,Mercedes,7.0,8.0,4.0,Finished,True,7.0,88.067,28.521999999999995,44.664,59.00666666666667,False,2024,6,Miami Grand Prix,Miami,United States,2024-05-05,10.0,8.2,5.0,4.969909455915671,0.8,1.8000000000000007,11.0,1.5,-1.1999999999999993,-2.2,0.8259999999999934,4.5,2.0,8.0,0,6,0,0.16076025819950177
14,ALO,Fernando Alonso,Aston Martin,15.0,9.0,2.0,Finished,True,15.0,88.427,28.521999999999995,44.664,59.00666666666667,False,2024,6,Miami Grand Prix,Miami,United States,2024-05-05,7.0,7.0,5.0,1.581138830084183,0.8,0.0,9.0,3.5,8.0,-5.4,1.186000000000007,7.0,2.0,8.0,0,6,0,0.16076025819950177
31,OCO,Esteban Ocon,Alpine,13.0,10.0,1.0,Finished,True,13.0,88.371,28.521999999999995,44.664,59.00666666666667,False,2024,6,Miami Grand Prix,Miami,United States,2024-05-05,14.0,14.4,11.0,2.40831891575846,0.9,-0.40000000000000036,14.0,5.0,-1.4000000000000004,-1.6,1.1299999999999955,8.5,2.0,10.333333333333334,0,6,0,0.16076025819950177
27,HUL,Nico Hulkenberg,Haas F1 Team,9.0,11.0,0.0,Finished,True,9.0,88.146,28.521999999999995,44.664,59.00666666666667,False,2024,6,Miami Grand Prix,Miami,United States,2024-05-05,10.0,11.2,9.0,2.7748873851023212,0.9,-1.1999999999999993,11.5,7.0,-2.1999999999999993,-1.4,0.9050000000000011,15.0,1.0,12.285714285714286,0,6,0,0.16076025819950177
10,GAS,Pierre Gasly,Alpine,12.0,12.0,0.0,Finished,True,12.0,88.324,28.521999999999995,44.664,59.00666666666667,False,2024,6,Miami Grand Prix,Miami,United States,2024-05-05,14.0,16.0,13.0,3.0822070014844902,0.9,-2.0,14.0,5.0,-4.0,1.6,1.0829999999999984,13.0,2.0,11.333333333333334,0,6,0,0.16076025819950177
81,PIA,Oscar Piastri,McLaren,6.0,13.0,0.0,Finished,True,6.0,87.675,28.521999999999995,44.664,59.00666666666667,False,2024,6,Miami Grand Prix,Miami,United States,2024-05-05,6.666666666666667,6.4,4.0,2.1908902300206665,0.9,0.2666666666666666,5.0,2.5,-0.40000000000000036,1.6,0.4339999999999975,19.0,1.0,8.666666666666666,0,6,0,0.16076025819950177
24,ZHO,Guanyu Zhou,Kick Sauber,19.0,14.0,0.0,Finished,True,20.0,88.824,28.521999999999995,44.664,59.00666666666667,False,2024,6,Miami Grand Prix,Miami,United States,2024-05-05,15.666666666666666,15.2,11.0,2.949576240750524,0.8,0.4666666666666668,15.833333333333334,14.5,3.8000000000000007,-1.6,1.5829999999999984,18.0,2.0,14.333333333333334,0,6,0,0.16076025819950177
3,RIC,Daniel Ricciardo,RB,20.0,15.0,0.0,Finished,True,18.0,88.617,28.521999999999995,44.664,59.00666666666667,False,2024,6,Miami Grand Prix,Miami,United States,2024-05-05,16.333333333333332,15.6,12.0,3.0495901363953815,0.8,0.7333333333333325,14.166666666666666,9.5,4.4,2.6,1.3760000000000048,13.0,1.0,12.166666666666666,0,6,0,0.16076025819950177
77,BOT,Valtteri Bottas,Kick Sauber,16.0,16.0,0.0,Finished,True,16.0,88.463,28.521999999999995,44.664,59.00666666666667,False,2024,6,Miami Grand Prix,Miami,United States,2024-05-05,16.0,16.8,14.0,2.7748873851023226,0.8,-0.8000000000000007,15.833333333333334,14.5,-0.8000000000000007,1.6,1.2219999999999942,10.0,2.0,14.333333333333334,0,6,0,0.16076025819950177
18,STR,Lance Stroll,Aston Martin,11.0,17.0,0.0,Finished,True,11.0,88.222,28.521999999999995,44.664,59.00666666666667,False,2024,6,Miami Grand Prix,Miami,United States,2024-05-05,11.0,12.4,6.0,4.9295030175464944,0.8,-1.4000000000000004,9.0,3.5,-1.4000000000000004,5.4,0.9809999999999945,11.0,2.0,11.333333333333334,0,6,0,0.16076025819950177
23,ALB,Alexander Albon,Williams,14.0,18.0,0.0,Finished,True,14.0,88.413,28.521999999999995,44.664,59.00666666666667,False,2024,6,Miami Grand Prix,Miami,United States,2024-05-05,14.333333333333334,13.8,11.0,3.8340579025361627,0.8,0.5333333333333332,14.666666666666666,9.5,0.1999999999999993,-2.5,1.171999999999997,11.5,2.0,13.333333333333334,0,6,0,0.16076025819950177
20,MAG,Kevin Magnussen,Haas F1 Team,18.0,19.0,0.0,Finished,True,19.0,88.619,28.521999999999995,44.664,59.00666666666667,False,2024,6,Miami Grand Prix,Miami,United States,2024-05-05,13.0,12.6,10.0,2.190890230020659,0.8,0.40000000000000036,11.5,7.0,5.4,1.4,1.3780000000000001,13.0,2.0,12.777777777777779,0,6,0,0.16076025819950177
2,SAR,Logan Sargeant,Williams,17.0,20.0,0.0,Retired,False,17.0,88.487,28.521999999999995,44.664,59.00666666666667,False,2024,6,Miami Grand Prix,Miami,United States,2024-05-05,16.0,16.8,14.0,2.1679483388678755,0.8,-0.8000000000000007,14.666666666666666,9.5,0.1999999999999993,2.4,1.2459999999999951,20.0,1.0,15.6,0,6,0,0.16076025819950177
1,VER,Max Verstappen,Red Bull Racing,1.0,1.0,25.0,Finished,True,1.0,74.746,25.113986013986015,42.023776223776224,48.42657342657343,False,2024,7,Emilia Romagna Grand Prix,Imola,Italy,2024-05-19,1.3333333333333333,4.8,1.0,7.949842765740716,0.9,-3.466666666666667,2.1666666666666665,1.5,-3.8,1.6,0.0,1.0,1.0,6.0,0,7,0,0.16509162831667204
4,NOR,Lando Norris,McLaren,2.0,2.0,18.0,Finished,True,3.0,74.837,25.113986013986015,42.023776223776224,48.42657342657343,False,2024,7,Emilia Romagna Grand Prix,Imola,Italy,2024-05-19,2.6666666666666665,3.8,1.0,2.7748873851023266,0.9,-1.1333333333333333,6.166666666666667,2.5,-1.7999999999999998,-3.6,0.09100000000000819,3.0,1.0,9.571428571428571,0,7,0,0.16509162831667204
16,LEC,Charles Leclerc,Ferrari,3.0,3.0,15.0,Finished,True,4.0,74.97,25.113986013986015,42.023776223776224,48.42657342657343,False,2024,7,Emilia Romagna Grand Prix,Imola,Italy,2024-05-19,3.6666666666666665,3.2,2.0,0.8366600265340669,0.9,0.46666666666666634,4.0,1.5,-0.20000000000000018,-1.0,0.22400000000000375,6.0,1.0,9.0,0,7,0,0.16509162831667204
81,PIA,Oscar Piastri,McLaren,5.0,4.0,12.0,Finished,True,2.0,74.82,25.113986013986015,42.023776223776224,48.42657342657343,False,2024,7,Emilia Romagna Grand Prix,Imola,Italy,2024-05-19,9.666666666666666,7.4,4.0,3.7148351242013433,1.0,2.2666666666666657,6.166666666666667,2.5,-2.4000000000000004,3.6,0.07399999999999807,,0.0,9.0,0,7,0,0.16509162831667204
55,SAI,Carlos Sainz,Ferrari,4.0,5.0,10.0,Finished,True,5.0,75.233,25.113986013986015,42.023776223776224,48.42657342657343,False,2024,7,Emilia Romagna Grand Prix,Imola,Italy,2024-05-19,4.333333333333333,3.4,1.0,1.6733200530681427,0.9,0.9333333333333331,4.0,1.5,0.6000000000000001,0.0,0.487000000000009,20.0,1.0,7.0,0,7,0,0.16509162831667204
44,HAM,Lewis Hamilton,Mercedes,8.0,6.0,8.0,Finished,True,8.0,75.504,25.113986013986015,42.023776223776224,48.42657342657343,False,2024,7,Emilia Romagna Grand Prix,Imola,Italy,2024-05-19,8.0,10.2,6.0,4.5497252664309284,0.9,-2.1999999999999993,7.5,1.5,-2.1999999999999993,1.4,0.7580000000000098,13.0,1.0,5.285714285714286,0,7,0,0.16509162831667204
63,RUS,George Russell,Mercedes,6.0,7.0,7.0,Finished,True,6.0,75.234,25.113986013986015,42.023776223776224,48.42657342657343,False,2024,7,Emilia Romagna Grand Prix,Imola,Italy,2024-05-19,7.0,8.8,6.0,4.658325879540847,0.8,-1.8000000000000007,7.5,1.5,-2.8000000000000007,-1.4,0.48799999999999955,4.0,1.0,9.571428571428571,0,7,0,0.16509162831667204
11,PER,Sergio Perez,Red Bull Racing,11.0,8.0,4.0,Finished,True,11.0,75.706,25.113986013986015,42.023776223776224,48.42657342657343,False,2024,7,Emilia Romagna Grand Prix,Imola,Italy,2024-05-19,3.0,3.2,2.0,1.3038404810405277,0.9,-0.20000000000000018,2.1666666666666665,1.5,7.8,-1.6,0.960000000000008,2.0,1.0,6.285714285714286,0,7,0,0.16509162831667204
18,STR,Lance Stroll,Aston Martin,13.0,9.0,2.0,Finished,True,13.0,75.992,25.113986013986015,42.023776223776224,48.42657342657343,False,2024,7,Emilia Romagna Grand Prix,Imola,Italy,2024-05-19,14.666666666666666,13.8,6.0,5.0695167422546294,0.8,0.8666666666666654,11.0,3.5,-0.8000000000000007,6.8,1.2460000000000093,10.0,1.0,8.857142857142858,0,7,0,0.16509162831667204
22,TSU,Yuki Tsunoda,RB,7.0,10.0,1.0,Lapped,True,7.0,75.465,25.113986013986015,42.023776223776224,48.42657342657343,False,2024,7,Emilia Romagna Grand Prix,Imola,Italy,2024-05-19,12.0,11.6,7.0,5.272570530585627,0.8,0.40000000000000036,14.666666666666666,9.5,-4.6,-4.4,0.7190000000000083,7.0,1.0,12.285714285714286,0,7,0,0.16509162831667204
27,HUL,Nico Hulkenberg,Haas F1 Team,10.0,11.0,0.0,Lapped,True,10.0,75.98,25.113986013986015,42.023776223776224,48.42657342657343,False,2024,7,Emilia Romagna Grand Prix,Imola,Italy,2024-05-19,10.666666666666666,10.2,9.0,0.8366600265340736,0.9,0.4666666666666668,13.333333333333334,7.0,-0.1999999999999993,-3.8,1.2340000000000089,,0.0,11.5,0,7,0,0.16509162831667204
20,MAG,Kevin Magnussen,Haas F1 Team,18.0,12.0,0.0,Lapped,True,18.0,76.854,25.113986013986015,42.023776223776224,48.42657342657343,False,2024,7,Emilia Romagna Grand Prix,Imola,Italy,2024-05-19,16.0,14.0,10.0,3.535533905932736,0.8,2.0,13.333333333333334,7.0,4.0,3.8,2.108000000000004,9.0,1.0,15.714285714285714,0,7,0,0.16509162831667204
3,RIC,Daniel Ricciardo,RB,9.0,13.0,0.0,Lapped,True,9.0,75.674,25.113986013986015,42.023776223776224,48.42657342657343,False,2024,7,Emilia Romagna Grand Prix,Imola,Italy,2024-05-19,17.333333333333332,16.0,12.0,2.738612787525831,0.8,1.3333333333333321,14.666666666666666,9.5,-7.0,4.4,0.9280000000000115,18.0,1.0,10.25,0,7,0,0.16509162831667204
31,OCO,Esteban Ocon,Alpine,12.0,14.0,0.0,Lapped,True,12.0,75.906,25.113986013986015,42.023776223776224,48.42657342657343,False,2024,7,Emilia Romagna Grand Prix,Imola,Italy,2024-05-19,12.0,13.0,10.0,2.549509756796393,1.0,-1.0,12.833333333333334,5.0,-1.0,-1.8,1.1600000000000108,14.0,1.0,9.428571428571429,0,7,0,0.16509162831667204
24,ZHO,Guanyu Zhou,Kick Sauber,17.0,15.0,0.0,Lapped,True,17.0,76.834,25.113986013986015,42.023776223776224,48.42657342657343,False,2024,7,Emilia Romagna Grand Prix,Imola,Italy,2024-05-19,15.333333333333334,15.8,14.0,2.0493901531919185,0.8,-0.4666666666666668,16.0,14.5,1.1999999999999993,-0.4,2.088000000000008,15.0,1.0,12.428571428571429,0,7,0,0.16509162831667204
10,GAS,Pierre Gasly,Alpine,15.0,16.0,0.0,Lapped,True,15.0,76.381,25.113986013986015,42.023776223776224,48.42657342657343,False,2024,7,Emilia Romagna Grand Prix,Imola,Italy,2024-05-19,13.666666666666666,14.8,12.0,3.271085446759227,0.9,-1.1333333333333346,12.833333333333334,5.0,0.1999999999999993,1.8,1.6350000000000051,12.0,1.0,12.0,0,7,0,0.16509162831667204
2,SAR,Logan Sargeant,Williams,19.0,17.0,0.0,Lapped,True,20.0,,25.113986013986015,42.023776223776224,48.42657342657343,False,2024,7,Emilia Romagna Grand Prix,Imola,Italy,2024-05-19,18.0,17.6,14.0,2.5099800796022227,0.8,0.3999999999999986,17.333333333333332,9.5,1.3999999999999986,2.4,,,0.0,18.666666666666668,0,7,0,0.16509162831667204
77,BOT,Valtteri Bottas,Kick Sauber,16.0,18.0,0.0,Lapped,True,16.0,76.626,25.113986013986015,42.023776223776224,48.42657342657343,False,2024,7,Emilia Romagna Grand Prix,Imola,Italy,2024-05-19,16.666666666666668,16.2,14.0,2.489979919597746,0.8,0.46666666666666856,16.0,14.5,-0.1999999999999993,0.4,1.8800000000000097,5.0,1.0,10.714285714285714,0,7,0,0.16509162831667204
14,ALO,Fernando Alonso,Aston Martin,20.0,19.0,0.0,Lapped,True,19.0,76.917,25.113986013986015,42.023776223776224,48.42657342657343,False,2024,7,Emilia Romagna Grand Prix,Imola,Italy,2024-05-19,7.333333333333333,7.0,5.0,1.581138830084183,0.9,0.33333333333333304,11.0,3.5,13.0,-6.8,2.1710000000000065,19.0,1.0,7.857142857142857,0,7,0,0.16509162831667204
23,ALB,Alexander Albon,Williams,14.0,20.0,0.0,Retired,False,14.0,76.2,25.113986013986015,42.023776223776224,48.42657342657343,False,2024,7,Emilia Romagna Grand Prix,Imola,Italy,2024-05-19,16.666666666666668,14.4,11.0,4.277849927241488,0.8,2.2666666666666675,17.333333333333332,9.5,-0.40000000000000036,-1.75,1.4540000000000077,11.0,1.0,13.428571428571429,0,7,0,0.16509162831667204
16,LEC,Charles Leclerc,Ferrari,1.0,1.0,25.0,Finished,True,1.0,70.27,21.596499999999995,46.318000000000005,63.99,False,2024,8,Monaco Grand Prix,Monaco,Monaco,2024-05-26,3.3333333333333335,3.2,2.0,0.8366600265340669,0.9,0.1333333333333333,4.166666666666667,1.5,-2.2,-0.6,0.0,5.0,2.0,6.8,0,8,0,0.16730088142305746
81,PIA,Oscar Piastri,McLaren,2.0,2.0,18.0,Finished,True,2.0,70.424,21.596499999999995,46.318000000000005,63.99,False,2024,8,Monaco Grand Prix,Monaco,Monaco,2024-05-26,8.333333333333334,7.4,4.0,3.7148351242013433,1.0,0.9333333333333336,5.0,2.5,-5.4,4.8,0.15400000000001057,10.0,1.0,10.0,0,8,0,0.16730088142305746
55,SAI,Carlos Sainz,Ferrari,3.0,3.0,15.0,Finished,True,3.0,70.518,21.596499999999995,46.318000000000005,63.99,False,2024,8,Monaco Grand Prix,Monaco,Monaco,2024-05-26,5.0,3.8,1.0,1.7888543819998246,0.9,1.2000000000000002,4.166666666666667,1.5,-0.7999999999999998,0.6,0.24800000000000466,5.0,2.0,8.5,0,8,0,0.16730088142305746
4,NOR,Lando Norris,McLaren,4.0,4.0,12.0,Finished,True,4.0,70.542,21.596499999999995,46.318000000000005,63.99,False,2024,8,Monaco Grand Prix,Monaco,Monaco,2024-05-26,1.6666666666666667,2.6,1.0,1.5165750888103189,0.9,-0.9333333333333333,5.0,2.5,1.4,-4.8,0.27200000000000557,7.5,2.0,10.0,0,8,0,0.16730088142305746
63,RUS,George Russell,Mercedes,5.0,5.0,10.0,Finished,True,5.0,70.543,21.596499999999995,46.318000000000005,63.99,False,2024,8,Monaco Grand Prix,Monaco,Monaco,2024-05-26,7.0,9.0,6.0,4.527692569068709,0.8,-2.0,7.0,1.5,-4.0,-0.6,0.27300000000001035,5.0,2.0,5.2,0,8,0,0.16730088142305746
1,VER,Max Verstappen,Red Bull Racing,6.0,6.0,8.0,Finished,True,6.0,70.567,21.596499999999995,46.318000000000005,63.99,False,2024,8,Monaco Grand Prix,Monaco,Monaco,2024-05-26,1.3333333333333333,4.8,1.0,7.949842765740716,0.9,-3.466666666666667,3.1666666666666665,1.5,1.2000000000000002,0.4,0.29699999999999704,2.0,2.0,1.4,0,8,0,0.16730088142305746
44,HAM,Lewis Hamilton,Mercedes,7.0,7.0,7.0,Finished,True,7.0,70.621,21.596499999999995,46.318000000000005,63.99,False,2024,8,Monaco Grand Prix,Monaco,Monaco,2024-05-26,7.0,9.6,6.0,4.929503017546494,0.9,-2.5999999999999996,7.0,1.5,-2.5999999999999996,0.6,0.3509999999999991,6.0,2.0,6.8,0,8,0,0.16730088142305746
22,TSU,Yuki Tsunoda,RB,8.0,8.0,4.0,Lapped,True,8.0,70.858,21.596499999999995,46.318000000000005,63.99,False,2024,8,Monaco Grand Prix,Monaco,Monaco,2024-05-26,12.0,10.6,7.0,4.929503017546495,0.8,1.4000000000000004,13.666666666666666,9.5,-2.5999999999999996,-4.8,0.5880000000000081,16.0,2.0,13.6,0,8,0,0.16730088142305746
23,ALB,Alexander Albon,Williams,9.0,9.0,2.0,Lapped,True,9.0,70.948,21.596499999999995,46.318000000000005,63.99,False,2024,8,Monaco Grand Prix,Monaco,Monaco,2024-05-26,16.666666666666668,16.2,11.0,4.381780460041329,0.7,0.46666666666666856,17.333333333333332,9.5,-7.199999999999999,-0.25,0.6779999999999973,16.0,2.0,13.6,0,8,0,0.16730088142305746
10,GAS,Pierre Gasly,Alpine,10.0,10.0,1.0,Lapped,True,10.0,71.311,21.596499999999995,46.318000000000005,63.99,False,2024,8,Monaco Grand Prix,Monaco,Monaco,2024-05-26,13.666666666666666,14.0,12.0,1.8708286933869747,0.9,-0.3333333333333339,12.666666666666666,5.0,-4.0,0.8,1.041000000000011,9.0,2.0,11.2,0,8,0,0.16730088142305746
14,ALO,Fernando Alonso,Aston Martin,14.0,11.0,0.0,Lapped,True,14.0,72.019,21.596499999999995,46.318000000000005,63.99,False,2024,8,Monaco Grand Prix,Monaco,Monaco,2024-05-26,11.666666666666666,9.8,6.0,5.263078946776305,1.0,1.8666666666666654,12.666666666666666,3.5,4.199999999999999,-2.0,1.7490000000000094,4.5,2.0,7.0,0,8,0,0.16730088142305746
3,RIC,Daniel Ricciardo,RB,12.0,12.0,0.0,Lapped,True,12.0,71.482,21.596499999999995,46.318000000000005,63.99,False,2024,8,Monaco Grand Prix,Monaco,Monaco,2024-05-26,15.333333333333334,15.4,12.0,3.0495901363953815,0.8,-0.06666666666666643,13.666666666666666,9.5,-3.4000000000000004,4.8,1.2120000000000033,13.0,1.0,13.666666666666666,0,8,0,0.16730088142305746
77,BOT,Valtteri Bottas,Kick Sauber,17.0,13.0,0.0,Lapped,True,17.0,72.512,21.596499999999995,46.318000000000005,63.99,False,2024,8,Monaco Grand Prix,Monaco,Monaco,2024-05-26,18.0,16.4,14.0,2.6076809620810595,0.8,1.6000000000000014,16.166666666666668,14.5,0.6000000000000014,1.2,2.2420000000000044,10.0,2.0,15.8,0,8,0,0.16730088142305746
18,STR,Lance Stroll,Aston Martin,13.0,14.0,0.0,Lapped,True,13.0,71.563,21.596499999999995,46.318000000000005,63.99,False,2024,8,Monaco Grand Prix,Monaco,Monaco,2024-05-26,13.666666666666666,11.8,6.0,4.438468204234429,0.9,1.8666666666666654,12.666666666666666,3.5,1.1999999999999993,2.0,1.2930000000000064,17.0,2.0,15.0,0,8,0,0.16730088142305746
2,SAR,Logan Sargeant,Williams,15.0,15.0,0.0,Lapped,True,15.0,72.02,21.596499999999995,46.318000000000005,63.99,False,2024,8,Monaco Grand Prix,Monaco,Monaco,2024-05-26,18.0,17.0,14.0,2.121320343559638,0.8,1.0,17.333333333333332,9.5,-2.0,0.8,1.75,18.0,1.0,15.333333333333334,0,8,0,0.16730088142305746
24,ZHO,Guanyu Zhou,Kick Sauber,18.0,16.0,0.0,Lapped,True,18.0,73.028,21.596499999999995,46.318000000000005,63.99,False,2024,8,Monaco Grand Prix,Monaco,Monaco,2024-05-26,14.333333333333334,15.2,14.0,1.6431676725154971,0.8,-0.8666666666666654,16.166666666666668,14.5,2.8000000000000007,-1.2,2.7580000000000098,14.5,2.0,15.8,0,8,0,0.16730088142305746
31,OCO,Esteban Ocon,Alpine,11.0,17.0,0.0,Retired,False,11.0,71.285,21.596499999999995,46.318000000000005,63.99,False,2024,8,Monaco Grand Prix,Monaco,Monaco,2024-05-26,11.666666666666666,13.2,10.0,2.5884358211089578,1.0,-1.5333333333333332,12.666666666666666,5.0,-2.1999999999999993,-0.8,1.0150000000000006,7.5,2.0,10.4,0,8,0,0.16730088142305746
11,PER,Sergio Perez,Red Bull Racing,16.0,18.0,0.0,Retired,False,16.0,72.06,21.596499999999995,46.318000000000005,63.99,False,2024,8,Monaco Grand Prix,Monaco,Monaco,2024-05-26,5.0,4.4,2.0,2.3021728866442666,1.0,0.5999999999999996,3.1666666666666665,1.5,11.6,-0.4,1.7900000000000063,8.5,2.0,2.0,0,8,0,0.16730088142305746
27,HUL,Nico Hulkenberg,Haas F1 Team,19.0,19.0,0.0,Retired,False,14.0,71.44,21.596499999999995,46.318000000000005,63.99,False,2024,8,Monaco Grand Prix,Monaco,Monaco,2024-05-26,10.666666666666666,10.4,9.0,0.894427190999914,0.9,0.2666666666666657,13.166666666666666,7.0,8.6,-3.6,1.1700000000000017,17.0,1.0,12.75,0,8,0,0.16730088142305746
20,MAG,Kevin Magnussen,Haas F1 Team,20.0,20.0,0.0,Retired,False,15.0,71.725,21.596499999999995,46.318000000000005,63.99,False,2024,8,Monaco Grand Prix,Monaco,Monaco,2024-05-26,15.666666666666666,14.0,10.0,3.535533905932736,0.9,1.666666666666666,13.166666666666666,7.0,6.0,3.6,1.4549999999999983,19.5,2.0,12.2,0,8,0,0.16730088142305746
1,VER,Max Verstappen,Red Bull Racing,2.0,1.0,25.0,Finished,True,,,17.797345132743363,24.569911504424784,73.38053097345133,True,2024,9,Canadian Grand Prix,Montréal,Canada,2024-06-09,3.0,2.2,1.0,2.1679483388678795,0.9,0.7999999999999998,6.5,1.5,-0.20000000000000018,-4.8,,1.0,2.0,6.142857142857143,1,9,0,0.17180847581540287
4,NOR,Lando Norris,McLaren,3.0,2.0,18.0,Finished,True,,,17.797345132743363,24.569911504424784,73.38053097345133,True,2024,9,Canadian Grand Prix,Montréal,Canada,2024-06-09,2.3333333333333335,2.8,1.0,1.6431676725155064,0.9,-0.46666666666666634,4.333333333333333,2.5,0.20000000000000018,-4.2,,14.0,2.0,5.285714285714286,1,9,0,0.17180847581540287
63,RUS,George Russell,Mercedes,1.0,3.0,15.0,Finished,True,,,17.797345132743363,24.569911504424784,73.38053097345133,True,2024,9,Canadian Grand Prix,Montréal,Canada,2024-06-09,6.666666666666667,6.6,5.0,1.1401754250991394,0.9,0.06666666666666732,6.5,1.5,-5.6,-0.8,,11.5,2.0,8.571428571428571,1,9,0,0.17180847581540287
44,HAM,Lewis Hamilton,Mercedes,7.0,4.0,13.0,Finished,True,,,17.797345132743363,24.569911504424784,73.38053097345133,True,2024,9,Canadian Grand Prix,Montréal,Canada,2024-06-09,6.333333333333333,7.4,6.0,1.5165750888103053,0.9,-1.0666666666666673,6.5,1.5,-0.40000000000000036,0.8,,3.0,2.0,7.571428571428571,1,9,0,0.17180847581540287
81,PIA,Oscar Piastri,McLaren,4.0,5.0,10.0,Finished,True,,,17.797345132743363,24.569911504424784,73.38053097345133,True,2024,9,Canadian Grand Prix,Montréal,Canada,2024-06-09,6.333333333333333,7.0,2.0,4.242640687119286,1.0,-0.666666666666667,4.333333333333333,2.5,-3.0,4.2,,11.0,1.0,6.75,1,9,0,0.17180847581540287
14,ALO,Fernando Alonso,Aston Martin,6.0,6.0,8.0,Finished,True,,,17.797345132743363,24.569911504424784,73.38053097345133,True,2024,9,Canadian Grand Prix,Montréal,Canada,2024-06-09,13.0,10.4,6.0,5.176871642217912,1.0,2.5999999999999996,13.166666666666666,3.5,-4.4,-3.0,,5.5,2.0,11.0,1,9,0,0.17180847581540287
18,STR,Lance Stroll,Aston Martin,9.0,7.0,6.0,Finished,True,,,17.797345132743363,24.569911504424784,73.38053097345133,True,2024,9,Canadian Grand Prix,Montréal,Canada,2024-06-09,13.333333333333334,13.4,9.0,3.04959013639538,0.9,-0.06666666666666643,13.166666666666666,3.5,-4.4,3.0,,9.5,2.0,9.142857142857142,1,9,0,0.17180847581540287
3,RIC,Daniel Ricciardo,RB,5.0,8.0,4.0,Finished,True,,,17.797345132743363,24.569911504424784,73.38053097345133,True,2024,9,Canadian Grand Prix,Montréal,Canada,2024-06-09,13.333333333333334,15.4,12.0,3.0495901363953815,0.8,-2.0666666666666664,10.833333333333334,9.5,-10.4,4.6,,11.0,1.0,11.4,1,9,0,0.17180847581540287
10,GAS,Pierre Gasly,Alpine,15.0,9.0,2.0,Finished,True,,,17.797345132743363,24.569911504424784,73.38053097345133,True,2024,9,Canadian Grand Prix,Montréal,Canada,2024-06-09,12.666666666666666,13.4,10.0,2.607680962081062,0.9,-0.7333333333333343,13.166666666666666,5.0,1.5999999999999996,0.0,,13.0,2.0,11.714285714285714,1,9,0,0.17180847581540287
31,OCO,Esteban Ocon,Alpine,18.0,10.0,1.0,Finished,True,,,17.797345132743363,24.569911504424784,73.38053097345133,True,2024,9,Canadian Grand Prix,Montréal,Canada,2024-06-09,13.666666666666666,13.4,10.0,2.880972058177587,0.9,0.2666666666666657,13.166666666666666,5.0,4.6,0.0,,7.0,2.0,12.857142857142858,1,9,0,0.17180847581540287
27,HUL,Nico Hulkenberg,Haas F1 Team,17.0,11.0,0.0,Finished,True,,,17.797345132743363,24.569911504424784,73.38053097345133,True,2024,9,Canadian Grand Prix,Montréal,Canada,2024-06-09,13.666666666666666,12.4,10.0,3.7148351242013415,0.8,1.2666666666666657,15.333333333333334,7.0,4.6,-3.6,,15.0,1.0,11.0,1,9,0,0.17180847581540287
20,MAG,Kevin Magnussen,Haas F1 Team,14.0,12.0,0.0,Finished,True,,,17.797345132743363,24.569911504424784,73.38053097345133,True,2024,9,Canadian Grand Prix,Montréal,Canada,2024-06-09,17.0,16.0,12.0,3.535533905932738,0.9,1.0,15.333333333333334,7.0,-2.0,3.6,,17.0,2.0,13.142857142857142,1,9,0,0.17180847581540287
77,BOT,Valtteri Bottas,Kick Sauber,19.0,13.0,0.0,Finished,True,,,17.797345132743363,24.569911504424784,73.38053097345133,True,2024,9,Canadian Grand Prix,Montréal,Canada,2024-06-09,15.666666666666666,16.2,13.0,2.86356421265527,0.9,-0.5333333333333332,15.333333333333334,14.5,2.8000000000000007,0.8,,8.5,2.0,12.142857142857142,1,9,0,0.17180847581540287
22,TSU,Yuki Tsunoda,RB,8.0,14.0,0.0,Finished,True,,,17.797345132743363,24.569911504424784,73.38053097345133,True,2024,9,Canadian Grand Prix,Montréal,Canada,2024-06-09,8.333333333333334,10.8,7.0,4.764451699828638,0.8,-2.466666666666667,10.833333333333334,9.5,-2.8000000000000007,-4.6,,16.0,2.0,10.285714285714286,1,9,0,0.17180847581540287
24,ZHO,Guanyu Zhou,Kick Sauber,20.0,15.0,0.0,Lapped,True,,,17.797345132743363,24.569911504424784,73.38053097345133,True,2024,9,Canadian Grand Prix,Montréal,Canada,2024-06-09,15.0,15.4,14.0,1.6733200530681498,0.9,-0.40000000000000036,15.333333333333334,14.5,4.6,-0.8,,12.0,2.0,14.571428571428571,1,9,0,0.17180847581540287
55,SAI,Carlos Sainz,Ferrari,12.0,16.0,0.0,Retired,False,,,17.797345132743363,24.569911504424784,73.38053097345133,True,2024,9,Canadian Grand Prix,Montréal,Canada,2024-06-09,4.333333333333333,4.2,3.0,1.095445115010322,0.9,0.13333333333333286,3.3333333333333335,1.5,7.8,1.2,,3.5,2.0,11.857142857142858,1,9,0,0.17180847581540287
23,ALB,Alexander Albon,Williams,10.0,17.0,0.0,Retired,False,,,17.797345132743363,24.569911504424784,73.38053097345133,True,2024,9,Canadian Grand Prix,Montréal,Canada,2024-06-09,15.666666666666666,15.8,9.0,5.019960159204453,0.8,-0.13333333333333464,16.5,9.5,-5.800000000000001,-1.4,,10.0,2.0,13.571428571428571,1,9,0,0.17180847581540287
11,PER,Sergio Perez,Red Bull Racing,16.0,18.0,0.0,Retired,False,,,17.797345132743363,24.569911504424784,73.38053097345133,True,2024,9,Canadian Grand Prix,Montréal,Canada,2024-06-09,10.0,7.0,2.0,6.557438524302,0.9,3.0,6.5,1.5,9.0,4.8,,13.0,2.0,3.5714285714285716,1,9,0,0.17180847581540287
16,LEC,Charles Leclerc,Ferrari,11.0,19.0,0.0,Retired,False,,,17.797345132743363,24.569911504424784,73.38053097345133,True,2024,9,Canadian Grand Prix,Montréal,Canada,2024-06-09,2.3333333333333335,3.0,1.0,1.2247448713915832,1.0,-0.6666666666666665,3.3333333333333335,1.5,8.0,-1.2,,4.5,2.0,7.714285714285714,1,9,0,0.17180847581540287
2,SAR,Logan Sargeant,Williams,13.0,20.0,0.0,Retired,False,,,17.797345132743363,24.569911504424784,73.38053097345133,True,2024,9,Canadian Grand Prix,Montréal,Canada,2024-06-09,17.333333333333332,17.2,15.0,1.7888543819998262,0.9,0.13333333333333286,16.5,9.5,-4.199999999999999,1.4,,20.0,1.0,16.333333333333332,1,9,0,0.17180847581540287
1,VER,Max Verstappen,Red Bull Racing,2.0,1.0,25.0,Finished,True,2.0,71.403,24.132467532467533,41.096103896103905,63.44155844155844,True,2024,10,Spanish Grand Prix,Barcelona,Spain,2024-06-23,2.6666666666666665,2.2,1.0,2.1679483388678795,0.9,0.46666666666666634,8.666666666666666,1.5,-0.20000000000000018,-8.0,0.020000000000010232,1.0,2.0,1.0,1,10,0,0.17643751850516953
4,NOR,Lando Norris,McLaren,1.0,2.0,19.0,Finished,True,1.0,71.383,24.132467532467533,41.096103896103905,63.44155844155844,True,2024,10,Spanish Grand Prix,Barcelona,Spain,2024-06-23,2.6666666666666665,2.2,1.0,1.0954451150103444,1.0,0.46666666666666634,3.1666666666666665,2.5,-1.2000000000000002,-4.2,0.0,12.5,2.0,6.2,1,10,0,0.17643751850516953
44,HAM,Lewis Hamilton,Mercedes,3.0,3.0,15.0,Finished,True,3.0,71.701,24.132467532467533,41.096103896103905,63.44155844155844,True,2024,10,Spanish Grand Prix,Barcelona,Spain,2024-06-23,5.666666666666667,6.4,4.0,1.8165902124584912,0.9,-0.7333333333333334,5.333333333333333,1.5,-3.4000000000000004,0.6,0.31799999999999784,3.5,2.0,5.8,1,10,0,0.17643751850516953
63,RUS,George Russell,Mercedes,4.0,4.0,12.0,Finished,True,4.0,71.703,24.132467532467533,41.096103896103905,63.44155844155844,True,2024,10,Spanish Grand Prix,Barcelona,Spain,2024-06-23,5.0,5.8,3.0,1.9235384061671352,0.9,-0.7999999999999998,5.333333333333333,1.5,-1.7999999999999998,-0.6,0.3200000000000074,3.0,2.0,8.2,1,10,0,0.17643751850516953
16,LEC,Charles Leclerc,Ferrari,5.0,5.0,10.0,Finished,True,5.0,71.731,24.132467532467533,41.096103896103905,63.44155844155844,True,2024,10,Spanish Grand Prix,Barcelona,Spain,2024-06-23,7.666666666666667,6.0,1.0,7.348469228349534,0.9,1.666666666666667,7.833333333333333,1.5,-1.0,-0.8,0.347999999999999,15.5,2.0,6.6,1,10,0,0.17643751850516953
55,SAI,Carlos Sainz,Ferrari,6.0,6.0,8.0,Finished,True,6.0,71.736,24.132467532467533,41.096103896103905,63.44155844155844,True,2024,10,Spanish Grand Prix,Barcelona,Spain,2024-06-23,8.0,6.8,3.0,5.215361924162119,0.8,1.2000000000000002,7.833333333333333,1.5,-0.7999999999999998,0.8,0.35300000000000864,4.5,2.0,8.2,1,10,0,0.17643751850516953
81,PIA,Oscar Piastri,McLaren,9.0,7.0,6.0,Finished,True,10.0,72.011,24.132467532467533,41.096103896103905,63.44155844155844,True,2024,10,Spanish Grand Prix,Barcelona,Spain,2024-06-23,3.6666666666666665,6.4,2.0,4.277849927241489,1.0,-2.733333333333334,3.1666666666666665,2.5,2.5999999999999996,4.2,0.6280000000000001,13.0,1.0,6.666666666666667,1,10,0,0.17643751850516953
11,PER,Sergio Perez,Red Bull Racing,11.0,8.0,4.0,Finished,True,8.0,72.061,24.132467532467533,41.096103896103905,63.44155844155844,True,2024,10,Spanish Grand Prix,Barcelona,Spain,2024-06-23,14.666666666666666,10.2,3.0,7.362064927722384,0.8,4.466666666666667,8.666666666666666,1.5,0.8000000000000007,8.0,0.6780000000000115,3.0,2.0,6.4,1,10,0,0.17643751850516953
10,GAS,Pierre Gasly,Alpine,7.0,9.0,2.0,Finished,True,7.0,71.857,24.132467532467533,41.096103896103905,63.44155844155844,True,2024,10,Spanish Grand Prix,Barcelona,Spain,2024-06-23,11.666666666666666,12.0,9.0,2.7386127875258333,0.9,-0.3333333333333339,12.666666666666666,5.0,-5.0,-0.4,0.47400000000000375,11.5,2.0,11.6,1,10,0,0.17643751850516953
31,OCO,Esteban Ocon,Alpine,8.0,10.0,1.0,Finished,True,9.0,72.125,24.132467532467533,41.096103896103905,63.44155844155844,True,2024,10,Spanish Grand Prix,Barcelona,Spain,2024-06-23,13.666666666666666,12.4,10.0,3.0495901363953815,0.9,1.2666666666666657,12.666666666666666,5.0,-4.4,0.4,0.7420000000000044,7.5,2.0,9.4,1,10,0,0.17643751850516953
27,HUL,Nico Hulkenberg,Haas F1 Team,13.0,11.0,0.0,Finished,True,13.0,72.31,24.132467532467533,41.096103896103905,63.44155844155844,True,2024,10,Spanish Grand Prix,Barcelona,Spain,2024-06-23,13.666666666666666,12.4,10.0,3.7148351242013415,0.9,1.2666666666666657,14.166666666666666,7.0,0.5999999999999996,-3.4,0.9270000000000067,15.0,1.0,12.333333333333334,1,10,0,0.17643751850516953
14,ALO,Fernando Alonso,Aston Martin,10.0,12.0,0.0,Lapped,True,11.0,72.128,24.132467532467533,41.096103896103905,63.44155844155844,True,2024,10,Spanish Grand Prix,Barcelona,Spain,2024-06-23,12.0,10.4,6.0,5.176871642217912,1.0,1.5999999999999996,11.0,3.5,-0.40000000000000036,-2.0,0.7450000000000045,8.0,2.0,5.8,1,10,0,0.17643751850516953
24,ZHO,Guanyu Zhou,Kick Sauber,15.0,13.0,0.0,Lapped,True,15.0,72.738,24.132467532467533,41.096103896103905,63.44155844155844,True,2024,10,Spanish Grand Prix,Barcelona,Spain,2024-06-23,15.333333333333334,14.8,14.0,0.8366600265340729,0.9,0.5333333333333332,15.0,14.0,0.1999999999999993,-1.2,1.355000000000004,14.0,2.0,16.2,1,10,0,0.17643751850516953
18,STR,Lance Stroll,Aston Martin,14.0,14.0,0.0,Lapped,True,14.0,72.372,24.132467532467533,41.096103896103905,63.44155844155844,True,2024,10,Spanish Grand Prix,Barcelona,Spain,2024-06-23,10.0,12.4,7.0,4.219004621945796,0.9,-2.4000000000000004,11.0,3.5,1.5999999999999996,2.0,0.9890000000000043,10.5,2.0,12.6,1,10,0,0.17643751850516953
3,RIC,Daniel Ricciardo,RB,18.0,15.0,0.0,Lapped,True,18.0,73.075,24.132467532467533,41.096103896103905,63.44155844155844,True,2024,10,Spanish Grand Prix,Barcelona,Spain,2024-06-23,11.0,13.2,8.0,3.7013511046643495,0.8,-2.1999999999999993,10.833333333333334,9.5,4.800000000000001,1.6,1.6920000000000073,12.0,1.0,15.666666666666666,1,10,0,0.17643751850516953
77,BOT,Valtteri Bottas,Kick Sauber,12.0,16.0,0.0,Lapped,True,12.0,72.227,24.132467532467533,41.096103896103905,63.44155844155844,True,2024,10,Spanish Grand Prix,Barcelona,Spain,2024-06-23,14.666666666666666,16.0,13.0,3.0822070014844876,0.9,-1.333333333333334,15.0,14.0,-4.0,1.2,0.8440000000000083,12.5,2.0,16.4,1,10,0,0.17643751850516953
20,MAG,Kevin Magnussen,Haas F1 Team,16.0,17.0,0.0,Lapped,True,16.0,72.937,24.132467532467533,41.096103896103905,63.44155844155844,True,2024,10,Spanish Grand Prix,Barcelona,Spain,2024-06-23,14.666666666666666,15.8,12.0,3.768288736283355,0.9,-1.1333333333333346,14.166666666666666,7.0,0.1999999999999993,3.4,1.554000000000002,17.5,2.0,14.6,1,10,0,0.17643751850516953
23,ALB,Alexander Albon,Williams,20.0,18.0,0.0,Lapped,True,19.0,73.153,24.132467532467533,41.096103896103905,63.44155844155844,True,2024,10,Spanish Grand Prix,Barcelona,Spain,2024-06-23,15.333333333333334,15.2,9.0,4.54972526643093,0.7,0.13333333333333464,16.333333333333332,9.5,4.800000000000001,-2.6,1.7700000000000102,17.0,2.0,15.2,1,10,0,0.17643751850516953
22,TSU,Yuki Tsunoda,RB,17.0,19.0,0.0,Lapped,True,17.0,72.985,24.132467532467533,41.096103896103905,63.44155844155844,True,2024,10,Spanish Grand Prix,Barcelona,Spain,2024-06-23,10.666666666666666,11.6,7.0,4.929503017546495,0.9,-0.9333333333333336,10.833333333333334,9.5,5.4,-1.6,1.6020000000000039,11.0,2.0,14.0,1,10,0,0.17643751850516953
2,SAR,Logan Sargeant,Williams,19.0,20.0,0.0,Lapped,True,20.0,73.509,24.132467532467533,41.096103896103905,63.44155844155844,True,2024,10,Spanish Grand Prix,Barcelona,Spain,2024-06-23,17.333333333333332,17.8,15.0,2.167948338867875,0.8,-0.46666666666666856,16.333333333333332,9.5,1.1999999999999993,2.6,2.1260000000000048,20.0,1.0,18.0,1,10,0,0.17643751850516953
63,RUS,George Russell,Mercedes,3.0,1.0,25.0,Finished,True,3.0,64.84,29.42587412587413,46.420979020979026,35.00699300699301,True,2024,11,Austrian Grand Prix,Spielberg,Austria,2024-06-30,4.0,5.4,3.0,2.073644135332773,0.9,-1.4000000000000004,4.333333333333333,1.5,-2.4000000000000004,0.2,0.5260000000000105,5.5,2.0,,1,11,0,0.17879860210350196
81,PIA,Oscar Piastri,McLaren,7.0,2.0,18.0,Finished,True,7.0,65.048,29.42587412587413,46.420979020979026,35.00699300699301,True,2024,11,Austrian Grand Prix,Spielberg,Austria,2024-06-30,4.666666666666667,6.2,2.0,4.207136793592527,1.0,-1.5333333333333332,3.6666666666666665,2.5,0.7999999999999998,4.0,0.7340000000000089,16.0,1.0,,1,11,0,0.17879860210350196
55,SAI,Carlos Sainz,Ferrari,4.0,3.0,15.0,Finished,True,4.0,64.851,29.42587412587413,46.420979020979026,35.00699300699301,True,2024,11,Austrian Grand Prix,Spielberg,Austria,2024-06-30,8.333333333333334,7.0,3.0,5.1478150704935,0.8,1.333333333333334,8.333333333333334,1.5,-3.0,0.8,0.5370000000000061,12.0,2.0,,1,11,0,0.17879860210350196
44,HAM,Lewis Hamilton,Mercedes,5.0,4.0,12.0,Finished,True,5.0,64.903,29.42587412587413,46.420979020979026,35.00699300699301,True,2024,11,Austrian Grand Prix,Spielberg,Austria,2024-06-30,4.666666666666667,5.2,3.0,1.6431676725154942,0.9,-0.5333333333333332,4.333333333333333,1.5,-0.20000000000000018,-0.2,0.5890000000000128,5.5,2.0,,1,11,0,0.17879860210350196
1,VER,Max Verstappen,Red Bull Racing,1.0,5.0,10.0,Finished,True,1.0,64.314,29.42587412587413,46.420979020979026,35.00699300699301,True,2024,11,Austrian Grand Prix,Spielberg,Austria,2024-06-30,2.6666666666666665,2.2,1.0,2.1679483388678795,0.9,0.46666666666666634,8.666666666666666,1.5,-1.2000000000000002,-9.0,0.0,1.5,2.0,,1,11,0,0.17879860210350196
27,HUL,Nico Hulkenberg,Haas F1 Team,9.0,6.0,8.0,Finished,True,9.0,65.385,29.42587412587413,46.420979020979026,35.00699300699301,True,2024,11,Austrian Grand Prix,Spielberg,Austria,2024-06-30,13.666666666666666,12.6,11.0,3.5777087639996625,0.9,1.0666666666666664,15.0,7.0,-3.5999999999999996,-3.4,1.0710000000000122,20.0,1.0,,1,11,0,0.17879860210350196
11,PER,Sergio Perez,Red Bull Racing,8.0,7.0,6.0,Finished,True,8.0,65.202,29.42587412587413,46.420979020979026,35.00699300699301,True,2024,11,Austrian Grand Prix,Spielberg,Austria,2024-06-30,14.666666666666666,11.2,4.0,6.418722614352485,0.8,3.466666666666667,8.666666666666666,1.5,-3.1999999999999993,9.0,0.8880000000000052,11.5,2.0,,1,11,0,0.17879860210350196
20,MAG,Kevin Magnussen,Haas F1 Team,12.0,8.0,4.0,Finished,True,12.0,65.347,29.42587412587413,46.420979020979026,35.00699300699301,True,2024,11,Austrian Grand Prix,Spielberg,Austria,2024-06-30,16.333333333333332,16.0,12.0,3.8078865529319548,0.9,0.33333333333333215,15.0,7.0,-4.0,3.4,1.0330000000000013,13.0,2.0,,1,11,0,0.17879860210350196
3,RIC,Daniel Ricciardo,RB,11.0,9.0,2.0,Finished,True,11.0,65.289,29.42587412587413,46.420979020979026,35.00699300699301,True,2024,11,Austrian Grand Prix,Spielberg,Austria,2024-06-30,11.666666666666666,12.6,8.0,2.8809720581775866,0.8,-0.9333333333333336,12.666666666666666,9.5,-1.5999999999999996,1.0,0.9750000000000085,9.0,1.0,,1,11,0,0.17879860210350196
10,GAS,Pierre Gasly,Alpine,13.0,10.0,1.0,Finished,True,13.0,65.359,29.42587412587413,46.420979020979026,35.00699300699301,True,2024,11,Austrian Grand Prix,Spielberg,Austria,2024-06-30,9.333333333333334,11.2,9.0,2.949576240750528,0.9,-1.8666666666666654,10.833333333333334,5.0,1.8000000000000007,-1.0,1.0450000000000017,12.5,2.0,,1,11,0,0.17879860210350196
16,LEC,Charles Leclerc,Ferrari,6.0,11.0,0.0,Finished,True,6.0,65.044,29.42587412587413,46.420979020979026,35.00699300699301,True,2024,11,Austrian Grand Prix,Spielberg,Austria,2024-06-30,8.333333333333334,6.2,1.0,7.293833011524187,0.9,2.1333333333333337,8.333333333333334,1.5,-0.20000000000000018,-0.8,0.730000000000004,1.5,2.0,,1,11,0,0.17879860210350196
31,OCO,Esteban Ocon,Alpine,10.0,12.0,0.0,Finished,True,10.0,65.883,29.42587412587413,46.420979020979026,35.00699300699301,True,2024,11,Austrian Grand Prix,Spielberg,Austria,2024-06-30,12.333333333333334,12.2,10.0,3.1937438845342627,0.9,0.13333333333333464,10.833333333333334,5.0,-2.1999999999999993,1.0,1.5690000000000026,9.5,2.0,,1,11,0,0.17879860210350196
18,STR,Lance Stroll,Aston Martin,17.0,13.0,0.0,Lapped,True,17.0,65.819,29.42587412587413,46.420979020979026,35.00699300699301,True,2024,11,Austrian Grand Prix,Spielberg,Austria,2024-06-30,11.666666666666666,12.2,7.0,4.086563348340509,0.9,-0.5333333333333332,10.666666666666666,3.5,4.800000000000001,0.8,1.5050000000000097,11.0,2.0,,1,11,0,0.17879860210350196
22,TSU,Yuki Tsunoda,RB,14.0,14.0,0.0,Lapped,True,14.0,65.412,29.42587412587413,46.420979020979026,35.00699300699301,True,2024,11,Austrian Grand Prix,Spielberg,Austria,2024-06-30,13.666666666666666,11.6,7.0,4.929503017546495,0.9,2.0666666666666664,12.666666666666666,9.5,2.4000000000000004,-1.0,1.0980000000000132,17.5,2.0,,1,11,0,0.17879860210350196
23,ALB,Alexander Albon,Williams,16.0,15.0,0.0,Lapped,True,16.0,65.736,29.42587412587413,46.420979020979026,35.00699300699301,True,2024,11,Austrian Grand Prix,Spielberg,Austria,2024-06-30,14.666666666666666,16.4,9.0,4.277849927241488,0.7,-1.7333333333333325,16.5,9.5,-0.3999999999999986,-2.0,1.4220000000000113,11.5,2.0,,1,11,0,0.17879860210350196
77,BOT,Valtteri Bottas,Kick Sauber,18.0,16.0,0.0,Lapped,True,18.0,65.847,29.42587412587413,46.420979020979026,35.00699300699301,True,2024,11,Austrian Grand Prix,Spielberg,Austria,2024-06-30,14.0,15.2,13.0,2.167948338867876,0.9,-1.1999999999999993,14.333333333333334,14.0,2.8000000000000007,0.6,1.5330000000000013,13.0,2.0,,1,11,0,0.17879860210350196
24,ZHO,Guanyu Zhou,Kick Sauber,20.0,17.0,0.0,Lapped,True,20.0,66.061,29.42587412587413,46.420979020979026,35.00699300699301,True,2024,11,Austrian Grand Prix,Spielberg,Austria,2024-06-30,14.666666666666666,14.6,13.0,1.140175425099136,0.9,0.06666666666666643,14.333333333333334,14.0,5.4,-0.6,1.747000000000014,13.0,2.0,,1,11,0,0.17879860210350196
14,ALO,Fernando Alonso,Aston Martin,15.0,18.0,0.0,Lapped,True,15.0,65.639,29.42587412587413,46.420979020979026,35.00699300699301,True,2024,11,Austrian Grand Prix,Spielberg,Austria,2024-06-30,9.666666666666666,11.4,6.0,4.827007354458866,1.0,-1.7333333333333343,10.666666666666666,3.5,3.5999999999999996,-0.8,1.3250000000000028,7.5,2.0,,1,11,0,0.17879860210350196
2,SAR,Logan Sargeant,Williams,19.0,19.0,0.0,Lapped,True,19.0,65.856,29.42587412587413,46.420979020979026,35.00699300699301,True,2024,11,Austrian Grand Prix,Spielberg,Austria,2024-06-30,18.333333333333332,18.4,15.0,2.302172886644263,0.8,-0.06666666666666643,16.5,9.5,0.6000000000000014,2.0,1.5420000000000016,13.0,1.0,,1,11,0,0.17879860210350196
4,NOR,Lando Norris,McLaren,2.0,20.0,0.0,Lapped,True,2.0,64.718,29.42587412587413,46.420979020979026,35.00699300699301,True,2024,11,Austrian Grand Prix,Spielberg,Austria,2024-06-30,2.6666666666666665,2.2,1.0,1.0954451150103444,1.0,0.46666666666666634,3.6666666666666665,2.5,-0.20000000000000018,-4.0,0.4040000000000106,5.5,2.0,,1,11,0,0.17879860210350196
44,HAM,Lewis Hamilton,Mercedes,2.0,1.0,25.0,Finished,True,2.0,85.99,15.77074829931973,27.670068027210885,67.33333333333333,True,2024,12,British Grand Prix,Silverstone,United Kingdom,2024-07-07,3.6666666666666665,4.8,3.0,1.6431676725154944,0.9,-1.1333333333333333,3.1666666666666665,1.5,-2.8,0.8,0.17099999999999227,3.0,2.0,9.142857142857142,1,12,0,0.1811912816787306
1,VER,Max Verstappen,Red Bull Racing,4.0,2.0,18.0,Finished,True,4.0,86.203,15.77074829931973,27.670068027210885,67.33333333333333,True,2024,12,British Grand Prix,Silverstone,United Kingdom,2024-07-07,2.3333333333333335,2.8,1.0,2.489979919597746,0.9,-0.46666666666666634,6.666666666666667,1.5,1.2000000000000002,-9.0,0.38400000000000034,4.0,2.0,1.0,1,12,0,0.1811912816787306
4,NOR,Lando Norris,McLaren,3.0,3.0,15.0,Finished,True,3.0,86.03,15.77074829931973,27.670068027210885,67.33333333333333,True,2024,12,British Grand Prix,Silverstone,United Kingdom,2024-07-07,8.0,6.0,2.0,7.874007874011813,1.0,2.0,6.333333333333333,2.5,-3.0,2.0,0.21099999999999852,4.0,2.0,6.285714285714286,1,12,0,0.1811912816787306
81,PIA,Oscar Piastri,McLaren,5.0,4.0,12.0,Finished,True,5.0,86.237,15.77074829931973,27.670068027210885,67.33333333333333,True,2024,12,British Grand Prix,Silverstone,United Kingdom,2024-07-07,4.666666666666667,4.0,2.0,2.121320343559644,1.0,0.666666666666667,6.333333333333333,2.5,1.0,-2.0,0.41799999999999216,4.0,1.0,12.0,1,12,0,0.1811912816787306
55,SAI,Carlos Sainz,Ferrari,7.0,5.0,11.0,Finished,True,7.0,86.509,15.77074829931973,27.670068027210885,67.33333333333333,True,2024,12,British Grand Prix,Silverstone,United Kingdom,2024-07-07,8.333333333333334,6.6,3.0,5.412947441089743,0.9,1.7333333333333343,10.0,1.5,0.40000000000000036,-1.2,0.6899999999999977,5.5,2.0,10.428571428571429,1,12,0,0.1811912816787306
27,HUL,Nico Hulkenberg,Haas F1 Team,6.0,6.0,8.0,Finished,True,6.0,86.338,15.77074829931973,27.670068027210885,67.33333333333333,True,2024,12,British Grand Prix,Silverstone,United Kingdom,2024-07-07,9.333333333333334,11.6,6.0,4.6690470119715,0.9,-2.2666666666666657,10.833333333333334,7.0,-5.6,-2.2,0.5189999999999912,13.0,1.0,13.5,1,12,0,0.1811912816787306
18,STR,Lance Stroll,Aston Martin,8.0,7.0,6.0,Finished,True,8.0,86.585,15.77074829931973,27.670068027210885,67.33333333333333,True,2024,12,British Grand Prix,Silverstone,United Kingdom,2024-07-07,11.333333333333334,11.4,7.0,3.209361307176241,0.9,-0.06666666666666643,11.666666666666666,3.5,-3.4000000000000004,-1.8,0.7659999999999911,12.5,2.0,12.428571428571429,1,12,0,0.1811912816787306
14,ALO,Fernando Alonso,Aston Martin,10.0,8.0,4.0,Finished,True,10.0,86.917,15.77074829931973,27.670068027210885,67.33333333333333,True,2024,12,British Grand Prix,Silverstone,United Kingdom,2024-07-07,12.0,13.2,6.0,5.357238094391548,1.0,-1.1999999999999993,11.666666666666666,3.5,-3.1999999999999993,1.8,1.097999999999999,6.0,2.0,7.714285714285714,1,12,0,0.1811912816787306
23,ALB,Alexander Albon,Williams,9.0,9.0,2.0,Finished,True,9.0,86.64,15.77074829931973,27.670068027210885,67.33333333333333,True,2024,12,British Grand Prix,Silverstone,United Kingdom,2024-07-07,16.666666666666668,15.8,9.0,4.207136793592526,0.7,0.8666666666666671,18.166666666666668,9.5,-6.800000000000001,-2.4,0.820999999999998,14.0,2.0,14.571428571428571,1,12,0,0.1811912816787306
22,TSU,Yuki Tsunoda,RB,13.0,10.0,1.0,Finished,True,13.0,87.269,15.77074829931973,27.670068027210885,67.33333333333333,True,2024,12,British Grand Prix,Silverstone,United Kingdom,2024-07-07,15.666666666666666,13.0,8.0,4.242640687119285,0.9,2.666666666666666,13.166666666666666,9.5,0.0,1.6,1.4500000000000028,15.0,2.0,10.857142857142858,1,12,0,0.1811912816787306
2,SAR,Logan Sargeant,Williams,12.0,11.0,0.0,Finished,True,12.0,87.175,15.77074829931973,27.670068027210885,67.33333333333333,True,2024,12,British Grand Prix,Silverstone,United Kingdom,2024-07-07,19.666666666666668,18.2,15.0,2.167948338867875,0.8,1.4666666666666686,18.166666666666668,9.5,-6.199999999999999,2.4,1.3559999999999945,11.0,1.0,15.25,1,12,0,0.1811912816787306
20,MAG,Kevin Magnussen,Haas F1 Team,17.0,12.0,0.0,Finished,True,17.0,92.905,15.77074829931973,27.670068027210885,67.33333333333333,True,2024,12,British Grand Prix,Silverstone,United Kingdom,2024-07-07,12.333333333333334,13.8,8.0,4.7116875957558975,0.9,-1.4666666666666668,10.833333333333334,7.0,3.1999999999999993,2.2,7.0859999999999985,14.5,2.0,13.714285714285714,1,12,0,0.1811912816787306
3,RIC,Daniel Ricciardo,RB,15.0,13.0,0.0,Lapped,True,15.0,87.949,15.77074829931973,27.670068027210885,67.33333333333333,True,2024,12,British Grand Prix,Silverstone,United Kingdom,2024-07-07,10.666666666666666,11.4,8.0,2.8809720581775866,0.8,-0.7333333333333343,13.166666666666666,9.5,3.5999999999999996,-1.6,2.1299999999999955,13.0,1.0,15.333333333333334,1,12,0,0.1811912816787306
16,LEC,Charles Leclerc,Ferrari,11.0,14.0,0.0,Lapped,True,11.0,87.097,15.77074829931973,27.670068027210885,67.33333333333333,True,2024,12,British Grand Prix,Silverstone,United Kingdom,2024-07-07,11.666666666666666,7.8,1.0,7.293833011524187,0.9,3.8666666666666663,10.0,1.5,3.2,1.2,1.2779999999999916,6.5,2.0,6.142857142857143,1,12,0,0.1811912816787306
77,BOT,Valtteri Bottas,Kick Sauber,16.0,15.0,0.0,Lapped,True,16.0,92.431,15.77074829931973,27.670068027210885,67.33333333333333,True,2024,12,British Grand Prix,Silverstone,United Kingdom,2024-07-07,15.0,15.2,13.0,2.167948338867876,0.9,-0.1999999999999993,15.0,14.0,0.8000000000000007,0.0,6.611999999999995,14.5,2.0,15.857142857142858,1,12,0,0.1811912816787306
31,OCO,Esteban Ocon,Alpine,18.0,16.0,0.0,Lapped,True,18.0,94.557,15.77074829931973,27.670068027210885,67.33333333333333,True,2024,12,British Grand Prix,Silverstone,United Kingdom,2024-07-07,10.666666666666666,12.6,10.0,2.9664793948382657,0.9,-1.9333333333333336,10.0,5.0,5.4,1.8,8.738,17.5,2.0,10.285714285714286,1,12,0,0.1811912816787306
11,PER,Sergio Perez,Red Bull Racing,20.0,17.0,0.0,Lapped,True,19.0,98.348,15.77074829931973,27.670068027210885,67.33333333333333,True,2024,12,British Grand Prix,Silverstone,United Kingdom,2024-07-07,11.0,11.8,7.0,5.674504383644443,0.8,-0.8000000000000007,6.666666666666667,1.5,8.2,9.0,12.528999999999996,4.0,2.0,5.0,1,12,0,0.1811912816787306
24,ZHO,Guanyu Zhou,Kick Sauber,14.0,18.0,0.0,Lapped,True,14.0,87.867,15.77074829931973,27.670068027210885,67.33333333333333,True,2024,12,British Grand Prix,Silverstone,United Kingdom,2024-07-07,15.0,15.2,13.0,1.483239697419131,0.9,-0.1999999999999993,15.0,14.0,-1.1999999999999993,0.0,2.048000000000002,17.0,2.0,14.142857142857142,1,12,0,0.1811912816787306
63,RUS,George Russell,Mercedes,1.0,19.0,0.0,Retired,False,1.0,85.819,15.77074829931973,27.670068027210885,67.33333333333333,True,2024,12,British Grand Prix,Silverstone,United Kingdom,2024-07-07,2.6666666666666665,4.0,1.0,2.2360679774997907,0.9,-1.3333333333333335,3.1666666666666665,1.5,-3.0,-0.8,0.0,11.5,2.0,6.0,1,12,0,0.1811912816787306
10,GAS,Pierre Gasly,Alpine,19.0,20.0,0.0,Did not start,False,20.0,99.804,15.77074829931973,27.670068027210885,67.33333333333333,True,2024,12,British Grand Prix,Silverstone,United Kingdom,2024-07-07,9.333333333333334,10.8,9.0,2.9495762407505275,0.9,-1.4666666666666668,10.0,5.0,8.2,-1.8,13.985,17.0,2.0,12.0,1,12,0,0.1811912816787306
81,PIA,Oscar Piastri,McLaren,2.0,1.0,25.0,Finished,True,2.0,75.249,28.82387096774194,44.91612903225806,46.92258064516129,False,2024,13,Hungarian Grand Prix,Budapest,Hungary,2024-07-21,4.333333333333333,4.0,2.0,2.121320343559644,1.0,0.33333333333333304,6.333333333333333,2.5,-2.0,-2.2,0.02199999999999136,5.0,1.0,,0,13,0,0.1860731256851087
4,NOR,Lando Norris,McLaren,1.0,2.0,18.0,Finished,True,1.0,75.227,28.82387096774194,44.91612903225806,46.92258064516129,False,2024,13,Hungarian Grand Prix,Budapest,Hungary,2024-07-21,8.333333333333334,6.2,2.0,7.758865896508332,1.0,2.1333333333333337,6.333333333333333,2.5,-5.2,2.2,0.0,4.5,2.0,,0,13,0,0.1860731256851087
44,HAM,Lewis Hamilton,Mercedes,5.0,3.0,15.0,Finished,True,5.0,75.854,28.82387096774194,44.91612903225806,46.92258064516129,False,2024,13,Hungarian Grand Prix,Budapest,Hungary,2024-07-21,2.6666666666666665,3.8,1.0,2.167948338867877,0.9,-1.1333333333333333,5.333333333333333,1.5,1.2000000000000002,-2.6,0.6269999999999953,3.0,2.0,,0,13,0,0.1860731256851087
16,LEC,Charles Leclerc,Ferrari,6.0,4.0,12.0,Finished,True,6.0,75.905,28.82387096774194,44.91612903225806,46.92258064516129,False,2024,13,Hungarian Grand Prix,Budapest,Hungary,2024-07-21,10.0,10.0,1.0,7.141428428542849,0.9,0.0,7.333333333333333,1.5,-4.0,3.4,0.6779999999999973,6.5,2.0,,0,13,0,0.1860731256851087
1,VER,Max Verstappen,Red Bull Racing,3.0,5.0,10.0,Finished,True,3.0,75.273,28.82387096774194,44.91612903225806,46.92258064516129,False,2024,13,Hungarian Grand Prix,Budapest,Hungary,2024-07-21,2.6666666666666665,3.0,1.0,2.345207879911714,0.9,-0.3333333333333335,6.666666666666667,1.5,0.0,-10.6,0.04599999999999227,1.0,2.0,,0,13,0,0.1860731256851087
55,SAI,Carlos Sainz,Ferrari,4.0,6.0,8.0,Finished,True,4.0,75.696,28.82387096774194,44.91612903225806,46.92258064516129,False,2024,13,Hungarian Grand Prix,Budapest,Hungary,2024-07-21,4.666666666666667,6.6,3.0,5.412947441089743,0.9,-1.9333333333333327,7.333333333333333,1.5,-2.5999999999999996,-3.4,0.4689999999999941,6.0,2.0,,0,13,0,0.1860731256851087
11,PER,Sergio Perez,Red Bull Racing,16.0,7.0,6.0,Finished,True,16.0,77.886,28.82387096774194,44.91612903225806,46.92258064516129,False,2024,13,Hungarian Grand Prix,Budapest,Hungary,2024-07-21,10.666666666666666,13.6,7.0,5.594640292279746,0.8,-2.9333333333333336,6.666666666666667,1.5,2.4000000000000004,10.6,2.658999999999992,4.0,2.0,,0,13,0,0.1860731256851087
63,RUS,George Russell,Mercedes,17.0,8.0,5.0,Finished,True,17.0,77.968,28.82387096774194,44.91612903225806,46.92258064516129,False,2024,13,Hungarian Grand Prix,Budapest,Hungary,2024-07-21,8.0,6.4,1.0,7.197221686178633,0.8,1.5999999999999996,5.333333333333333,1.5,10.6,2.6,2.7409999999999997,4.5,2.0,,0,13,0,0.1860731256851087
22,TSU,Yuki Tsunoda,RB,10.0,9.0,2.0,Finished,True,10.0,76.477,28.82387096774194,44.91612903225806,46.92258064516129,False,2024,13,Hungarian Grand Prix,Budapest,Hungary,2024-07-21,14.333333333333334,13.0,8.0,4.242640687119285,0.9,1.333333333333334,13.333333333333334,9.5,-3.0,1.6,1.25,17.0,2.0,,0,13,0,0.1860731256851087
18,STR,Lance Stroll,Aston Martin,8.0,10.0,1.0,Finished,True,8.0,76.244,28.82387096774194,44.91612903225806,46.92258064516129,False,2024,13,Hungarian Grand Prix,Budapest,Hungary,2024-07-21,11.333333333333334,11.0,7.0,3.6742346141747655,1.0,0.3333333333333339,12.0,3.5,-3.0,0.0,1.016999999999996,10.5,2.0,,0,13,0,0.1860731256851087
14,ALO,Fernando Alonso,Aston Martin,7.0,11.0,0.0,Finished,True,7.0,76.043,28.82387096774194,44.91612903225806,46.92258064516129,False,2024,13,Hungarian Grand Prix,Budapest,Hungary,2024-07-21,12.666666666666666,11.0,6.0,4.582575694955838,1.0,1.666666666666666,12.0,3.5,-4.0,0.0,0.8160000000000025,8.5,2.0,,0,13,0,0.1860731256851087
3,RIC,Daniel Ricciardo,RB,9.0,12.0,0.0,Lapped,True,9.0,76.447,28.82387096774194,44.91612903225806,46.92258064516129,False,2024,13,Hungarian Grand Prix,Budapest,Hungary,2024-07-21,12.333333333333334,11.4,8.0,2.8809720581775866,0.8,0.9333333333333336,13.333333333333334,9.5,-2.4000000000000004,-1.6,1.2199999999999989,14.0,2.0,,0,13,0,0.1860731256851087
27,HUL,Nico Hulkenberg,Haas F1 Team,11.0,13.0,0.0,Lapped,True,11.0,76.317,28.82387096774194,44.91612903225806,46.92258064516129,False,2024,13,Hungarian Grand Prix,Budapest,Hungary,2024-07-21,7.666666666666667,10.6,6.0,5.319774431308154,0.9,-2.9333333333333327,10.0,7.0,0.40000000000000036,-3.2,1.0899999999999892,14.0,1.0,,0,13,0,0.1860731256851087
23,ALB,Alexander Albon,Williams,13.0,14.0,0.0,Lapped,True,13.0,76.429,28.82387096774194,44.91612903225806,46.92258064516129,False,2024,13,Hungarian Grand Prix,Budapest,Hungary,2024-07-21,14.0,13.6,9.0,4.335896677735759,0.7,0.40000000000000036,15.333333333333334,9.5,-0.5999999999999996,-3.4,1.2019999999999982,14.0,2.0,,0,13,0,0.1860731256851087
20,MAG,Kevin Magnussen,Haas F1 Team,15.0,15.0,0.0,Lapped,True,15.0,76.548,28.82387096774194,44.91612903225806,46.92258064516129,False,2024,13,Hungarian Grand Prix,Budapest,Hungary,2024-07-21,12.333333333333334,13.8,8.0,4.7116875957558975,0.9,-1.4666666666666668,10.0,7.0,1.1999999999999993,3.2,1.320999999999998,16.5,2.0,,0,13,0,0.1860731256851087
77,BOT,Valtteri Bottas,Kick Sauber,12.0,16.0,0.0,Lapped,True,12.0,76.384,28.82387096774194,44.91612903225806,46.92258064516129,False,2024,13,Hungarian Grand Prix,Budapest,Hungary,2024-07-21,15.666666666666666,14.6,13.0,1.5165750888103018,0.9,1.0666666666666664,15.833333333333334,14.0,-2.5999999999999996,-1.2,1.1569999999999965,16.0,2.0,,0,13,0,0.1860731256851087
2,SAR,Logan Sargeant,Williams,14.0,17.0,0.0,Lapped,True,14.0,76.543,28.82387096774194,44.91612903225806,46.92258064516129,False,2024,13,Hungarian Grand Prix,Budapest,Hungary,2024-07-21,16.666666666666668,17.0,11.0,3.937003937005903,0.8,-0.33333333333333215,15.333333333333334,9.5,-3.0,3.4,1.3160000000000025,18.0,1.0,,0,13,0,0.1860731256851087
31,OCO,Esteban Ocon,Alpine,19.0,18.0,0.0,Lapped,True,19.0,78.049,28.82387096774194,44.91612903225806,46.92258064516129,False,2024,13,Hungarian Grand Prix,Budapest,Hungary,2024-07-21,12.666666666666666,13.0,10.0,3.3166247903554003,0.9,-0.3333333333333339,12.833333333333334,5.0,6.0,1.4,2.8220000000000027,14.0,2.0,,0,13,0,0.1860731256851087
24,ZHO,Guanyu Zhou,Kick Sauber,18.0,19.0,0.0,Lapped,True,18.0,78.037,28.82387096774194,44.91612903225806,46.92258064516129,False,2024,13,Hungarian Grand Prix,Budapest,Hungary,2024-07-21,16.0,15.8,13.0,1.9235384061671332,0.9,0.1999999999999993,15.833333333333334,14.0,2.1999999999999993,1.2,2.8100000000000023,14.5,2.0,,0,13,0,0.1860731256851087
10,GAS,Pierre Gasly,Alpine,20.0,20.0,0.0,Retired,False,20.0,78.166,28.82387096774194,44.91612903225806,46.92258064516129,False,2024,13,Hungarian Grand Prix,Budapest,Hungary,2024-07-21,13.0,11.6,9.0,4.7222875812470395,0.9,1.4000000000000004,12.833333333333334,5.0,8.4,-1.4,2.938999999999993,16.0,2.0,,0,13,0,0.1860731256851087
44,HAM,Lewis Hamilton,Mercedes,3.0,1.0,25.0,Finished,True,,,21.32846715328467,42.26715328467153,49.583941605839414,False,2024,14,Belgian Grand Prix,Spa-Francorchamps,Belgium,2024-07-28,2.6666666666666665,3.0,1.0,1.2247448713915836,1.0,-0.3333333333333335,6.0,1.5,0.0,-4.0,,12.0,2.0,4.625,0,14,0,0.18856315279990676
81,PIA,Oscar Piastri,McLaren,5.0,2.0,18.0,Finished,True,,,21.32846715328467,42.26715328467153,49.583941605839414,False,2024,14,Belgian Grand Prix,Spa-Francorchamps,Belgium,2024-07-28,2.3333333333333335,3.8,1.0,2.3874672772626657,1.0,-1.4666666666666663,5.333333333333333,1.5,1.2000000000000002,-2.0,,20.0,1.0,6.2,0,14,0,0.18856315279990676
16,LEC,Charles Leclerc,Ferrari,1.0,3.0,15.0,Finished,True,,,21.32846715328467,42.26715328467153,49.583941605839414,False,2024,14,Belgian Grand Prix,Spa-Francorchamps,Belgium,2024-07-28,9.666666666666666,10.6,4.0,6.26897120746299,0.9,-0.9333333333333336,7.166666666666667,1.5,-9.6,3.4,,4.5,2.0,5.5,0,14,0,0.18856315279990676
1,VER,Max Verstappen,Red Bull Racing,11.0,4.0,12.0,Finished,True,,,21.32846715328467,42.26715328467153,49.583941605839414,False,2024,14,Belgian Grand Prix,Spa-Francorchamps,Belgium,2024-07-28,4.0,2.8,1.0,2.049390153191919,1.0,1.2000000000000002,7.166666666666667,1.5,8.2,-8.6,,1.0,2.0,1.875,0,14,0,0.18856315279990676
4,NOR,Lando Norris,McLaren,4.0,5.0,10.0,Finished,True,,,21.32846715328467,42.26715328467153,49.583941605839414,False,2024,14,Belgian Grand Prix,Spa-Francorchamps,Belgium,2024-07-28,8.333333333333334,5.8,2.0,7.949842765740718,1.0,2.533333333333334,5.333333333333333,1.5,-1.7999999999999998,2.0,,9.5,2.0,5.375,0,14,0,0.18856315279990676
55,SAI,Carlos Sainz,Ferrari,7.0,6.0,8.0,Finished,True,,,21.32846715328467,42.26715328467153,49.583941605839414,False,2024,14,Belgian Grand Prix,Spa-Francorchamps,Belgium,2024-07-28,4.666666666666667,7.2,3.0,5.06951674225463,0.9,-2.533333333333333,7.166666666666667,1.5,-0.20000000000000018,-3.4,,11.0,2.0,6.375,0,14,0,0.18856315279990676
11,PER,Sergio Perez,Red Bull Racing,2.0,7.0,7.0,Finished,True,,,21.32846715328467,42.26715328467153,49.583941605839414,False,2024,14,Belgian Grand Prix,Spa-Francorchamps,Belgium,2024-07-28,10.333333333333334,11.4,7.0,5.594640292279746,0.8,-1.0666666666666664,7.166666666666667,1.5,-9.4,8.6,,2.0,2.0,7.0,0,14,0,0.18856315279990676
14,ALO,Fernando Alonso,Aston Martin,8.0,8.0,4.0,Finished,True,,,21.32846715328467,42.26715328467153,49.583941605839414,False,2024,14,Belgian Grand Prix,Spa-Francorchamps,Belgium,2024-07-28,12.333333333333334,11.0,6.0,4.582575694955838,1.0,1.333333333333334,11.166666666666666,3.5,-3.0,0.8,,5.0,2.0,8.625,0,14,0,0.18856315279990676
31,OCO,Esteban Ocon,Alpine,9.0,9.0,2.0,Finished,True,,,21.32846715328467,42.26715328467153,49.583941605839414,False,2024,14,Belgian Grand Prix,Spa-Francorchamps,Belgium,2024-07-28,15.333333333333334,13.2,10.0,3.6331804249169903,0.9,2.1333333333333346,16.0,5.0,-4.199999999999999,-0.4,,7.5,2.0,13.625,0,14,0,0.18856315279990676
3,RIC,Daniel Ricciardo,RB,13.0,10.0,1.0,Finished,True,,,21.32846715328467,42.26715328467153,49.583941605839414,False,2024,14,Belgian Grand Prix,Spa-Francorchamps,Belgium,2024-07-28,11.333333333333334,11.4,8.0,2.8809720581775866,0.8,-0.06666666666666643,11.166666666666666,9.5,1.5999999999999996,-1.8,,15.5,2.0,14.6,0,14,0,0.18856315279990676
18,STR,Lance Stroll,Aston Martin,15.0,11.0,0.0,Finished,True,,,21.32846715328467,42.26715328467153,49.583941605839414,False,2024,14,Belgian Grand Prix,Spa-Francorchamps,Belgium,2024-07-28,10.0,10.2,7.0,3.2710854467592236,1.0,-0.1999999999999993,11.166666666666666,3.5,4.800000000000001,-0.8,,10.0,2.0,13.5,0,14,0,0.18856315279990676
23,ALB,Alexander Albon,Williams,10.0,12.0,0.0,Finished,True,,,21.32846715328467,42.26715328467153,49.583941605839414,False,2024,14,Belgian Grand Prix,Spa-Francorchamps,Belgium,2024-07-28,12.666666666666666,14.6,9.0,3.507135583350036,0.7,-1.9333333333333336,14.166666666666666,9.5,-4.6,-2.8,,12.0,2.0,14.285714285714286,0,14,0,0.18856315279990676
10,GAS,Pierre Gasly,Alpine,12.0,13.0,0.0,Finished,True,,,21.32846715328467,42.26715328467153,49.583941605839414,False,2024,14,Belgian Grand Prix,Spa-Francorchamps,Belgium,2024-07-28,16.666666666666668,13.6,9.0,5.85662018573853,0.8,3.066666666666668,16.0,5.0,-1.5999999999999996,0.4,,10.0,2.0,15.125,0,14,0,0.18856315279990676
20,MAG,Kevin Magnussen,Haas F1 Team,17.0,14.0,0.0,Finished,True,,,21.32846715328467,42.26715328467153,49.583941605839414,False,2024,14,Belgian Grand Prix,Spa-Francorchamps,Belgium,2024-07-28,11.666666666666666,12.8,8.0,3.4205262752974113,0.9,-1.1333333333333346,10.0,7.0,4.199999999999999,3.4,,15.5,2.0,14.625,0,14,0,0.18856315279990676
77,BOT,Valtteri Bottas,Kick Sauber,14.0,15.0,0.0,Finished,True,,,21.32846715328467,42.26715328467153,49.583941605839414,False,2024,14,Belgian Grand Prix,Spa-Francorchamps,Belgium,2024-07-28,15.666666666666666,15.2,13.0,1.3038404810405233,0.9,0.4666666666666668,16.833333333333332,14.0,-1.1999999999999993,-1.2,,15.5,2.0,14.5,0,14,0,0.18856315279990676
22,TSU,Yuki Tsunoda,RB,20.0,16.0,0.0,Finished,True,,,21.32846715328467,42.26715328467153,49.583941605839414,False,2024,14,Belgian Grand Prix,Spa-Francorchamps,Belgium,2024-07-28,11.0,13.2,9.0,3.96232255123179,0.9,-2.1999999999999993,11.166666666666666,9.5,6.800000000000001,1.8,,11.5,2.0,13.625,0,14,0,0.18856315279990676
2,SAR,Logan Sargeant,Williams,18.0,17.0,0.0,Finished,True,,,21.32846715328467,42.26715328467153,49.583941605839414,False,2024,14,Belgian Grand Prix,Spa-Francorchamps,Belgium,2024-07-28,15.666666666666666,17.4,11.0,3.7815340802378046,0.8,-1.7333333333333325,14.166666666666666,9.5,0.6000000000000014,2.8,,17.0,1.0,13.8,0,14,0,0.18856315279990676
27,HUL,Nico Hulkenberg,Haas F1 Team,16.0,18.0,0.0,Finished,True,,,21.32846715328467,42.26715328467153,49.583941605839414,False,2024,14,Belgian Grand Prix,Spa-Francorchamps,Belgium,2024-07-28,8.333333333333334,9.4,6.0,3.2093613071762412,0.9,-1.0666666666666664,10.0,7.0,6.6,-3.4,,18.0,1.0,12.2,0,14,0,0.18856315279990676
24,ZHO,Guanyu Zhou,Kick Sauber,19.0,19.0,0.0,Retired,False,,,21.32846715328467,42.26715328467153,49.583941605839414,False,2024,14,Belgian Grand Prix,Spa-Francorchamps,Belgium,2024-07-28,18.0,16.4,13.0,2.4083189157584584,0.9,1.6000000000000014,16.833333333333332,14.0,2.6000000000000014,1.2,,13.5,2.0,15.375,0,14,0,0.18856315279990676
63,RUS,George Russell,Mercedes,6.0,20.0,0.0,Disqualified,False,,,21.32846715328467,42.26715328467153,49.583941605839414,False,2024,14,Belgian Grand Prix,Spa-Francorchamps,Belgium,2024-07-28,9.333333333333334,7.0,1.0,7.1763500472036625,0.9,2.333333333333334,6.0,1.5,-1.0,4.0,,5.0,2.0,9.0,0,14,0,0.18856315279990676
4,NOR,Lando Norris,McLaren,1.0,1.0,26.0,Finished,True,1.0,69.673,19.00588235294118,30.80588235294118,60.96078431372549,False,2024,15,Dutch Grand Prix,Zandvoort,Netherlands,2024-08-25,3.3333333333333335,6.4,2.0,7.700649323271384,1.0,-3.066666666666667,2.8333333333333335,1.5,-5.4,3.2,0.0,7.0,2.0,9.0,0,15,0,0.19886096521749363
1,VER,Max Verstappen,Red Bull Racing,2.0,2.0,18.0,Finished,True,2.0,70.029,19.00588235294118,30.80588235294118,60.96078431372549,False,2024,15,Dutch Grand Prix,Zandvoort,Netherlands,2024-08-25,3.6666666666666665,3.4,1.0,1.8165902124584938,1.0,0.2666666666666666,7.0,1.5,-1.4,-5.8,0.35599999999999454,1.0,2.0,1.0,0,15,0,0.19886096521749363
16,LEC,Charles Leclerc,Ferrari,6.0,3.0,15.0,Finished,True,6.0,70.582,19.00588235294118,30.80588235294118,60.96078431372549,False,2024,15,Dutch Grand Prix,Zandvoort,Netherlands,2024-08-25,7.0,7.4,3.0,4.827007354458866,0.9,-0.40000000000000036,6.333333333333333,1.5,-1.4000000000000004,2.2,0.9089999999999918,11.0,2.0,12.0,0,15,0,0.19886096521749363
81,PIA,Oscar Piastri,McLaren,3.0,4.0,12.0,Finished,True,3.0,70.172,19.00588235294118,30.80588235294118,60.96078431372549,False,2024,15,Dutch Grand Prix,Zandvoort,Netherlands,2024-08-25,2.3333333333333335,3.2,1.0,2.3874672772626657,1.0,-0.8666666666666667,2.8333333333333335,1.5,-0.20000000000000018,-3.2,0.4989999999999952,9.0,1.0,10.0,0,15,0,0.19886096521749363
55,SAI,Carlos Sainz,Ferrari,10.0,5.0,10.0,Finished,True,10.0,70.914,19.00588235294118,30.80588235294118,60.96078431372549,False,2024,15,Dutch Grand Prix,Zandvoort,Netherlands,2024-08-25,5.666666666666667,5.2,3.0,1.3038404810405257,0.9,0.4666666666666668,6.333333333333333,1.5,4.8,-2.2,1.2409999999999997,6.5,2.0,5.0,0,15,0,0.19886096521749363
11,PER,Sergio Perez,Red Bull Racing,5.0,6.0,8.0,Finished,True,5.0,70.416,19.00588235294118,30.80588235294118,60.96078431372549,False,2024,15,Dutch Grand Prix,Zandvoort,Netherlands,2024-08-25,10.333333333333334,9.2,7.0,4.3817804600413295,0.8,1.1333333333333346,7.0,1.5,-4.199999999999999,5.8,0.742999999999995,4.5,2.0,4.666666666666667,0,15,0,0.19886096521749363
63,RUS,George Russell,Mercedes,4.0,7.0,6.0,Finished,True,4.0,70.244,19.00588235294118,30.80588235294118,60.96078431372549,False,2024,15,Dutch Grand Prix,Zandvoort,Netherlands,2024-08-25,15.666666666666666,10.4,1.0,8.677557259966656,0.8,5.266666666666666,8.666666666666666,1.5,-6.4,8.0,0.570999999999998,9.5,2.0,3.3333333333333335,0,15,0,0.19886096521749363
44,HAM,Lewis Hamilton,Mercedes,14.0,8.0,4.0,Finished,True,11.0,70.948,19.00588235294118,30.80588235294118,60.96078431372549,False,2024,15,Dutch Grand Prix,Zandvoort,Netherlands,2024-08-25,1.6666666666666667,2.4,1.0,1.341640786499869,1.0,-0.7333333333333332,8.666666666666666,1.5,11.6,-8.0,1.2749999999999915,5.0,2.0,3.3333333333333335,0,15,0,0.19886096521749363
10,GAS,Pierre Gasly,Alpine,9.0,9.0,2.0,Lapped,True,9.0,70.977,19.00588235294118,30.80588235294118,60.96078431372549,False,2024,15,Dutch Grand Prix,Zandvoort,Netherlands,2024-08-25,17.666666666666668,14.4,9.0,5.319774431308156,0.8,3.2666666666666675,16.0,5.0,-5.4,1.4,1.304000000000002,7.0,2.0,10.666666666666666,0,15,0,0.19886096521749363
14,ALO,Fernando Alonso,Aston Martin,7.0,10.0,1.0,Lapped,True,7.0,70.633,19.00588235294118,30.80588235294118,60.96078431372549,False,2024,15,Dutch Grand Prix,Zandvoort,Netherlands,2024-08-25,9.0,11.4,8.0,4.098780306383837,1.0,-2.4000000000000004,9.166666666666666,3.5,-4.4,0.4,0.9599999999999937,4.0,2.0,9.333333333333334,0,15,0,0.19886096521749363
27,HUL,Nico Hulkenberg,Haas F1 Team,12.0,11.0,0.0,Lapped,True,13.0,71.215,19.00588235294118,30.80588235294118,60.96078431372549,False,2024,15,Dutch Grand Prix,Zandvoort,Netherlands,2024-08-25,12.333333333333334,10.8,6.0,5.0695167422546294,0.9,1.5333333333333332,13.0,7.0,1.1999999999999993,-2.4,1.5420000000000016,12.0,1.0,13.0,0,15,0,0.19886096521749363
3,RIC,Daniel Ricciardo,RB,13.0,12.0,0.0,Lapped,True,15.0,71.943,19.00588235294118,30.80588235294118,60.96078431372549,False,2024,15,Dutch Grand Prix,Zandvoort,Netherlands,2024-08-25,11.666666666666666,11.8,9.0,2.3874672772626644,0.9,-0.13333333333333464,11.666666666666666,9.5,1.1999999999999993,-1.8,2.269999999999996,17.0,1.0,13.5,0,15,0,0.19886096521749363
18,STR,Lance Stroll,Aston Martin,8.0,13.0,0.0,Lapped,True,8.0,70.857,19.00588235294118,30.80588235294118,60.96078431372549,False,2024,15,Dutch Grand Prix,Zandvoort,Netherlands,2024-08-25,9.333333333333334,11.0,7.0,2.738612787525829,1.0,-1.666666666666666,9.166666666666666,3.5,-3.0,-0.4,1.1839999999999975,10.5,2.0,11.666666666666666,0,15,0,0.19886096521749363
23,ALB,Alexander Albon,Williams,19.0,14.0,0.0,Lapped,True,10.0,70.653,19.00588235294118,30.80588235294118,60.96078431372549,False,2024,15,Dutch Grand Prix,Zandvoort,Netherlands,2024-08-25,11.666666666666666,13.6,9.0,3.361547262794321,0.8,-1.9333333333333336,13.333333333333334,9.5,5.4,-3.2,0.980000000000004,10.0,2.0,17.333333333333332,0,15,0,0.19886096521749363
31,OCO,Esteban Ocon,Alpine,15.0,15.0,0.0,Lapped,True,16.0,71.995,19.00588235294118,30.80588235294118,60.96078431372549,False,2024,15,Dutch Grand Prix,Zandvoort,Netherlands,2024-08-25,14.333333333333334,13.0,9.0,3.8729833462074175,0.9,1.333333333333334,16.0,5.0,2.0,-1.4,2.3220000000000027,9.5,2.0,8.333333333333334,0,15,0,0.19886096521749363
2,SAR,Logan Sargeant,Williams,18.0,16.0,0.0,Lapped,True,20.0,,19.00588235294118,30.80588235294118,60.96078431372549,False,2024,15,Dutch Grand Prix,Zandvoort,Netherlands,2024-08-25,15.0,16.8,11.0,3.492849839314593,0.8,-1.8000000000000007,13.333333333333334,9.5,1.1999999999999993,3.2,,20.0,1.0,20.0,0,15,0,0.19886096521749363
22,TSU,Yuki Tsunoda,RB,11.0,17.0,0.0,Lapped,True,12.0,70.955,19.00588235294118,30.80588235294118,60.96078431372549,False,2024,15,Dutch Grand Prix,Zandvoort,Netherlands,2024-08-25,11.666666666666666,13.6,9.0,4.159326868617084,0.9,-1.9333333333333336,11.666666666666666,9.5,-2.5999999999999996,1.8,1.2819999999999965,17.5,2.0,13.666666666666666,0,15,0,0.19886096521749363
20,MAG,Kevin Magnussen,Haas F1 Team,20.0,18.0,0.0,Lapped,True,14.0,71.295,19.00588235294118,30.80588235294118,60.96078431372549,False,2024,15,Dutch Grand Prix,Zandvoort,Netherlands,2024-08-25,13.666666666666666,13.2,8.0,3.4205262752974117,0.9,0.4666666666666668,13.0,7.0,6.800000000000001,2.4,1.6219999999999999,15.5,2.0,17.333333333333332,0,15,0,0.19886096521749363
77,BOT,Valtteri Bottas,Kick Sauber,16.0,19.0,0.0,Lapped,True,17.0,72.168,19.00588235294118,30.80588235294118,60.96078431372549,False,2024,15,Dutch Grand Prix,Zandvoort,Netherlands,2024-08-25,15.333333333333334,15.6,15.0,0.5477225575051561,0.9,-0.2666666666666657,17.0,14.0,0.40000000000000036,-1.6,2.4950000000000045,16.5,2.0,13.666666666666666,0,15,0,0.19886096521749363
24,ZHO,Guanyu Zhou,Kick Sauber,17.0,20.0,0.0,Lapped,True,18.0,73.261,19.00588235294118,30.80588235294118,60.96078431372549,False,2024,15,Dutch Grand Prix,Zandvoort,Netherlands,2024-08-25,18.666666666666668,17.2,13.0,2.489979919597746,0.9,1.4666666666666686,17.0,14.0,-0.1999999999999993,1.6,3.587999999999994,17.0,2.0,13.666666666666666,0,15,0,0.19886096521749363
16,LEC,Charles Leclerc,Ferrari,4.0,1.0,25.0,Finished,True,,,33.1015037593985,49.31127819548872,32.285714285714285,False,2024,16,Italian Grand Prix,Monza,Italy,2024-09-01,3.3333333333333335,7.0,3.0,5.147815070493499,0.9,-3.6666666666666665,4.5,1.5,-3.0,2.0,,3.0,2.0,6.8,0,16,0,0.2015221189635991
81,PIA,Oscar Piastri,McLaren,2.0,2.0,18.0,Finished,True,,,33.1015037593985,49.31127819548872,32.285714285714285,False,2024,16,Italian Grand Prix,Monza,Italy,2024-09-01,2.3333333333333335,2.6,1.0,1.3416407864998767,1.0,-0.2666666666666666,2.5,1.5,-0.6000000000000001,-3.6,,12.0,1.0,11.0,0,16,0,0.2015221189635991
4,NOR,Lando Norris,McLaren,1.0,3.0,16.0,Finished,True,,,33.1015037593985,49.31127819548872,32.285714285714285,False,2024,16,Italian Grand Prix,Monza,Italy,2024-09-01,2.6666666666666665,6.2,1.0,7.854934754662195,1.0,-3.5333333333333337,2.5,1.5,-5.2,3.6,,7.5,2.0,8.4,0,16,0,0.2015221189635991
55,SAI,Carlos Sainz,Ferrari,5.0,4.0,12.0,Finished,True,,,33.1015037593985,49.31127819548872,32.285714285714285,False,2024,16,Italian Grand Prix,Monza,Italy,2024-09-01,5.666666666666667,5.0,3.0,1.2247448713915843,0.9,0.666666666666667,4.5,1.5,0.0,-2.0,,3.5,2.0,10.6,0,16,0,0.2015221189635991
44,HAM,Lewis Hamilton,Mercedes,6.0,5.0,10.0,Finished,True,,,33.1015037593985,49.31127819548872,32.285714285714285,False,2024,16,Italian Grand Prix,Monza,Italy,2024-09-01,4.0,3.4,1.0,2.8809720581775844,1.0,0.6000000000000001,7.833333333333333,1.5,2.6,-7.6,,5.5,2.0,7.0,0,16,0,0.2015221189635991
1,VER,Max Verstappen,Red Bull Racing,7.0,6.0,8.0,Finished,True,,,33.1015037593985,49.31127819548872,32.285714285714285,False,2024,16,Italian Grand Prix,Monza,Italy,2024-09-01,3.6666666666666665,3.6,2.0,1.5165750888103087,1.0,0.06666666666666643,5.166666666666667,1.5,3.4,-5.2,,1.0,2.0,1.8,0,16,0,0.2015221189635991
63,RUS,George Russell,Mercedes,3.0,7.0,6.0,Finished,True,,,33.1015037593985,49.31127819548872,32.285714285714285,False,2024,16,Italian Grand Prix,Monza,Italy,2024-09-01,11.666666666666666,11.0,1.0,8.215838362577493,0.8,0.6666666666666661,7.833333333333333,1.5,-8.0,7.6,,4.0,2.0,8.2,0,16,0,0.2015221189635991
11,PER,Sergio Perez,Red Bull Racing,8.0,8.0,4.0,Finished,True,,,33.1015037593985,49.31127819548872,32.285714285714285,False,2024,16,Italian Grand Prix,Monza,Italy,2024-09-01,6.666666666666667,8.8,6.0,4.604345773288536,0.8,-2.1333333333333337,5.166666666666667,1.5,-0.8000000000000007,5.2,,4.0,2.0,2.8,0,16,0,0.2015221189635991
23,ALB,Alexander Albon,Williams,9.0,9.0,2.0,Finished,True,,,33.1015037593985,49.31127819548872,32.285714285714285,False,2024,16,Italian Grand Prix,Monza,Italy,2024-09-01,13.333333333333334,12.8,9.0,2.3874672772626617,0.8,0.5333333333333332,15.0,9.5,-3.8000000000000007,-3.2,,7.0,1.0,12.0,0,16,0,0.2015221189635991
20,MAG,Kevin Magnussen,Haas F1 Team,13.0,10.0,1.0,Finished,True,,,33.1015037593985,49.31127819548872,32.285714285714285,False,2024,16,Italian Grand Prix,Monza,Italy,2024-09-01,15.666666666666666,13.4,8.0,3.7148351242013398,0.9,2.2666666666666657,14.833333333333334,7.0,-0.40000000000000036,2.6,,17.0,2.0,15.0,0,16,0,0.2015221189635991
14,ALO,Fernando Alonso,Aston Martin,11.0,11.0,0.0,Finished,True,,,33.1015037593985,49.31127819548872,32.285714285714285,False,2024,16,Italian Grand Prix,Monza,Italy,2024-09-01,9.666666666666666,11.0,8.0,4.123105625617658,1.0,-1.333333333333334,10.5,3.5,0.0,0.2,,14.0,2.0,5.8,0,16,0,0.2015221189635991
43,COL,Franco Colapinto,Williams,18.0,12.0,0.0,Finished,True,,,33.1015037593985,49.31127819548872,32.285714285714285,False,2024,16,Italian Grand Prix,Monza,Italy,2024-09-01,,,,,,,15.0,9.5,,,,,0.0,,0,16,0,0.2015221189635991
3,RIC,Daniel Ricciardo,RB,12.0,13.0,0.0,Finished,True,,,33.1015037593985,49.31127819548872,32.285714285714285,False,2024,16,Italian Grand Prix,Monza,Italy,2024-09-01,11.333333333333334,11.2,9.0,1.6431676725154987,1.0,0.13333333333333464,12.666666666666666,9.5,0.8000000000000007,-2.0,,17.0,1.0,12.25,0,16,0,0.2015221189635991
31,OCO,Esteban Ocon,Alpine,15.0,14.0,0.0,Lapped,True,,,33.1015037593985,49.31127819548872,32.285714285714285,False,2024,16,Italian Grand Prix,Monza,Italy,2024-09-01,14.0,14.0,9.0,3.535533905932738,0.9,0.0,14.0,5.0,1.0,-0.4,,15.0,2.0,9.8,0,16,0,0.2015221189635991
10,GAS,Pierre Gasly,Alpine,14.0,15.0,0.0,Lapped,True,,,33.1015037593985,49.31127819548872,32.285714285714285,False,2024,16,Italian Grand Prix,Monza,Italy,2024-09-01,14.0,14.4,9.0,5.319774431308156,0.8,-0.40000000000000036,14.0,5.0,-0.40000000000000036,0.4,,11.5,2.0,10.4,0,16,0,0.2015221189635991
77,BOT,Valtteri Bottas,Kick Sauber,19.0,16.0,0.0,Lapped,True,,,33.1015037593985,49.31127819548872,32.285714285714285,False,2024,16,Italian Grand Prix,Monza,Italy,2024-09-01,16.666666666666668,16.2,15.0,1.6431676725154971,1.0,0.46666666666666856,18.0,14.0,2.8000000000000007,-2.4,,11.5,2.0,15.0,0,16,0,0.2015221189635991
27,HUL,Nico Hulkenberg,Haas F1 Team,10.0,17.0,0.0,Lapped,True,,,33.1015037593985,49.31127819548872,32.285714285714285,False,2024,16,Italian Grand Prix,Monza,Italy,2024-09-01,14.0,10.8,6.0,5.0695167422546294,0.9,3.1999999999999993,14.833333333333334,7.0,-0.8000000000000007,-2.6,,17.0,1.0,17.666666666666668,0,16,0,0.2015221189635991
24,ZHO,Guanyu Zhou,Kick Sauber,20.0,18.0,0.0,Lapped,True,,,33.1015037593985,49.31127819548872,32.285714285714285,False,2024,16,Italian Grand Prix,Monza,Italy,2024-09-01,19.333333333333332,18.6,17.0,1.1401754250991367,0.9,0.7333333333333307,18.0,14.0,1.3999999999999986,2.4,,12.0,2.0,16.6,0,16,0,0.2015221189635991
18,STR,Lance Stroll,Aston Martin,17.0,19.0,0.0,Lapped,True,,,33.1015037593985,49.31127819548872,32.285714285714285,False,2024,16,Italian Grand Prix,Monza,Italy,2024-09-01,11.333333333333334,10.8,7.0,2.489979919597744,1.0,0.5333333333333332,10.5,3.5,6.199999999999999,-0.2,,17.0,2.0,10.8,0,16,0,0.2015221189635991
22,TSU,Yuki Tsunoda,RB,16.0,20.0,0.0,Retired,False,,,33.1015037593985,49.31127819548872,32.285714285714285,False,2024,16,Italian Grand Prix,Monza,Italy,2024-09-01,14.0,13.2,9.0,3.5637059362410923,1.0,0.8000000000000007,12.666666666666666,9.5,2.8000000000000007,2.0,,17.0,2.0,12.4,0,16,0,0.2015221189635991
81,PIA,Oscar Piastri,McLaren,2.0,1.0,25.0,Finished,True,2.0,101.686,26.70592105263158,44.34934210526316,38.01973684210526,False,2024,17,Azerbaijan Grand Prix,Baku,Azerbaijan,2024-09-15,2.6666666666666665,2.6,1.0,1.3416407864998767,1.0,0.06666666666666643,2.8333333333333335,1.5,-0.6000000000000001,-0.2,0.32100000000001216,11.0,1.0,10.428571428571429,0,17,0,0.20695173753851168
16,LEC,Charles Leclerc,Ferrari,1.0,2.0,18.0,Finished,True,1.0,101.365,26.70592105263158,44.34934210526316,38.01973684210526,False,2024,17,Azerbaijan Grand Prix,Baku,Azerbaijan,2024-09-15,2.3333333333333335,5.0,1.0,5.147815070493499,0.9,-2.6666666666666665,3.6666666666666665,1.5,-4.0,-0.2,0.0,11.0,2.0,3.7,0,17,0,0.20695173753851168
63,RUS,George Russell,Mercedes,5.0,3.0,15.0,Finished,True,5.0,101.874,26.70592105263158,44.34934210526316,38.01973684210526,False,2024,17,Azerbaijan Grand Prix,Baku,Azerbaijan,2024-09-15,11.333333333333334,12.2,7.0,6.6858058601787125,0.8,-0.8666666666666654,8.0,1.5,-7.199999999999999,8.6,0.5090000000000003,5.5,2.0,5.5,0,17,0,0.20695173753851168
4,NOR,Lando Norris,McLaren,15.0,4.0,13.0,Finished,True,16.0,103.609,26.70592105263158,44.34934210526316,38.01973684210526,False,2024,17,Azerbaijan Grand Prix,Baku,Azerbaijan,2024-09-15,3.0,2.8,1.0,1.4832396974191422,1.0,0.20000000000000018,2.8333333333333335,1.5,12.2,0.2,2.2439999999999998,9.0,2.0,10.8,0,17,0,0.20695173753851168
1,VER,Max Verstappen,Red Bull Racing,6.0,5.0,10.0,Finished,True,6.0,102.023,26.70592105263158,44.34934210526316,38.01973684210526,False,2024,17,Azerbaijan Grand Prix,Baku,Azerbaijan,2024-09-15,4.0,3.8,2.0,1.7888543819998304,1.0,0.20000000000000018,5.5,1.5,2.2,-5.2,0.6580000000000013,1.5,2.0,1.9,0,17,0,0.20695173753851168
14,ALO,Fernando Alonso,Aston Martin,7.0,6.0,8.0,Finished,True,8.0,102.369,26.70592105263158,44.34934210526316,38.01973684210526,False,2024,17,Azerbaijan Grand Prix,Baku,Azerbaijan,2024-09-15,9.666666666666666,9.6,8.0,1.5165750888103031,1.0,0.06666666666666643,12.0,3.5,-2.5999999999999996,-2.4,1.0040000000000049,5.5,2.0,7.6,0,17,0,0.20695173753851168
23,ALB,Alexander Albon,Williams,9.0,7.0,6.0,Finished,True,10.0,102.859,26.70592105263158,44.34934210526316,38.01973684210526,False,2024,17,Azerbaijan Grand Prix,Baku,Azerbaijan,2024-09-15,11.666666666666666,11.6,9.0,2.5099800796022227,0.8,0.06666666666666643,13.333333333333334,9.5,-2.5999999999999996,-3.0,1.4939999999999998,12.0,2.0,13.8,0,17,0,0.20695173753851168
43,COL,Franco Colapinto,Williams,8.0,8.0,4.0,Finished,True,9.0,102.53,26.70592105263158,44.34934210526316,38.01973684210526,False,2024,17,Azerbaijan Grand Prix,Baku,Azerbaijan,2024-09-15,12.0,12.0,12.0,,1.0,0.0,13.333333333333334,9.5,-4.0,3.0,1.1650000000000063,,0.0,,0,17,0,0.20695173753851168
44,HAM,Lewis Hamilton,Mercedes,19.0,9.0,2.0,Finished,True,7.0,102.289,26.70592105263158,44.34934210526316,38.01973684210526,False,2024,17,Azerbaijan Grand Prix,Baku,Azerbaijan,2024-09-15,4.666666666666667,3.6,1.0,2.966479394838263,1.0,1.0666666666666669,8.0,1.5,15.4,-8.6,0.9240000000000066,5.0,2.0,6.8,0,17,0,0.20695173753851168
50,BEA,Oliver Bearman,Haas F1 Team,10.0,10.0,1.0,Finished,True,11.0,102.968,26.70592105263158,44.34934210526316,38.01973684210526,False,2024,17,Azerbaijan Grand Prix,Baku,Azerbaijan,2024-09-15,7.0,7.0,7.0,,1.0,0.0,14.666666666666666,7.0,3.0,4.0,1.6030000000000086,,0.0,7.0,0,17,0,0.20695173753851168
27,HUL,Nico Hulkenberg,Haas F1 Team,12.0,11.0,0.0,Finished,True,13.0,103.191,26.70592105263158,44.34934210526316,38.01973684210526,False,2024,17,Azerbaijan Grand Prix,Baku,Azerbaijan,2024-09-15,15.333333333333334,13.0,6.0,4.8476798574163285,0.9,2.333333333333334,14.666666666666666,7.0,-1.0,-0.8,1.8260000000000076,17.0,1.0,14.375,0,17,0,0.20695173753851168
10,GAS,Pierre Gasly,Alpine,18.0,12.0,0.0,Finished,True,15.0,103.179,26.70592105263158,44.34934210526316,38.01973684210526,False,2024,17,Azerbaijan Grand Prix,Baku,Azerbaijan,2024-09-15,12.333333333333334,15.4,9.0,4.7222875812470395,0.8,-3.0666666666666664,12.5,5.0,2.5999999999999996,1.0,1.8140000000000072,9.5,2.0,11.4,0,17,0,0.20695173753851168
3,RIC,Daniel Ricciardo,RB,14.0,13.0,0.0,Finished,True,15.0,103.547,26.70592105263158,44.34934210526316,38.01973684210526,False,2024,17,Azerbaijan Grand Prix,Baku,Azerbaijan,2024-09-15,11.666666666666666,12.0,10.0,1.2247448713915896,1.0,-0.3333333333333339,14.666666666666666,9.5,2.0,-2.4,2.182000000000002,8.0,1.0,14.285714285714286,0,17,0,0.20695173753851168
24,ZHO,Guanyu Zhou,Kick Sauber,17.0,14.0,0.0,Finished,True,18.0,104.246,26.70592105263158,44.34934210526316,38.01973684210526,False,2024,17,Azerbaijan Grand Prix,Baku,Azerbaijan,2024-09-15,19.0,18.8,18.0,0.8366600265340735,0.9,0.1999999999999993,17.833333333333332,14.0,-1.8000000000000007,2.6,2.8810000000000002,18.5,2.0,15.2,0,17,0,0.20695173753851168
31,OCO,Esteban Ocon,Alpine,20.0,15.0,0.0,Lapped,True,19.0,104.504,26.70592105263158,44.34934210526316,38.01973684210526,False,2024,17,Azerbaijan Grand Prix,Baku,Azerbaijan,2024-09-15,12.666666666666666,14.4,9.0,3.361547262794323,0.9,-1.7333333333333343,12.5,5.0,5.6,-1.0,3.13900000000001,12.5,2.0,9.0,0,17,0,0.20695173753851168
77,BOT,Valtteri Bottas,Kick Sauber,16.0,16.0,0.0,Lapped,True,17.0,103.618,26.70592105263158,44.34934210526316,38.01973684210526,False,2024,17,Azerbaijan Grand Prix,Baku,Azerbaijan,2024-09-15,16.666666666666668,16.2,15.0,1.6431676725154971,1.0,0.46666666666666856,17.833333333333332,14.0,-0.1999999999999993,-2.6,2.253,14.5,2.0,13.6,0,17,0,0.20695173753851168
11,PER,Sergio Perez,Red Bull Racing,4.0,17.0,0.0,Retired,False,4.0,101.813,26.70592105263158,44.34934210526316,38.01973684210526,False,2024,17,Azerbaijan Grand Prix,Baku,Azerbaijan,2024-09-15,7.0,9.0,6.0,4.527692569068709,0.8,-2.0,5.5,1.5,-5.0,5.2,0.4480000000000075,1.5,2.0,5.5,0,17,0,0.20695173753851168
55,SAI,Carlos Sainz,Ferrari,3.0,18.0,0.0,Retired,False,3.0,101.805,26.70592105263158,44.34934210526316,38.01973684210526,False,2024,17,Azerbaijan Grand Prix,Baku,Azerbaijan,2024-09-15,5.0,5.2,4.0,0.8366600265340693,0.9,-0.20000000000000018,3.6666666666666665,1.5,-2.2,0.2,0.44000000000001194,12.5,2.0,4.555555555555555,0,17,0,0.20695173753851168
18,STR,Lance Stroll,Aston Martin,13.0,19.0,0.0,Retired,False,14.0,103.404,26.70592105263158,44.34934210526316,38.01973684210526,False,2024,17,Azerbaijan Grand Prix,Baku,Azerbaijan,2024-09-15,14.333333333333334,12.0,7.0,4.472135954999578,1.0,2.333333333333334,12.0,3.5,1.0,2.4,2.0390000000000015,11.5,2.0,14.4,0,17,0,0.20695173753851168
22,TSU,Yuki Tsunoda,RB,11.0,20.0,0.0,Retired,False,12.0,103.035,26.70592105263158,44.34934210526316,38.01973684210526,False,2024,17,Azerbaijan Grand Prix,Baku,Azerbaijan,2024-09-15,17.666666666666668,14.4,9.0,4.722287581247038,0.9,3.2666666666666675,14.666666666666666,9.5,-3.4000000000000004,2.4,1.6700000000000017,11.5,2.0,13.3,0,17,0,0.20695173753851168
4,NOR,Lando Norris,McLaren,1.0,1.0,25.0,Finished,True,1.0,89.525,30.786250000000003,36.445625,74.65,False,2024,18,Singapore Grand Prix,Marina Bay,Singapore,2024-09-22,2.6666666666666665,3.0,1.0,1.5811388300841986,1.0,-0.3333333333333335,2.5,1.5,-2.0,1.0,0.0,3.0,2.0,,0,18,0,0.20972116184966955
1,VER,Max Verstappen,Red Bull Racing,2.0,2.0,18.0,Finished,True,2.0,89.728,30.786250000000003,36.445625,74.65,False,2024,18,Singapore Grand Prix,Marina Bay,Singapore,2024-09-22,4.333333333333333,4.4,2.0,1.5165750888103082,1.0,-0.06666666666666732,7.333333333333333,1.5,-2.4000000000000004,-4.6,0.20299999999998875,6.0,2.0,,0,18,0,0.20972116184966955
81,PIA,Oscar Piastri,McLaren,5.0,3.0,15.0,Finished,True,5.0,89.953,30.786250000000003,36.445625,74.65,False,2024,18,Singapore Grand Prix,Marina Bay,Singapore,2024-09-22,2.3333333333333335,2.0,1.0,1.224744871391592,1.0,0.3333333333333335,2.5,1.5,3.0,-1.0,0.42799999999999727,7.0,1.0,,0,18,0,0.20972116184966955
63,RUS,George Russell,Mercedes,4.0,4.0,12.0,Finished,True,4.0,89.867,30.786250000000003,36.445625,74.65,False,2024,18,Singapore Grand Prix,Marina Bay,Singapore,2024-09-22,5.666666666666667,9.0,3.0,6.442049363362563,0.8,-3.333333333333333,6.5,1.5,-5.0,3.8,0.34199999999999875,15.0,2.0,,0,18,0,0.20972116184966955
16,LEC,Charles Leclerc,Ferrari,9.0,5.0,10.0,Finished,True,9.0,89.747,30.786250000000003,36.445625,74.65,False,2024,18,Singapore Grand Prix,Marina Bay,Singapore,2024-09-22,2.0,2.6,1.0,1.1401754250991303,0.9,-0.6000000000000001,5.5,1.5,6.4,-5.2,0.2219999999999942,3.0,2.0,,0,18,0,0.20972116184966955
44,HAM,Lewis Hamilton,Mercedes,3.0,6.0,8.0,Finished,True,3.0,89.841,30.786250000000003,36.445625,74.65,False,2024,18,Singapore Grand Prix,Marina Bay,Singapore,2024-09-22,7.333333333333333,5.2,1.0,3.3466401061363,1.0,2.133333333333333,6.5,1.5,-2.2,-3.8,0.3159999999999883,6.0,2.0,,0,18,0,0.20972116184966955
55,SAI,Carlos Sainz,Ferrari,10.0,7.0,6.0,Finished,True,10.0,90.108,30.786250000000003,36.445625,74.65,False,2024,18,Singapore Grand Prix,Marina Bay,Singapore,2024-09-22,9.0,7.8,4.0,5.761944116355174,0.8,1.2000000000000002,5.5,1.5,2.2,5.2,0.5829999999999984,2.0,2.0,,0,18,0,0.20972116184966955
14,ALO,Fernando Alonso,Aston Martin,7.0,8.0,4.0,Lapped,True,7.0,90.214,30.786250000000003,36.445625,74.65,False,2024,18,Singapore Grand Prix,Marina Bay,Singapore,2024-09-22,9.0,9.2,6.0,2.167948338867875,1.0,-0.1999999999999993,13.0,3.5,-2.1999999999999993,-5.2,0.688999999999993,16.5,2.0,,0,18,0,0.20972116184966955
27,HUL,Nico Hulkenberg,Haas F1 Team,6.0,9.0,2.0,Lapped,True,6.0,90.115,30.786250000000003,36.445625,74.65,False,2024,18,Singapore Grand Prix,Marina Bay,Singapore,2024-09-22,13.0,14.0,11.0,3.316624790355399,0.9,-1.0,12.833333333333334,7.0,-8.0,0.6,0.5899999999999892,13.0,1.0,,0,18,0,0.20972116184966955
11,PER,Sergio Perez,Red Bull Racing,13.0,10.0,1.0,Lapped,True,13.0,90.579,30.786250000000003,36.445625,74.65,False,2024,18,Singapore Grand Prix,Marina Bay,Singapore,2024-09-22,10.333333333333334,9.0,6.0,4.527692569068709,0.7,1.333333333333334,7.333333333333333,1.5,4.0,4.6,1.0539999999999878,4.5,2.0,,0,18,0,0.20972116184966955
43,COL,Franco Colapinto,Williams,12.0,11.0,0.0,Lapped,True,12.0,90.481,30.786250000000003,36.445625,74.65,False,2024,18,Singapore Grand Prix,Marina Bay,Singapore,2024-09-22,10.0,10.0,8.0,2.8284271247461903,1.0,0.0,11.0,7.5,2.0,2.0,0.9559999999999889,,0.0,,0,18,0,0.20972116184966955
22,TSU,Yuki Tsunoda,RB,8.0,12.0,0.0,Lapped,True,8.0,90.354,30.786250000000003,36.445625,74.65,False,2024,18,Singapore Grand Prix,Marina Bay,Singapore,2024-09-22,19.0,16.4,9.0,4.505552130427524,0.8,2.6000000000000014,15.833333333333334,9.5,-8.399999999999999,4.4,0.8289999999999935,17.0,2.0,,0,18,0,0.20972116184966955
31,OCO,Esteban Ocon,Alpine,15.0,13.0,0.0,Lapped,True,15.0,90.769,30.786250000000003,36.445625,74.65,False,2024,18,Singapore Grand Prix,Marina Bay,Singapore,2024-09-22,14.666666666666666,14.2,9.0,3.271085446759226,0.9,0.4666666666666668,13.333333333333334,5.0,0.8000000000000007,0.4,1.2439999999999998,17.0,2.0,,0,18,0,0.20972116184966955
18,STR,Lance Stroll,Aston Martin,17.0,14.0,0.0,Lapped,True,17.0,91.094,30.786250000000003,36.445625,74.65,False,2024,18,Singapore Grand Prix,Marina Bay,Singapore,2024-09-22,17.0,14.4,10.0,4.335896677735759,0.9,2.5999999999999996,13.0,3.5,2.5999999999999996,5.2,1.5689999999999884,6.0,1.0,,0,18,0,0.20972116184966955
24,ZHO,Guanyu Zhou,Kick Sauber,20.0,15.0,0.0,Lapped,True,20.0,92.054,30.786250000000003,36.445625,74.65,False,2024,18,Singapore Grand Prix,Marina Bay,Singapore,2024-09-22,17.333333333333332,18.0,14.0,2.345207879911714,0.9,-0.6666666666666679,17.166666666666668,14.0,2.0,1.6,2.5289999999999964,16.0,2.0,,0,18,0,0.20972116184966955
77,BOT,Valtteri Bottas,Kick Sauber,19.0,16.0,0.0,Lapped,True,19.0,91.572,30.786250000000003,36.445625,74.65,False,2024,18,Singapore Grand Prix,Marina Bay,Singapore,2024-09-22,17.0,16.4,15.0,1.5165750888103096,1.0,0.6000000000000014,17.166666666666668,14.0,2.6000000000000014,-1.6,2.046999999999997,14.0,2.0,,0,18,0,0.20972116184966955
10,GAS,Pierre Gasly,Alpine,18.0,17.0,0.0,Lapped,True,18.0,91.312,30.786250000000003,36.445625,74.65,False,2024,18,Singapore Grand Prix,Marina Bay,Singapore,2024-09-22,12.0,13.8,9.0,4.086563348340512,0.8,-1.8000000000000007,13.333333333333334,5.0,4.199999999999999,-0.4,1.786999999999992,8.0,2.0,,0,18,0,0.20972116184966955
3,RIC,Daniel Ricciardo,RB,16.0,18.0,0.0,Lapped,True,16.0,91.085,30.786250000000003,36.445625,74.65,False,2024,18,Singapore Grand Prix,Marina Bay,Singapore,2024-09-22,12.666666666666666,12.0,10.0,1.2247448713915896,1.0,0.6666666666666661,15.833333333333334,9.5,4.0,-4.4,1.559999999999988,5.0,1.0,,0,18,0,0.20972116184966955
20,MAG,Kevin Magnussen,Haas F1 Team,14.0,19.0,0.0,Retired,False,14.0,90.653,30.786250000000003,36.445625,74.65,False,2024,18,Singapore Grand Prix,Marina Bay,Singapore,2024-09-22,14.0,13.8,10.0,3.0331501776206182,0.9,0.1999999999999993,12.833333333333334,7.0,0.1999999999999993,0.8,1.1280000000000001,11.0,2.0,,0,18,0,0.20972116184966955
23,ALB,Alexander Albon,Williams,11.0,20.0,0.0,Retired,False,11.0,90.474,30.786250000000003,36.445625,74.65,False,2024,18,Singapore Grand Prix,Marina Bay,Singapore,2024-09-22,10.0,11.2,7.0,3.1144823004794837,0.9,-1.1999999999999993,11.0,7.5,-0.1999999999999993,-2.8,0.9489999999999981,14.0,2.0,,0,18,0,0.20972116184966955
16,LEC,Charles Leclerc,Ferrari,4.0,1.0,25.0,Finished,True,,,28.12129032258064,46.60193548387097,35.535483870967745,False,2024,19,United States Grand Prix,Austin,United States,2024-10-20,2.6666666666666665,2.8,1.0,1.4832396974191266,0.9,-0.1333333333333333,6.166666666666667,1.5,1.2000000000000002,-5.2,,11.5,2.0,8.571428571428571,0,19,0,0.22117445562768562
55,SAI,Carlos Sainz,Ferrari,3.0,2.0,18.0,Finished,True,,,28.12129032258064,46.60193548387097,35.535483870967745,False,2024,19,United States Grand Prix,Austin,United States,2024-10-20,9.666666666666666,8.0,4.0,5.700877125495691,0.8,1.666666666666666,6.166666666666667,1.5,-5.0,5.2,,11.5,2.0,4.857142857142857,0,19,0,0.22117445562768562
1,VER,Max Verstappen,Red Bull Racing,2.0,3.0,15.0,Finished,True,,,28.12129032258064,46.60193548387097,35.535483870967745,False,2024,19,United States Grand Prix,Austin,United States,2024-10-20,4.333333333333333,3.8,2.0,1.7888543819998302,1.0,0.5333333333333332,8.0,1.5,-1.7999999999999998,-5.8,,1.0,2.0,2.7142857142857144,0,19,0,0.22117445562768562
4,NOR,Lando Norris,McLaren,1.0,4.0,12.0,Finished,True,,,28.12129032258064,46.60193548387097,35.535483870967745,False,2024,19,United States Grand Prix,Austin,United States,2024-10-20,2.6666666666666665,2.8,1.0,1.7888543819998397,1.0,-0.1333333333333333,2.3333333333333335,1.5,-1.7999999999999998,0.4,,4.0,2.0,6.428571428571429,0,19,0,0.22117445562768562
81,PIA,Oscar Piastri,McLaren,5.0,5.0,10.0,Finished,True,,,28.12129032258064,46.60193548387097,35.535483870967745,False,2024,19,United States Grand Prix,Austin,United States,2024-10-20,2.0,2.4,1.0,1.1401754250991414,1.0,-0.3999999999999999,2.3333333333333335,1.5,2.6,-0.4,,17.0,1.0,7.5,0,19,0,0.22117445562768562
63,RUS,George Russell,Mercedes,20.0,6.0,8.0,Finished,True,,,28.12129032258064,46.60193548387097,35.535483870967745,False,2024,19,United States Grand Prix,Austin,United States,2024-10-20,4.666666666666667,8.2,3.0,6.833739825307955,0.8,-3.5333333333333323,5.666666666666667,1.5,11.8,2.4,,5.0,2.0,9.714285714285714,0,19,0,0.22117445562768562
11,PER,Sergio Perez,Red Bull Racing,9.0,7.0,6.0,Finished,True,,,28.12129032258064,46.60193548387097,35.535483870967745,False,2024,19,United States Grand Prix,Austin,United States,2024-10-20,11.666666666666666,9.6,6.0,4.39317652729776,0.8,2.0666666666666664,8.0,1.5,-0.5999999999999996,5.8,,4.0,2.0,8.428571428571429,0,19,0,0.22117445562768562
27,HUL,Nico Hulkenberg,Haas F1 Team,11.0,8.0,4.0,Finished,True,,,28.12129032258064,46.60193548387097,35.535483870967745,False,2024,19,United States Grand Prix,Austin,United States,2024-10-20,12.333333333333334,13.2,9.0,4.02492235949962,1.0,-0.8666666666666654,12.666666666666666,7.0,-2.1999999999999993,-1.0,,11.0,1.0,11.0,0,19,0,0.22117445562768562
30,LAW,Liam Lawson,RB,19.0,9.0,2.0,Finished,True,,,28.12129032258064,46.60193548387097,35.535483870967745,False,2024,19,United States Grand Prix,Austin,United States,2024-10-20,12.333333333333334,12.2,9.0,3.0331501776206204,1.0,0.13333333333333464,16.0,9.5,6.800000000000001,-4.0,,,0.0,,0,19,0,0.22117445562768562
43,COL,Franco Colapinto,Williams,15.0,10.0,1.0,Finished,True,,,28.12129032258064,46.60193548387097,35.535483870967745,False,2024,19,United States Grand Prix,Austin,United States,2024-10-20,10.333333333333334,10.333333333333334,8.0,2.0816659994661326,1.0,0.0,11.166666666666666,7.5,4.666666666666666,-1.6666666666666667,,,0.0,,0,19,0,0.22117445562768562
20,MAG,Kevin Magnussen,Haas F1 Team,8.0,11.0,0.0,Finished,True,,,28.12129032258064,46.60193548387097,35.535483870967745,False,2024,19,United States Grand Prix,Austin,United States,2024-10-20,15.666666666666666,15.2,10.0,3.563705936241092,0.8,0.4666666666666668,12.666666666666666,7.0,-7.199999999999999,1.6,,11.5,2.0,16.285714285714285,0,19,0,0.22117445562768562
10,GAS,Pierre Gasly,Alpine,6.0,12.0,0.0,Finished,True,,,28.12129032258064,46.60193548387097,35.535483870967745,False,2024,19,United States Grand Prix,Austin,United States,2024-10-20,14.666666666666666,13.2,9.0,3.0331501776206227,0.8,1.4666666666666668,14.333333333333334,5.0,-7.199999999999999,0.0,,10.0,2.0,13.857142857142858,0,19,0,0.22117445562768562
14,ALO,Fernando Alonso,Aston Martin,7.0,13.0,0.0,Lapped,True,,,28.12129032258064,46.60193548387097,35.535483870967745,False,2024,19,United States Grand Prix,Austin,United States,2024-10-20,8.333333333333334,8.6,6.0,1.9493588689617871,1.0,-0.2666666666666657,12.833333333333334,3.5,-1.5999999999999996,-6.6,,11.5,2.0,9.285714285714286,0,19,0,0.22117445562768562
22,TSU,Yuki Tsunoda,RB,10.0,14.0,0.0,Lapped,True,,,28.12129032258064,46.60193548387097,35.535483870967745,False,2024,19,United States Grand Prix,Austin,United States,2024-10-20,17.333333333333332,17.0,12.0,3.3166247903554003,0.8,0.33333333333333215,16.0,9.5,-7.0,3.8,,9.0,2.0,14.0,0,19,0,0.22117445562768562
18,STR,Lance Stroll,Aston Martin,13.0,15.0,0.0,Lapped,True,,,28.12129032258064,46.60193548387097,35.535483870967745,False,2024,19,United States Grand Prix,Austin,United States,2024-10-20,17.333333333333332,15.2,11.0,3.6331804249169886,0.9,2.133333333333333,12.833333333333334,3.5,-2.1999999999999993,6.6,,12.5,2.0,11.285714285714286,0,19,0,0.22117445562768562
23,ALB,Alexander Albon,Williams,14.0,16.0,0.0,Lapped,True,,,28.12129032258064,46.60193548387097,35.535483870967745,False,2024,19,United States Grand Prix,Austin,United States,2024-10-20,12.0,12.4,7.0,5.029910535983715,0.8,-0.40000000000000036,11.166666666666666,7.5,1.5999999999999996,-0.4,,11.0,2.0,13.142857142857142,0,19,0,0.22117445562768562
77,BOT,Valtteri Bottas,Kick Sauber,16.0,17.0,0.0,Lapped,True,,,28.12129032258064,46.60193548387097,35.535483870967745,False,2024,19,United States Grand Prix,Austin,United States,2024-10-20,16.0,16.4,15.0,1.5165750888103096,1.0,-0.3999999999999986,15.833333333333334,14.0,-0.3999999999999986,-0.8,,15.5,2.0,13.428571428571429,0,19,0,0.22117445562768562
31,OCO,Esteban Ocon,Alpine,12.0,18.0,0.0,Lapped,True,,,28.12129032258064,46.60193548387097,35.535483870967745,False,2024,19,United States Grand Prix,Austin,United States,2024-10-20,14.0,13.2,9.0,2.489979919597747,1.0,0.8000000000000007,14.333333333333334,5.0,-1.1999999999999993,0.0,,14.5,2.0,12.428571428571429,0,19,0,0.22117445562768562
24,ZHO,Guanyu Zhou,Kick Sauber,18.0,19.0,0.0,Lapped,True,,,28.12129032258064,46.60193548387097,35.535483870967745,False,2024,19,United States Grand Prix,Austin,United States,2024-10-20,15.666666666666666,17.2,14.0,2.588435821108956,0.9,-1.5333333333333332,15.833333333333334,14.0,0.8000000000000007,0.8,,12.5,2.0,15.428571428571429,0,19,0,0.22117445562768562
44,HAM,Lewis Hamilton,Mercedes,17.0,20.0,0.0,Retired,False,,,28.12129032258064,46.60193548387097,35.535483870967745,False,2024,19,United States Grand Prix,Austin,United States,2024-10-20,6.666666666666667,5.8,1.0,3.1144823004794855,1.0,0.8666666666666671,5.666666666666667,1.5,11.2,-2.4,,10.5,2.0,3.0,0,19,0,0.22117445562768562
55,SAI,Carlos Sainz,Ferrari,1.0,1.0,25.0,Finished,True,1.0,75.946,19.88867924528302,35.60251572327045,51.0503144654088,False,2024,20,Mexico City Grand Prix,Mexico City,Mexico,2024-10-27,9.0,7.2,2.0,6.300793600809347,0.9,1.7999999999999998,5.833333333333333,1.5,-6.2,4.8,0.0,4.5,2.0,6.8,0,20,0,0.2241342080883695
4,NOR,Lando Norris,McLaren,3.0,2.0,18.0,Finished,True,3.0,76.26,19.88867924528302,35.60251572327045,51.0503144654088,False,2024,20,Mexico City Grand Prix,Mexico City,Mexico,2024-10-27,3.0,2.6,1.0,1.5165750888103193,1.0,0.3999999999999999,3.0,1.5,0.3999999999999999,-0.4,0.31400000000000716,7.0,2.0,6.4,0,20,0,0.2241342080883695
16,LEC,Charles Leclerc,Ferrari,4.0,3.0,16.0,Finished,True,4.0,76.265,19.88867924528302,35.60251572327045,51.0503144654088,False,2024,20,Mexico City Grand Prix,Mexico City,Mexico,2024-10-27,2.6666666666666665,2.4,1.0,1.6733200530681458,1.0,0.2666666666666666,5.833333333333333,1.5,1.6,-4.8,0.3190000000000026,4.5,2.0,9.6,0,20,0,0.2241342080883695
44,HAM,Lewis Hamilton,Mercedes,6.0,4.0,12.0,Finished,True,6.0,76.651,19.88867924528302,35.60251572327045,51.0503144654088,False,2024,20,Mexico City Grand Prix,Mexico City,Mexico,2024-10-27,11.666666666666666,9.6,5.0,6.024948132556826,0.9,2.0666666666666664,8.0,1.5,-3.5999999999999996,4.2,0.7049999999999983,2.0,2.0,10.2,0,20,0,0.2241342080883695
63,RUS,George Russell,Mercedes,5.0,5.0,10.0,Finished,True,5.0,76.356,19.88867924528302,35.60251572327045,51.0503144654088,False,2024,20,Mexico City Grand Prix,Mexico City,Mexico,2024-10-27,4.333333333333333,5.4,3.0,1.8165902124584952,0.8,-1.0666666666666673,8.0,1.5,-0.40000000000000036,-4.2,0.4099999999999966,5.0,2.0,6.4,0,20,0,0.2241342080883695
1,VER,Max Verstappen,Red Bull Racing,2.0,6.0,8.0,Finished,True,2.0,76.171,19.88867924528302,35.60251572327045,51.0503144654088,False,2024,20,Mexico City Grand Prix,Mexico City,Mexico,2024-10-27,3.3333333333333335,3.6,2.0,1.8165902124584932,1.0,-0.2666666666666666,7.333333333333333,1.5,-1.6,-6.0,0.22500000000000853,1.0,2.0,2.4,0,20,0,0.2241342080883695
20,MAG,Kevin Magnussen,Haas F1 Team,7.0,7.0,6.0,Finished,True,7.0,76.886,19.88867924528302,35.60251572327045,51.0503144654088,False,2024,20,Mexico City Grand Prix,Mexico City,Mexico,2024-10-27,13.333333333333334,14.4,10.0,4.037325847637269,0.9,-1.0666666666666664,11.333333333333334,7.0,-7.4,1.8,0.9399999999999977,18.0,2.0,14.2,0,20,0,0.2241342080883695
81,PIA,Oscar Piastri,McLaren,17.0,8.0,4.0,Finished,True,17.0,77.597,19.88867924528302,35.60251572327045,51.0503144654088,False,2024,20,Mexico City Grand Prix,Mexico City,Mexico,2024-10-27,3.0,3.0,1.0,1.581138830084192,1.0,0.0,3.0,1.5,14.0,0.4,1.6509999999999962,8.0,1.0,12.0,0,20,0,0.2241342080883695
27,HUL,Nico Hulkenberg,Haas F1 Team,10.0,9.0,2.0,Lapped,True,10.0,77.365,19.88867924528302,35.60251572327045,51.0503144654088,False,2024,20,Mexico City Grand Prix,Mexico City,Mexico,2024-10-27,9.333333333333334,11.2,8.0,3.492849839314595,1.0,-1.8666666666666654,11.333333333333334,7.0,-1.1999999999999993,-2.4,1.418999999999997,13.0,1.0,10.333333333333334,0,20,0,0.2241342080883695
10,GAS,Pierre Gasly,Alpine,8.0,10.0,1.0,Lapped,True,8.0,76.892,19.88867924528302,35.60251572327045,51.0503144654088,False,2024,20,Mexico City Grand Prix,Mexico City,Mexico,2024-10-27,13.666666666666666,13.0,9.0,3.0822070014844907,0.8,0.6666666666666661,14.5,5.0,-5.0,-2.0,0.945999999999998,11.0,2.0,10.6,0,20,0,0.2241342080883695
18,STR,Lance Stroll,Aston Martin,14.0,11.0,0.0,Lapped,True,14.0,77.294,19.88867924528302,35.60251572327045,51.0503144654088,False,2024,20,Mexico City Grand Prix,Mexico City,Mexico,2024-10-27,16.0,16.0,13.0,2.828427124746188,0.9,0.0,12.5,3.5,-2.0,6.4,1.347999999999999,16.0,2.0,11.0,0,20,0,0.2241342080883695
43,COL,Franco Colapinto,Williams,16.0,12.0,0.0,Lapped,True,16.0,77.558,19.88867924528302,35.60251572327045,51.0503144654088,False,2024,20,Mexico City Grand Prix,Mexico City,Mexico,2024-10-27,9.666666666666666,10.25,8.0,1.707825127659933,1.0,-0.5833333333333339,12.0,7.5,5.75,-2.75,1.612000000000009,,0.0,10.0,0,20,0,0.2241342080883695
31,OCO,Esteban Ocon,Alpine,20.0,13.0,0.0,Lapped,True,19.0,77.617,19.88867924528302,35.60251572327045,51.0503144654088,False,2024,20,Mexico City Grand Prix,Mexico City,Mexico,2024-10-27,15.333333333333334,15.0,13.0,1.8708286933869713,1.0,0.3333333333333339,14.5,5.0,5.0,2.0,1.6710000000000065,9.0,2.0,13.0,0,20,0,0.2241342080883695
77,BOT,Valtteri Bottas,Kick Sauber,15.0,14.0,0.0,Lapped,True,15.0,77.817,19.88867924528302,35.60251572327045,51.0503144654088,False,2024,20,Mexico City Grand Prix,Mexico City,Mexico,2024-10-27,16.333333333333332,16.8,16.0,1.3038404810405313,1.0,-0.46666666666666856,16.166666666666668,14.0,-1.8000000000000007,-0.4,1.8709999999999951,12.5,2.0,14.6,0,20,0,0.2241342080883695
24,ZHO,Guanyu Zhou,Kick Sauber,19.0,15.0,0.0,Lapped,True,20.0,78.072,19.88867924528302,35.60251572327045,51.0503144654088,False,2024,20,Mexico City Grand Prix,Mexico City,Mexico,2024-10-27,16.0,17.2,14.0,2.588435821108956,0.9,-1.1999999999999993,16.166666666666668,14.0,1.8000000000000007,0.4,2.1260000000000048,13.5,2.0,14.6,0,20,0,0.2241342080883695
30,LAW,Liam Lawson,RB,12.0,16.0,0.0,Lapped,True,12.0,77.162,19.88867924528302,35.60251572327045,51.0503144654088,False,2024,20,Mexico City Grand Prix,Mexico City,Mexico,2024-10-27,12.333333333333334,11.4,9.0,3.286335345030997,1.0,0.9333333333333336,14.333333333333334,9.5,0.5999999999999996,-4.6,1.2160000000000082,,0.0,9.0,0,20,0,0.2241342080883695
11,PER,Sergio Perez,Red Bull Racing,18.0,17.0,0.0,Lapped,True,18.0,77.611,19.88867924528302,35.60251572327045,51.0503144654088,False,2024,20,Mexico City Grand Prix,Mexico City,Mexico,2024-10-27,11.333333333333334,9.6,6.0,4.39317652729776,0.9,1.7333333333333343,7.333333333333333,1.5,8.4,6.0,1.6650000000000063,11.5,2.0,5.2,0,20,0,0.2241342080883695
14,ALO,Fernando Alonso,Aston Martin,13.0,18.0,0.0,Retired,False,13.0,77.168,19.88867924528302,35.60251572327045,51.0503144654088,False,2024,20,Mexico City Grand Prix,Mexico City,Mexico,2024-10-27,9.0,9.6,6.0,2.701851217221255,1.0,-0.5999999999999996,12.5,3.5,3.4000000000000004,-6.4,1.2220000000000084,18.5,2.0,8.8,0,20,0,0.2241342080883695
23,ALB,Alexander Albon,Williams,9.0,19.0,0.0,Retired,False,9.0,77.065,19.88867924528302,35.60251572327045,51.0503144654088,False,2024,20,Mexico City Grand Prix,Mexico City,Mexico,2024-10-27,14.333333333333334,13.2,7.0,5.263078946776306,0.9,1.1333333333333346,12.0,7.5,-4.199999999999999,1.8,1.1189999999999998,10.5,2.0,14.4,0,20,0,0.2241342080883695
22,TSU,Yuki Tsunoda,RB,11.0,20.0,0.0,Retired,False,11.0,77.129,19.88867924528302,35.60251572327045,51.0503144654088,False,2024,20,Mexico City Grand Prix,Mexico City,Mexico,2024-10-27,15.333333333333334,16.6,12.0,3.5777087639996643,0.8,-1.2666666666666675,14.333333333333334,9.5,-5.600000000000001,3.6,1.183000000000007,16.0,2.0,11.6,0,20,0,0.2241342080883695
1,VER,Max Verstappen,Red Bull Racing,17.0,1.0,26.0,Finished,True,12.0,87.771,21.662686567164172,25.769651741293536,85.2587064676617,True,2024,21,São Paulo Grand Prix,São Paulo,Brazil,2024-11-03,3.6666666666666665,4.4,2.0,1.8165902124584932,1.0,-0.7333333333333338,7.5,1.5,12.6,-7.4,4.366,3.5,2.0,2.1666666666666665,1,21,0,0.2271335679015556
31,OCO,Esteban Ocon,Alpine,4.0,2.0,18.0,Finished,True,4.0,84.475,21.662686567164172,25.769651741293536,85.2587064676617,True,2024,21,São Paulo Grand Prix,São Paulo,Brazil,2024-11-03,14.666666666666666,14.6,13.0,2.073644135332773,1.0,0.06666666666666643,13.833333333333334,5.0,-10.6,1.4,1.0699999999999932,9.0,2.0,13.0,1,21,0,0.2271335679015556
10,GAS,Pierre Gasly,Alpine,13.0,3.0,15.0,Finished,True,15.0,89.614,21.662686567164172,25.769651741293536,85.2587064676617,True,2024,21,São Paulo Grand Prix,São Paulo,Brazil,2024-11-03,13.0,13.2,10.0,2.7748873851023244,0.8,-0.1999999999999993,13.833333333333334,5.0,-0.1999999999999993,-1.4,6.209000000000003,10.5,2.0,10.666666666666666,1,21,0,0.2271335679015556
63,RUS,George Russell,Mercedes,2.0,4.0,12.0,Finished,True,2.0,83.578,21.662686567164172,25.769651741293536,85.2587064676617,True,2024,21,São Paulo Grand Prix,São Paulo,Brazil,2024-11-03,5.0,5.0,3.0,1.5811388300841895,0.8,0.0,7.5,1.5,-3.0,-3.8,0.17300000000000182,8.0,2.0,5.166666666666667,1,21,0,0.2271335679015556
16,LEC,Charles Leclerc,Ferrari,6.0,5.0,10.0,Finished,True,6.0,84.525,21.662686567164172,25.769651741293536,85.2587064676617,True,2024,21,São Paulo Grand Prix,São Paulo,Brazil,2024-11-03,3.0,2.4,1.0,1.6733200530681458,1.0,0.6000000000000001,3.1666666666666665,1.5,3.6,-4.0,1.1200000000000045,12.0,2.0,6.0,1,21,0,0.2271335679015556
4,NOR,Lando Norris,McLaren,1.0,6.0,8.0,Finished,True,1.0,83.405,21.662686567164172,25.769651741293536,85.2587064676617,True,2024,21,São Paulo Grand Prix,São Paulo,Brazil,2024-11-03,2.3333333333333335,2.8,1.0,1.3038404810405404,1.0,-0.46666666666666634,3.8333333333333335,1.5,-1.7999999999999998,-1.0,0.0,10.0,2.0,4.666666666666667,1,21,0,0.2271335679015556
22,TSU,Yuki Tsunoda,RB,3.0,7.0,6.0,Finished,True,3.0,84.111,21.662686567164172,25.769651741293536,85.2587064676617,True,2024,21,São Paulo Grand Prix,São Paulo,Brazil,2024-11-03,15.333333333333334,17.2,12.0,3.8987177379235862,0.7,-1.8666666666666654,14.833333333333334,9.5,-14.2,3.4,0.7060000000000031,13.0,2.0,14.0,1,21,0,0.2271335679015556
81,PIA,Oscar Piastri,McLaren,8.0,8.0,4.0,Finished,True,8.0,84.686,21.662686567164172,25.769651741293536,85.2587064676617,True,2024,21,São Paulo Grand Prix,São Paulo,Brazil,2024-11-03,5.333333333333333,3.8,1.0,2.774887385102323,1.0,1.5333333333333332,3.8333333333333335,1.5,4.2,1.0,1.281000000000006,14.0,1.0,9.5,1,21,0,0.2271335679015556
30,LAW,Liam Lawson,RB,5.0,9.0,2.0,Finished,True,5.0,84.484,21.662686567164172,25.769651741293536,85.2587064676617,True,2024,21,São Paulo Grand Prix,São Paulo,Brazil,2024-11-03,14.0,12.4,9.0,3.8470768123342687,1.0,1.5999999999999996,14.833333333333334,9.5,-7.4,-3.6,1.0789999999999935,,0.0,12.5,1,21,0,0.2271335679015556
44,HAM,Lewis Hamilton,Mercedes,14.0,10.0,1.0,Finished,True,16.0,91.15,21.662686567164172,25.769651741293536,85.2587064676617,True,2024,21,São Paulo Grand Prix,São Paulo,Brazil,2024-11-03,10.0,8.8,4.0,6.534523701081816,0.9,1.1999999999999993,7.5,1.5,5.199999999999999,3.8,7.7450000000000045,5.0,2.0,8.166666666666666,1,21,0,0.2271335679015556
11,PER,Sergio Perez,Red Bull Racing,12.0,11.0,0.0,Finished,True,13.0,88.158,21.662686567164172,25.769651741293536,85.2587064676617,True,2024,21,São Paulo Grand Prix,São Paulo,Brazil,2024-11-03,11.333333333333334,11.8,7.0,4.868264577855235,0.9,-0.4666666666666668,7.5,1.5,0.1999999999999993,7.4,4.753,5.5,2.0,9.166666666666666,1,21,0,0.2271335679015556
50,BEA,Oliver Bearman,Haas F1 Team,15.0,12.0,0.0,Finished,True,17.0,91.229,21.662686567164172,25.769651741293536,85.2587064676617,True,2024,21,São Paulo Grand Prix,São Paulo,Brazil,2024-11-03,8.5,8.5,7.0,2.1213203435596424,1.0,0.0,10.5,7.0,6.5,1.5,7.823999999999998,,0.0,,1,21,0,0.2271335679015556
77,BOT,Valtteri Bottas,Kick Sauber,11.0,13.0,0.0,Finished,True,11.0,86.472,21.662686567164172,25.769651741293536,85.2587064676617,True,2024,21,São Paulo Grand Prix,São Paulo,Brazil,2024-11-03,15.666666666666666,15.8,14.0,1.095445115010327,1.0,-0.13333333333333464,16.0,14.0,-4.800000000000001,-0.4,3.066999999999993,12.5,2.0,14.5,1,21,0,0.2271335679015556
14,ALO,Fernando Alonso,Aston Martin,9.0,14.0,0.0,Finished,True,9.0,88.998,21.662686567164172,25.769651741293536,85.2587064676617,True,2024,21,São Paulo Grand Prix,São Paulo,Brazil,2024-11-03,13.0,11.2,6.0,4.658325879540844,0.9,1.8000000000000007,13.166666666666666,3.5,-2.1999999999999993,-4.4,5.5930000000000035,4.0,2.0,15.166666666666666,1,21,0,0.2271335679015556
24,ZHO,Guanyu Zhou,Kick Sauber,19.0,15.0,0.0,Finished,True,20.0,92.263,21.662686567164172,25.769651741293536,85.2587064676617,True,2024,21,São Paulo Grand Prix,São Paulo,Brazil,2024-11-03,16.333333333333332,16.2,14.0,2.1679483388678786,0.9,0.13333333333333286,16.0,14.0,2.8000000000000007,0.4,8.858000000000004,14.5,2.0,14.333333333333334,1,21,0,0.2271335679015556
55,SAI,Carlos Sainz,Ferrari,20.0,16.0,0.0,Retired,False,14.0,89.406,21.662686567164172,25.769651741293536,85.2587064676617,True,2024,21,São Paulo Grand Prix,São Paulo,Brazil,2024-11-03,3.3333333333333335,6.4,1.0,6.87749954561976,0.9,-3.066666666666667,3.1666666666666665,1.5,13.6,4.0,6.001000000000005,4.5,2.0,5.833333333333333,1,21,0,0.2271335679015556
43,COL,Franco Colapinto,Williams,16.0,17.0,0.0,Retired,False,18.0,91.27,21.662686567164172,25.769651741293536,85.2587064676617,True,2024,21,São Paulo Grand Prix,São Paulo,Brazil,2024-11-03,11.0,10.6,8.0,1.6733200530681511,1.0,0.40000000000000036,14.666666666666666,7.5,5.4,-3.6,7.864999999999995,,0.0,11.0,1,21,0,0.2271335679015556
23,ALB,Alexander Albon,Williams,7.0,18.0,0.0,Did not start,False,7.0,84.657,21.662686567164172,25.769651741293536,85.2587064676617,True,2024,21,São Paulo Grand Prix,São Paulo,Brazil,2024-11-03,18.333333333333332,14.2,7.0,5.890670590009256,0.8,4.133333333333333,14.666666666666666,7.5,-7.199999999999999,3.6,1.2519999999999953,17.0,2.0,13.0,1,21,0,0.2271335679015556
18,STR,Lance Stroll,Aston Martin,10.0,19.0,0.0,Did not start,False,10.0,86.334,21.662686567164172,25.769651741293536,85.2587064676617,True,2024,21,São Paulo Grand Prix,São Paulo,Brazil,2024-11-03,13.333333333333334,15.6,11.0,3.4351128074635318,0.9,-2.2666666666666657,13.166666666666666,3.5,-5.6,4.4,2.929000000000002,7.5,2.0,13.833333333333334,1,21,0,0.2271335679015556
27,HUL,Nico Hulkenberg,Haas F1 Team,18.0,20.0,0.0,Disqualified,False,19.0,91.623,21.662686567164172,25.769651741293536,85.2587064676617,True,2024,21,São Paulo Grand Prix,São Paulo,Brazil,2024-11-03,8.666666666666666,10.8,8.0,3.633180424916989,1.0,-2.1333333333333346,10.5,7.0,7.199999999999999,-0.6,8.218000000000004,12.0,1.0,10.25,1,21,0,0.2271335679015556
63,RUS,George Russell,Mercedes,1.0,1.0,25.0,Finished,True,1.0,92.312,17.825174825174823,17.723776223776223,47.86013986013986,False,2024,22,Las Vegas Grand Prix,Las Vegas,United States,2024-11-23,5.0,4.4,3.0,1.1401754250991372,0.8,0.5999999999999996,8.166666666666666,1.5,-3.4000000000000004,-5.4,0.0,8.0,1.0,5.111111111111111,0,22,0,0.2359261699107059
44,HAM,Lewis Hamilton,Mercedes,10.0,2.0,18.0,Finished,True,10.0,108.106,17.825174825174823,17.723776223776223,47.86013986013986,False,2024,22,Las Vegas Grand Prix,Las Vegas,United States,2024-11-23,11.333333333333334,9.8,4.0,6.180614856144977,0.9,1.5333333333333332,8.166666666666666,1.5,0.1999999999999993,5.4,15.793999999999997,7.0,1.0,6.777777777777778,0,22,0,0.2359261699107059
55,SAI,Carlos Sainz,Ferrari,2.0,3.0,15.0,Finished,True,2.0,92.41,17.825174825174823,17.723776223776223,47.86013986013986,False,2024,22,Las Vegas Grand Prix,Las Vegas,United States,2024-11-23,6.333333333333333,8.8,1.0,7.854934754662193,0.8,-2.4666666666666677,4.666666666666667,1.5,-6.800000000000001,5.6,0.09799999999999898,6.0,1.0,8.125,0,22,0,0.2359261699107059
16,LEC,Charles Leclerc,Ferrari,4.0,4.0,12.0,Finished,True,4.0,92.783,17.825174825174823,17.723776223776223,47.86013986013986,False,2024,22,Las Vegas Grand Prix,Las Vegas,United States,2024-11-23,3.0,3.2,1.0,1.7888543819998268,1.0,-0.20000000000000018,4.666666666666667,1.5,0.7999999999999998,-5.6,0.47100000000000364,2.0,1.0,5.333333333333333,0,22,0,0.2359261699107059
1,VER,Max Verstappen,Red Bull Racing,5.0,5.0,10.0,Finished,True,5.0,92.797,17.825174825174823,17.723776223776223,47.86013986013986,False,2024,22,Las Vegas Grand Prix,Las Vegas,United States,2024-11-23,3.3333333333333335,3.4,1.0,2.0736441353327706,1.0,-0.06666666666666643,7.5,1.5,1.6,-9.0,0.48499999999999943,1.0,1.0,1.7777777777777777,0,22,0,0.2359261699107059
4,NOR,Lando Norris,McLaren,6.0,6.0,9.0,Finished,True,6.0,93.008,17.825174825174823,17.723776223776223,47.86013986013986,False,2024,22,Las Vegas Grand Prix,Las Vegas,United States,2024-11-23,4.0,3.4,1.0,1.9493588689618,1.0,0.6000000000000001,5.5,1.5,2.6,-1.6,0.695999999999998,20.0,1.0,10.11111111111111,0,22,0,0.2359261699107059
81,PIA,Oscar Piastri,McLaren,8.0,7.0,6.0,Finished,True,8.0,93.033,17.825174825174823,17.723776223776223,47.86013986013986,False,2024,22,Las Vegas Grand Prix,Las Vegas,United States,2024-11-23,7.0,5.0,1.0,3.0822070014844893,1.0,2.0,5.5,1.5,3.0,1.6,0.7210000000000036,10.0,1.0,10.5,0,22,0,0.2359261699107059
27,HUL,Nico Hulkenberg,Haas F1 Team,9.0,8.0,4.0,Finished,True,9.0,93.062,17.825174825174823,17.723776223776223,47.86013986013986,False,2024,22,Las Vegas Grand Prix,Las Vegas,United States,2024-11-23,12.333333333333334,11.4,8.0,4.9295030175464944,0.9,0.9333333333333336,11.166666666666666,7.0,-2.4000000000000004,-0.4,0.75,19.0,1.0,12.571428571428571,0,22,0,0.2359261699107059
22,TSU,Yuki Tsunoda,RB,7.0,9.0,2.0,Finished,True,7.0,93.029,17.825174825174823,17.723776223776223,47.86013986013986,False,2024,22,Las Vegas Grand Prix,Las Vegas,United States,2024-11-23,13.666666666666666,14.6,7.0,5.549774770204643,0.7,-0.9333333333333336,12.5,8.0,-7.6,1.6,0.7169999999999987,18.0,1.0,13.11111111111111,0,22,0,0.2359261699107059
11,PER,Sergio Perez,Red Bull Racing,15.0,10.0,1.0,Finished,True,16.0,94.155,17.825174825174823,17.723776223776223,47.86013986013986,False,2024,22,Las Vegas Grand Prix,Las Vegas,United States,2024-11-23,11.666666666666666,12.4,7.0,4.449719092257398,0.9,-0.7333333333333343,7.5,1.5,2.5999999999999996,9.0,1.8430000000000035,3.0,1.0,4.111111111111111,0,22,0,0.2359261699107059
14,ALO,Fernando Alonso,Aston Martin,16.0,11.0,0.0,Finished,True,17.0,94.258,17.825174825174823,17.723776223776223,47.86013986013986,False,2024,22,Las Vegas Grand Prix,Las Vegas,United States,2024-11-23,15.0,11.8,6.0,4.816637831516917,0.9,3.1999999999999993,15.0,3.5,4.199999999999999,-3.8,1.945999999999998,9.0,1.0,7.111111111111111,0,22,0,0.2359261699107059
20,MAG,Kevin Magnussen,Haas F1 Team,12.0,12.0,0.0,Finished,True,12.0,93.297,17.825174825174823,17.723776223776223,47.86013986013986,False,2024,22,Las Vegas Grand Prix,Las Vegas,United States,2024-11-23,12.333333333333334,13.0,7.0,5.244044240850756,0.9,-0.6666666666666661,11.166666666666666,7.0,-1.0,2.2,0.9849999999999994,13.0,1.0,13.25,0,22,0,0.2359261699107059
24,ZHO,Guanyu Zhou,Kick Sauber,13.0,13.0,0.0,Finished,True,13.0,93.566,17.825174825174823,17.723776223776223,47.86013986013986,False,2024,22,Las Vegas Grand Prix,Las Vegas,United States,2024-11-23,16.333333333333332,15.6,14.0,1.9493588689617911,0.9,0.7333333333333325,15.5,14.0,-2.5999999999999996,0.4,1.2540000000000049,15.0,1.0,15.88888888888889,0,22,0,0.2359261699107059
43,COL,Franco Colapinto,Williams,20.0,14.0,0.0,Finished,True,14.0,93.749,17.825174825174823,17.723776223776223,47.86013986013986,False,2024,22,Las Vegas Grand Prix,Las Vegas,United States,2024-11-23,13.0,11.6,8.0,3.361547262794322,0.8333333333333334,1.4000000000000004,15.333333333333334,7.5,8.4,-4.4,1.4369999999999976,,0.0,8.0,0,22,0,0.2359261699107059
18,STR,Lance Stroll,Aston Martin,18.0,15.0,0.0,Finished,True,20.0,94.484,17.825174825174823,17.723776223776223,47.86013986013986,False,2024,22,Las Vegas Grand Prix,Las Vegas,United States,2024-11-23,15.0,15.6,11.0,3.4351128074635318,0.8,-0.5999999999999996,15.0,3.5,2.4000000000000004,3.8,2.171999999999997,5.0,1.0,14.777777777777779,0,22,0,0.2359261699107059
30,LAW,Liam Lawson,RB,14.0,16.0,0.0,Finished,True,15.0,94.257,17.825174825174823,17.723776223776223,47.86013986013986,False,2024,22,Las Vegas Grand Prix,Las Vegas,United States,2024-11-23,11.333333333333334,12.4,9.0,3.8470768123342687,1.0,-1.0666666666666664,12.5,8.0,1.5999999999999996,-1.2,1.9450000000000074,,0.0,,0,22,0,0.2359261699107059
31,OCO,Esteban Ocon,Alpine,11.0,17.0,0.0,Lapped,True,11.0,93.221,17.825174825174823,17.723776223776223,47.86013986013986,False,2024,22,Las Vegas Grand Prix,Las Vegas,United States,2024-11-23,11.0,12.2,2.0,6.058052492344384,1.0,-1.1999999999999993,9.666666666666666,2.5,-1.1999999999999993,1.4,0.909000000000006,4.0,1.0,10.444444444444445,0,22,0,0.2359261699107059
77,BOT,Valtteri Bottas,Kick Sauber,19.0,18.0,0.0,Lapped,True,19.0,94.43,17.825174825174823,17.723776223776223,47.86013986013986,False,2024,22,Las Vegas Grand Prix,Las Vegas,United States,2024-11-23,14.666666666666666,15.2,13.0,1.6431676725154922,1.0,-0.5333333333333332,15.5,14.0,3.8000000000000007,-0.4,2.118000000000009,17.0,1.0,14.555555555555555,0,22,0,0.2359261699107059
23,ALB,Alexander Albon,Williams,17.0,19.0,0.0,Retired,False,18.0,94.425,17.825174825174823,17.723776223776223,47.86013986013986,False,2024,22,Las Vegas Grand Prix,Las Vegas,United States,2024-11-23,17.666666666666668,16.0,7.0,5.244044240850759,0.7,1.6666666666666679,15.333333333333334,7.5,1.0,4.4,2.1129999999999995,12.0,1.0,12.88888888888889,0,22,0,0.2359261699107059
10,GAS,Pierre Gasly,Alpine,3.0,20.0,0.0,Retired,False,3.0,92.664,17.825174825174823,17.723776223776223,47.86013986013986,False,2024,22,Las Vegas Grand Prix,Las Vegas,United States,2024-11-23,8.333333333333334,10.8,3.0,5.069516742254632,0.8,-2.466666666666667,9.666666666666666,2.5,-7.800000000000001,-1.4,0.35200000000000387,11.0,1.0,11.777777777777779,0,22,0,0.2359261699107059
1,VER,Max Verstappen,Red Bull Racing,2.0,1.0,25.0,Finished,True,,,18.926490066225167,22.773509933774836,57.25165562913907,False,2024,23,Qatar Grand Prix,Lusail,Qatar,2024-12-01,4.0,3.4,1.0,2.0736441353327706,1.0,0.6000000000000001,8.333333333333334,1.5,-1.4,-7.6,,1.0,1.0,4.6,0,23,0,0.23953778813894971
16,LEC,Charles Leclerc,Ferrari,5.0,2.0,18.0,Finished,True,,,18.926490066225167,22.773509933774836,57.25165562913907,False,2024,23,Qatar Grand Prix,Lusail,Qatar,2024-12-01,4.0,3.6,1.0,1.6733200530681456,1.0,0.3999999999999999,5.333333333333333,1.5,1.4,-2.2,,5.0,1.0,5.6,0,23,0,0.23953778813894971
81,PIA,Oscar Piastri,McLaren,4.0,3.0,15.0,Finished,True,,,18.926490066225167,22.773509933774836,57.25165562913907,False,2024,23,Qatar Grand Prix,Lusail,Qatar,2024-12-01,7.666666666666667,6.2,3.0,2.1679483388678817,1.0,1.4666666666666668,6.166666666666667,1.5,-2.2,2.4,,2.0,1.0,11.333333333333334,0,23,0,0.23953778813894971
63,RUS,George Russell,Mercedes,1.0,4.0,12.0,Finished,True,,,18.926490066225167,22.773509933774836,57.25165562913907,False,2024,23,Qatar Grand Prix,Lusail,Qatar,2024-12-01,3.3333333333333335,4.0,1.0,1.87082869338697,0.9,-0.6666666666666665,4.333333333333333,1.5,-3.0,-4.4,,4.0,1.0,4.8,0,23,0,0.23953778813894971
10,GAS,Pierre Gasly,Alpine,11.0,5.0,10.0,Finished,True,,,18.926490066225167,22.773509933774836,57.25165562913907,False,2024,23,Qatar Grand Prix,Lusail,Qatar,2024-12-01,11.0,12.4,3.0,6.580273550544842,0.8,-1.4000000000000004,10.833333333333334,2.5,-1.4000000000000004,-0.2,,12.0,1.0,14.8,0,23,0,0.23953778813894971
55,SAI,Carlos Sainz,Ferrari,7.0,6.0,8.0,Finished,True,,,18.926490066225167,22.773509933774836,57.25165562913907,False,2024,23,Qatar Grand Prix,Lusail,Qatar,2024-12-01,6.666666666666667,5.8,1.0,6.1400325732035,0.8,0.8666666666666671,5.333333333333333,1.5,1.2000000000000002,2.2,,20.0,1.0,6.2,0,23,0,0.23953778813894971
14,ALO,Fernando Alonso,Aston Martin,8.0,7.0,6.0,Finished,True,,,18.926490066225167,22.773509933774836,57.25165562913907,False,2024,23,Qatar Grand Prix,Lusail,Qatar,2024-12-01,14.333333333333334,12.8,8.0,3.701351104664347,0.9,1.5333333333333332,14.666666666666666,3.5,-4.800000000000001,-2.0,,6.0,1.0,9.6,0,23,0,0.23953778813894971
24,ZHO,Guanyu Zhou,Kick Sauber,12.0,8.0,4.0,Finished,True,,,18.926490066225167,22.773509933774836,57.25165562913907,False,2024,23,Qatar Grand Prix,Lusail,Qatar,2024-12-01,14.333333333333334,15.4,13.0,2.190890230020663,0.9,-1.0666666666666664,14.666666666666666,14.0,-3.4000000000000004,-0.2,,9.0,1.0,13.2,0,23,0,0.23953778813894971
20,MAG,Kevin Magnussen,Haas F1 Team,10.0,9.0,2.0,Finished,True,,,18.926490066225167,22.773509933774836,57.25165562913907,False,2024,23,Qatar Grand Prix,Lusail,Qatar,2024-12-01,10.0,11.8,7.0,4.438468204234425,0.9,-1.8000000000000007,11.333333333333334,7.0,-1.8000000000000007,1.6,,14.0,1.0,13.4,0,23,0,0.23953778813894971
4,NOR,Lando Norris,McLaren,3.0,10.0,2.0,Finished,True,,,18.926490066225167,22.773509933774836,57.25165562913907,False,2024,23,Qatar Grand Prix,Lusail,Qatar,2024-12-01,4.666666666666667,3.8,1.0,2.280350850198282,1.0,0.8666666666666671,6.166666666666667,1.5,-0.7999999999999998,-2.4,,3.0,1.0,9.8,0,23,0,0.23953778813894971
77,BOT,Valtteri Bottas,Kick Sauber,13.0,11.0,0.0,Finished,True,,,18.926490066225167,22.773509933774836,57.25165562913907,False,2024,23,Qatar Grand Prix,Lusail,Qatar,2024-12-01,15.0,15.6,13.0,2.073644135332769,1.0,-0.5999999999999996,14.666666666666666,14.0,-2.5999999999999996,0.2,,8.0,1.0,13.4,0,23,0,0.23953778813894971
44,HAM,Lewis Hamilton,Mercedes,6.0,12.0,0.0,Finished,True,,,18.926490066225167,22.773509933774836,57.25165562913907,False,2024,23,Qatar Grand Prix,Lusail,Qatar,2024-12-01,5.333333333333333,8.4,2.0,7.127411872482185,0.9,-3.0666666666666673,4.333333333333333,1.5,-2.4000000000000004,4.4,,19.0,1.0,8.4,0,23,0,0.23953778813894971
22,TSU,Yuki Tsunoda,RB,14.0,13.0,0.0,Finished,True,,,18.926490066225167,22.773509933774836,57.25165562913907,False,2024,23,Qatar Grand Prix,Lusail,Qatar,2024-12-01,12.0,12.4,7.0,5.029910535983717,0.7,-0.40000000000000036,12.833333333333334,8.0,1.5999999999999996,-1.2,,15.0,1.0,10.4,0,23,0,0.23953778813894971
30,LAW,Liam Lawson,RB,17.0,14.0,0.0,Finished,True,,,18.926490066225167,22.773509933774836,57.25165562913907,False,2024,23,Qatar Grand Prix,Lusail,Qatar,2024-12-01,13.666666666666666,13.4,9.0,4.03732584763727,1.0,0.2666666666666657,12.833333333333334,8.0,3.5999999999999996,0.4,,17.0,1.0,,0,23,0,0.23953778813894971
23,ALB,Alexander Albon,Williams,16.0,15.0,0.0,Lapped,True,,,18.926490066225167,22.773509933774836,57.25165562913907,False,2024,23,Qatar Grand Prix,Lusail,Qatar,2024-12-01,18.666666666666668,18.4,16.0,1.5165750888103184,0.6,0.26666666666666927,16.5,7.5,-2.3999999999999986,5.6,,13.0,1.0,13.0,0,23,0,0.23953778813894971
27,HUL,Nico Hulkenberg,Haas F1 Team,18.0,16.0,0.0,Retired,False,,,18.926490066225167,22.773509933774836,57.25165562913907,False,2024,23,Qatar Grand Prix,Lusail,Qatar,2024-12-01,12.333333333333334,10.8,8.0,5.167204273105525,0.9,1.5333333333333332,11.333333333333334,7.0,7.199999999999999,-1.4,,16.0,1.0,15.75,0,23,0,0.23953778813894971
11,PER,Sergio Perez,Red Bull Racing,9.0,17.0,0.0,Retired,False,,,18.926490066225167,22.773509933774836,57.25165562913907,False,2024,23,Qatar Grand Prix,Lusail,Qatar,2024-12-01,12.666666666666666,11.0,7.0,3.6742346141747677,0.9,1.666666666666666,8.333333333333334,1.5,-2.0,7.6,,10.0,1.0,5.8,0,23,0,0.23953778813894971
18,STR,Lance Stroll,Aston Martin,15.0,18.0,0.0,Retired,False,,,18.926490066225167,22.773509933774836,57.25165562913907,False,2024,23,Qatar Grand Prix,Lusail,Qatar,2024-12-01,15.0,14.8,11.0,2.8635642126552683,0.8,0.1999999999999993,14.666666666666666,3.5,0.1999999999999993,2.0,,11.0,1.0,9.2,0,23,0,0.23953778813894971
43,COL,Franco Colapinto,Williams,19.0,19.0,0.0,Retired,False,,,18.926490066225167,22.773509933774836,57.25165562913907,False,2024,23,Qatar Grand Prix,Lusail,Qatar,2024-12-01,14.333333333333334,12.8,10.0,2.7748873851023217,0.8571428571428571,1.5333333333333332,16.5,7.5,6.199999999999999,-5.6,,,0.0,,0,23,0,0.23953778813894971
31,OCO,Esteban Ocon,Alpine,20.0,20.0,0.0,Retired,False,,,18.926490066225167,22.773509933774836,57.25165562913907,False,2024,23,Qatar Grand Prix,Lusail,Qatar,2024-12-01,10.666666666666666,12.6,2.0,6.348228099241551,1.0,-1.9333333333333336,10.833333333333334,2.5,7.4,0.2,,7.0,1.0,12.2,0,23,0,0.23953778813894971
4,NOR,Lando Norris,McLaren,1.0,1.0,25.0,Finished,True,,,26.76824324324324,31.80540540540541,51.445945945945944,False,2024,24,Abu Dhabi Grand Prix,Yas Island,United Arab Emirates,2024-12-08,7.333333333333333,5.6,2.0,2.96647939483827,1.0,1.7333333333333334,6.666666666666667,1.5,-4.6,-0.6,,5.5,2.0,10.2,0,24,0,0.2427432783745151
55,SAI,Carlos Sainz,Ferrari,3.0,2.0,18.0,Finished,True,,,26.76824324324324,31.80540540540541,51.445945945945944,False,2024,24,Abu Dhabi Grand Prix,Yas Island,United Arab Emirates,2024-12-08,8.333333333333334,5.6,1.0,6.107372593840988,0.8,2.7333333333333343,6.0,1.5,-2.5999999999999996,2.6,,11.0,2.0,7.0,0,24,0,0.2427432783745151
16,LEC,Charles Leclerc,Ferrari,19.0,3.0,15.0,Finished,True,,,26.76824324324324,31.80540540540541,51.445945945945944,False,2024,24,Abu Dhabi Grand Prix,Yas Island,United Arab Emirates,2024-12-08,3.6666666666666665,3.0,1.0,1.581138830084184,1.0,0.6666666666666665,6.0,1.5,16.0,-2.6,,2.0,2.0,6.2,0,24,0,0.2427432783745151
44,HAM,Lewis Hamilton,Mercedes,16.0,4.0,12.0,Finished,True,,,26.76824324324324,31.80540540540541,51.445945945945944,False,2024,24,Abu Dhabi Grand Prix,Yas Island,United Arab Emirates,2024-12-08,8.0,9.6,2.0,7.127411872482185,0.9,-1.5999999999999996,5.5,1.5,6.4,5.6,,13.5,2.0,9.2,0,24,0,0.2427432783745151
63,RUS,George Russell,Mercedes,6.0,5.0,10.0,Finished,True,,,26.76824324324324,31.80540540540541,51.445945945945944,False,2024,24,Abu Dhabi Grand Prix,Yas Island,United Arab Emirates,2024-12-08,3.0,4.0,1.0,1.87082869338697,0.9,-1.0,5.5,1.5,2.0,-5.6,,4.0,2.0,4.8,0,24,0,0.2427432783745151
1,VER,Max Verstappen,Red Bull Racing,4.0,6.0,8.0,Finished,True,,,26.76824324324324,31.80540540540541,51.445945945945944,False,2024,24,Abu Dhabi Grand Prix,Yas Island,United Arab Emirates,2024-12-08,2.3333333333333335,3.2,1.0,2.2803508501982748,1.0,-0.8666666666666667,7.5,1.5,0.7999999999999998,-9.2,,1.0,2.0,4.6,0,24,0,0.2427432783745151
10,GAS,Pierre Gasly,Alpine,5.0,7.0,6.0,Finished,True,,,26.76824324324324,31.80540540540541,51.445945945945944,False,2024,24,Abu Dhabi Grand Prix,Yas Island,United Arab Emirates,2024-12-08,9.333333333333334,10.0,3.0,6.670832032063169,0.9,-0.6666666666666661,11.166666666666666,2.5,-5.0,-4.0,,13.5,2.0,12.8,0,24,0,0.2427432783745151
27,HUL,Nico Hulkenberg,Haas F1 Team,7.0,8.0,4.0,Finished,True,,,26.76824324324324,31.80540540540541,51.445945945945944,False,2024,24,Abu Dhabi Grand Prix,Yas Island,United Arab Emirates,2024-12-08,14.666666666666666,12.2,8.0,5.495452665613634,0.8,2.466666666666667,12.833333333333334,7.0,-5.199999999999999,2.0,,15.0,1.0,16.0,0,24,0,0.2427432783745151
14,ALO,Fernando Alonso,Aston Martin,8.0,9.0,2.0,Finished,True,,,26.76824324324324,31.80540540540541,51.445945945945944,False,2024,24,Abu Dhabi Grand Prix,Yas Island,United Arab Emirates,2024-12-08,10.666666666666666,12.6,7.0,4.037325847637267,0.9,-1.9333333333333336,14.0,3.5,-4.6,-3.0,,13.5,2.0,6.8,0,24,0,0.2427432783745151
81,PIA,Oscar Piastri,McLaren,2.0,10.0,1.0,Finished,True,,,26.76824324324324,31.80540540540541,51.445945945945944,False,2024,24,Abu Dhabi Grand Prix,Yas Island,United Arab Emirates,2024-12-08,6.0,6.2,3.0,2.1679483388678817,1.0,-0.20000000000000018,6.666666666666667,1.5,-4.2,0.6,,6.0,1.0,8.25,0,24,0,0.2427432783745151
23,ALB,Alexander Albon,Williams,18.0,11.0,0.0,Lapped,True,,,26.76824324324324,31.80540540540541,51.445945945945944,False,2024,24,Abu Dhabi Grand Prix,Yas Island,United Arab Emirates,2024-12-08,17.333333333333332,17.4,15.0,1.8165902124585016,0.6,-0.06666666666666643,17.0,7.5,0.6000000000000014,3.0,,13.5,2.0,13.2,0,24,0,0.2427432783745151
22,TSU,Yuki Tsunoda,RB,11.0,12.0,0.0,Lapped,True,,,26.76824324324324,31.80540540540541,51.445945945945944,False,2024,24,Abu Dhabi Grand Prix,Yas Island,United Arab Emirates,2024-12-08,9.666666666666666,12.6,7.0,5.029910535983717,0.7,-2.9333333333333336,11.333333333333334,8.0,-1.5999999999999996,-0.2,,9.5,2.0,12.2,0,24,0,0.2427432783745151
24,ZHO,Guanyu Zhou,Kick Sauber,15.0,13.0,0.0,Lapped,True,,,26.76824324324324,31.80540540540541,51.445945945945944,False,2024,24,Abu Dhabi Grand Prix,Yas Island,United Arab Emirates,2024-12-08,12.0,14.0,8.0,3.999999999999999,0.9,-2.0,13.0,9.5,1.0,-0.6,,14.5,2.0,10.8,0,24,0,0.2427432783745151
18,STR,Lance Stroll,Aston Martin,13.0,14.0,0.0,Lapped,True,,,26.76824324324324,31.80540540540541,51.445945945945944,False,2024,24,Abu Dhabi Grand Prix,Yas Island,United Arab Emirates,2024-12-08,17.333333333333332,15.6,11.0,3.1304951684997033,0.7,1.7333333333333325,14.0,3.5,-2.5999999999999996,3.0,,9.0,2.0,11.4,0,24,0,0.2427432783745151
61,DOO,Jack Doohan,Alpine,17.0,15.0,0.0,Lapped,True,,,26.76824324324324,31.80540540540541,51.445945945945944,False,2024,24,Abu Dhabi Grand Prix,Yas Island,United Arab Emirates,2024-12-08,,,,,,,11.166666666666666,2.5,,,,,0.0,,0,24,0,0.2427432783745151
20,MAG,Kevin Magnussen,Haas F1 Team,14.0,16.0,0.0,Lapped,True,,,26.76824324324324,31.80540540540541,51.445945945945944,False,2024,24,Abu Dhabi Grand Prix,Yas Island,United Arab Emirates,2024-12-08,9.333333333333334,11.6,7.0,4.560701700396549,0.9,-2.2666666666666657,12.833333333333334,7.0,2.4000000000000004,1.6,,18.5,2.0,10.6,0,24,0,0.2427432783745151
30,LAW,Liam Lawson,RB,12.0,17.0,0.0,Retired,False,,,26.76824324324324,31.80540540540541,51.445945945945944,False,2024,24,Abu Dhabi Grand Prix,Yas Island,United Arab Emirates,2024-12-08,13.0,12.8,9.0,3.563705936241092,1.0,0.1999999999999993,11.333333333333334,8.0,-0.8000000000000007,0.2,,,0.0,15.5,0,24,0,0.2427432783745151
77,BOT,Valtteri Bottas,Kick Sauber,9.0,18.0,0.0,Retired,False,,,26.76824324324324,31.80540540540541,51.445945945945944,False,2024,24,Abu Dhabi Grand Prix,Yas Island,United Arab Emirates,2024-12-08,14.0,14.6,11.0,2.8809720581775817,1.0,-0.5999999999999996,13.0,9.5,-5.6,0.6,,17.0,2.0,10.4,0,24,0,0.2427432783745151
43,COL,Franco Colapinto,Williams,20.0,19.0,0.0,Retired,False,,,26.76824324324324,31.80540540540541,51.445945945945944,False,2024,24,Abu Dhabi Grand Prix,Yas Island,United Arab Emirates,2024-12-08,16.666666666666668,14.4,10.0,3.646916505762094,0.75,2.2666666666666675,17.0,7.5,5.6,-3.0,,,0.0,19.0,0,24,0,0.2427432783745151
11,PER,Sergio Perez,Red Bull Racing,10.0,20.0,0.0,Retired,False,,,26.76824324324324,31.80540540540541,51.445945945945944,False,2024,24,Abu Dhabi Grand Prix,Yas Island,United Arab Emirates,2024-12-08,12.666666666666666,12.4,7.0,4.449719092257398,0.8,0.2666666666666657,7.5,1.5,-2.4000000000000004,9.2,,3.5,2.0,9.8,0,24,0,0.2427432783745151
4,NOR,Lando Norris,McLaren,1.0,1.0,25.0,Finished,True,1.0,75.096,15.707865168539326,18.94213483146067,78.42134831460675,True,2025,1,Australian Grand Prix,Melbourne,Australia,2025-03-16,5.666666666666667,5.0,1.0,3.605551275463993,1.0,0.666666666666667,6.166666666666667,1.5,-4.0,-2.2,0.0,4.666666666666667,3.0,9.0,1,1,0,0.2923961870738905
1,VER,Max Verstappen,Red Bull Racing,3.0,2.0,18.0,Finished,True,3.0,75.481,15.707865168539326,18.94213483146067,78.42134831460675,True,2025,1,Australian Grand Prix,Melbourne,Australia,2025-03-16,4.0,3.8,1.0,2.5884358211089555,1.0,0.20000000000000018,9.833333333333334,1.5,-0.7999999999999998,-11.2,0.3849999999999909,12.666666666666666,3.0,1.125,1,1,0,0.2923961870738905
63,RUS,George Russell,Mercedes,4.0,3.0,15.0,Finished,True,4.0,75.546,15.707865168539326,18.94213483146067,78.42134831460675,True,2025,1,Australian Grand Prix,Melbourne,Australia,2025-03-16,3.3333333333333335,3.8,1.0,1.6431676725154976,1.0,-0.46666666666666634,4.666666666666667,1.5,0.20000000000000018,-2.6,0.45000000000000284,12.666666666666666,3.0,6.75,1,1,0,0.2923961870738905
12,ANT,Andrea Kimi Antonelli,Mercedes,16.0,4.0,12.0,Finished,True,16.0,76.525,15.707865168539326,18.94213483146067,78.42134831460675,True,2025,1,Australian Grand Prix,Melbourne,Australia,2025-03-16,,,,,,,4.666666666666667,1.5,,,1.429000000000002,,0.0,,1,1,0,0.2923961870738905
23,ALB,Alexander Albon,Williams,6.0,5.0,10.0,Finished,True,6.0,75.737,15.707865168539326,18.94213483146067,78.42134831460675,True,2025,1,Australian Grand Prix,Melbourne,Australia,2025-03-16,15.0,16.4,11.0,3.4351128074635366,0.6,-1.3999999999999986,16.166666666666668,7.5,-10.399999999999999,0.2,0.6409999999999911,13.333333333333334,3.0,13.625,1,1,0,0.2923961870738905
18,STR,Lance Stroll,Aston Martin,13.0,6.0,8.0,Finished,True,13.0,76.483,15.707865168539326,18.94213483146067,78.42134831460675,True,2025,1,Australian Grand Prix,Melbourne,Australia,2025-03-16,15.666666666666666,15.4,11.0,3.2093613071762404,0.7,0.2666666666666657,12.333333333333334,3.5,-2.4000000000000004,3.6,1.3870000000000005,7.333333333333333,3.0,10.5,1,1,0,0.2923961870738905
27,HUL,Nico Hulkenberg,Kick Sauber,17.0,7.0,6.0,Finished,True,17.0,76.579,15.707865168539326,18.94213483146067,78.42134831460675,True,2025,1,Australian Grand Prix,Melbourne,Australia,2025-03-16,10.666666666666666,12.2,8.0,5.495452665613634,0.8,-1.5333333333333332,13.5,9.5,4.800000000000001,1.0,1.4829999999999899,8.0,2.0,12.6,1,1,0,0.2923961870738905
16,LEC,Charles Leclerc,Ferrari,7.0,8.0,4.0,Finished,True,7.0,75.755,15.707865168539326,18.94213483146067,78.42134831460675,True,2025,1,Australian Grand Prix,Melbourne,Australia,2025-03-16,3.0,3.4,2.0,1.14017542509913,1.0,-0.3999999999999999,3.3333333333333335,1.5,3.6,-2.2,0.6589999999999918,7.666666666666667,3.0,6.125,1,1,0,0.2923961870738905
81,PIA,Oscar Piastri,McLaren,2.0,9.0,2.0,Finished,True,2.0,75.18,15.707865168539326,18.94213483146067,78.42134831460675,True,2025,1,Australian Grand Prix,Melbourne,Australia,2025-03-16,6.666666666666667,7.2,3.0,2.588435821108958,1.0,-0.5333333333333332,6.166666666666667,1.5,-5.2,2.2,0.08400000000000318,6.0,2.0,10.4,1,1,0,0.2923961870738905
44,HAM,Lewis Hamilton,Ferrari,8.0,10.0,1.0,Finished,True,8.0,75.973,15.707865168539326,18.94213483146067,78.42134831460675,True,2025,1,Australian Grand Prix,Melbourne,Australia,2025-03-16,6.0,6.4,2.0,4.33589667773576,0.9,-0.40000000000000036,3.3333333333333335,1.5,1.5999999999999996,2.6,0.8769999999999953,8.0,3.0,5.875,1,1,0,0.2923961870738905
10,GAS,Pierre Gasly,Alpine,9.0,11.0,0.0,Finished,True,9.0,75.98,15.707865168539326,18.94213483146067,78.42134831460675,True,2025,1,Australian Grand Prix,Melbourne,Australia,2025-03-16,10.666666666666666,9.0,3.0,6.670832032063169,0.9,1.666666666666666,14.0,2.5,0.0,-4.4,0.8840000000000003,11.666666666666666,3.0,12.625,1,1,0,0.2923961870738905
22,TSU,Yuki Tsunoda,Racing Bulls,5.0,12.0,0.0,Finished,True,5.0,75.67,15.707865168539326,18.94213483146067,78.42134831460675,True,2025,1,Australian Grand Prix,Melbourne,Australia,2025-03-16,11.333333333333334,12.2,7.0,4.969909455915671,0.7,-0.8666666666666654,,,-7.199999999999999,-2.2,0.5739999999999981,10.666666666666666,3.0,11.625,1,1,0,0.2923961870738905
31,OCO,Esteban Ocon,Haas F1 Team,19.0,13.0,0.0,Finished,True,19.0,77.147,15.707865168539326,18.94213483146067,78.42134831460675,True,2025,1,Australian Grand Prix,Melbourne,Australia,2025-03-16,13.0,14.0,2.0,7.176350047203662,0.9,-1.0,11.5,7.0,5.0,4.0,2.051000000000002,12.333333333333334,3.0,9.875,1,1,0,0.2923961870738905
87,BEA,Oliver Bearman,Haas F1 Team,20.0,14.0,0.0,Finished,True,20.0,,15.707865168539326,18.94213483146067,78.42134831460675,True,2025,1,Australian Grand Prix,Melbourne,Australia,2025-03-16,9.666666666666666,9.666666666666666,7.0,2.5166114784235836,1.0,0.0,11.5,7.0,10.333333333333334,-1.6666666666666667,,,0.0,,1,1,0,0.2923961870738905
30,LAW,Liam Lawson,Red Bull Racing,18.0,15.0,0.0,Retired,False,18.0,77.094,15.707865168539326,18.94213483146067,78.42134831460675,True,2025,1,Australian Grand Prix,Melbourne,Australia,2025-03-16,15.666666666666666,14.4,9.0,3.2093613071762417,0.9,1.2666666666666657,9.833333333333334,1.5,3.5999999999999996,2.2,1.9979999999999905,,0.0,,1,1,0,0.2923961870738905
5,BOR,Gabriel Bortoleto,Kick Sauber,15.0,16.0,0.0,Retired,False,15.0,77.52,15.707865168539326,18.94213483146067,78.42134831460675,True,2025,1,Australian Grand Prix,Melbourne,Australia,2025-03-16,,,,,,,13.5,9.5,,,2.4239999999999924,,0.0,,1,1,0,0.2923961870738905
14,ALO,Fernando Alonso,Aston Martin,12.0,17.0,0.0,Retired,False,12.0,76.453,15.707865168539326,18.94213483146067,78.42134831460675,True,2025,1,Australian Grand Prix,Melbourne,Australia,2025-03-16,9.0,11.8,7.0,4.324349662087928,0.9,-2.8000000000000007,12.333333333333334,3.5,0.1999999999999993,-3.6,1.3569999999999993,9.333333333333334,3.0,9.75,1,1,0,0.2923961870738905
55,SAI,Carlos Sainz,Williams,10.0,18.0,0.0,Retired,False,10.0,76.062,15.707865168539326,18.94213483146067,78.42134831460675,True,2025,1,Australian Grand Prix,Melbourne,Australia,2025-03-16,3.6666666666666665,5.6,1.0,6.107372593840988,0.8,-1.9333333333333331,16.166666666666668,7.5,4.4,2.2,0.965999999999994,11.0,3.0,7.625,1,1,0,0.2923961870738905
7,DOO,Jack Doohan,Alpine,14.0,19.0,0.0,Retired,False,14.0,76.863,15.707865168539326,18.94213483146067,78.42134831460675,True,2025,1,Australian Grand Prix,Melbourne,Australia,2025-03-16,15.0,15.0,15.0,,1.0,0.0,14.0,2.5,-1.0,8.0,1.766999999999996,,0.0,,1,1,0,0.2923961870738905
6,HAD,Isack Hadjar,Racing Bulls,11.0,20.0,0.0,Retired,False,11.0,76.175,15.707865168539326,18.94213483146067,78.42134831460675,True,2025,1,Australian Grand Prix,Melbourne,Australia,2025-03-16,,,,,,,,,,,1.0789999999999935,,0.0,,1,1,0,0.2923961870738905
81,PIA,Oscar Piastri,McLaren,1.0,1.0,25.0,Finished,True,1.0,90.641,27.21558441558442,35.81688311688312,18.233766233766232,False,2025,2,Chinese Grand Prix,Shanghai,China,2025-03-23,7.333333333333333,7.4,3.0,2.7018512172212605,1.0,-0.06666666666666732,5.666666666666667,1.5,-6.4,2.6,0.0,8.0,1.0,11.0,0,2,0,0.29630902742306414
4,NOR,Lando Norris,McLaren,3.0,2.0,18.0,Finished,True,3.0,90.793,27.21558441558442,35.81688311688312,18.233766233766232,False,2025,2,Chinese Grand Prix,Shanghai,China,2025-03-23,4.0,4.8,1.0,3.8340579025361663,1.0,-0.7999999999999998,5.666666666666667,1.5,-1.7999999999999998,-2.6,0.15200000000000102,2.0,1.0,8.333333333333334,0,2,0,0.29630902742306414
63,RUS,George Russell,Mercedes,2.0,3.0,15.0,Finished,True,2.0,90.723,27.21558441558442,35.81688311688312,18.233766233766232,False,2025,2,Chinese Grand Prix,Shanghai,China,2025-03-23,4.0,3.4,1.0,1.516575088810309,1.0,0.6000000000000001,5.333333333333333,1.5,-1.4,-3.0,0.08199999999999363,6.0,1.0,4.833333333333333,0,2,0,0.29630902742306414
1,VER,Max Verstappen,Red Bull Racing,4.0,4.0,12.0,Finished,True,4.0,90.817,27.21558441558442,35.81688311688312,18.233766233766232,False,2025,2,Chinese Grand Prix,Shanghai,China,2025-03-23,3.0,3.0,1.0,2.3452078799117135,1.0,0.0,10.166666666666666,1.5,1.0,-11.6,0.17599999999998772,1.0,1.0,4.833333333333333,0,2,0,0.29630902742306414
31,OCO,Esteban Ocon,Haas F1 Team,11.0,5.0,10.0,Finished,True,11.0,91.625,27.21558441558442,35.81688311688312,18.233766233766232,False,2025,2,Chinese Grand Prix,Shanghai,China,2025-03-23,16.666666666666668,13.0,2.0,6.819090848492928,0.9,3.666666666666668,12.666666666666666,7.0,-2.0,2.6,0.9839999999999947,11.0,1.0,12.2,0,2,0,0.29630902742306414
12,ANT,Kimi Antonelli,Mercedes,8.0,6.0,8.0,Finished,True,8.0,91.103,27.21558441558442,35.81688311688312,18.233766233766232,False,2025,2,Chinese Grand Prix,Shanghai,China,2025-03-23,4.0,4.0,4.0,,1.0,0.0,5.333333333333333,1.5,4.0,1.0,0.4619999999999891,,0.0,,0,2,0,0.29630902742306414
23,ALB,Alexander Albon,Williams,10.0,7.0,6.0,Finished,True,10.0,91.706,27.21558441558442,35.81688311688312,18.233766233766232,False,2025,2,Chinese Grand Prix,Shanghai,China,2025-03-23,10.333333333333334,13.6,5.0,5.727128425310542,0.6,-3.2666666666666657,14.5,7.5,-3.5999999999999996,-3.8,1.0649999999999977,12.0,1.0,12.666666666666666,0,2,0,0.29630902742306414
87,BEA,Oliver Bearman,Haas F1 Team,17.0,8.0,4.0,Finished,True,17.0,92.018,27.21558441558442,35.81688311688312,18.233766233766232,False,2025,2,Chinese Grand Prix,Shanghai,China,2025-03-23,12.0,10.75,7.0,2.9860788111948198,1.0,1.25,12.666666666666666,7.0,6.25,-1.0,1.3769999999999953,,0.0,,0,2,0,0.29630902742306414
18,STR,Lance Stroll,Aston Martin,14.0,9.0,2.0,Finished,True,14.0,91.773,27.21558441558442,35.81688311688312,18.233766233766232,False,2025,2,Chinese Grand Prix,Shanghai,China,2025-03-23,12.666666666666666,14.4,6.0,5.128352561983233,0.7,-1.7333333333333343,11.833333333333334,3.5,-0.40000000000000036,2.8,1.1319999999999908,15.0,1.0,10.0,0,2,0,0.29630902742306414
55,SAI,Carlos Sainz,Williams,15.0,10.0,1.0,Finished,True,15.0,91.84,27.21558441558442,35.81688311688312,18.233766233766232,False,2025,2,Chinese Grand Prix,Shanghai,China,2025-03-23,8.666666666666666,9.0,2.0,7.483314773547884,0.7,-0.3333333333333339,14.5,7.5,6.0,5.2,1.198999999999998,5.0,1.0,5.5,0,2,0,0.29630902742306414
6,HAD,Isack Hadjar,Racing Bulls,7.0,11.0,0.0,Finished,True,7.0,91.079,27.21558441558442,35.81688311688312,18.233766233766232,False,2025,2,Chinese Grand Prix,Shanghai,China,2025-03-23,20.0,20.0,20.0,,0.0,0.0,16.0,16.0,-13.0,8.0,0.4379999999999882,,0.0,,0,2,0,0.29630902742306414
30,LAW,Liam Lawson,Red Bull Racing,20.0,12.0,0.0,Finished,True,20.0,92.174,27.21558441558442,35.81688311688312,18.233766233766232,False,2025,2,Chinese Grand Prix,Shanghai,China,2025-03-23,15.333333333333334,14.2,9.0,3.114482300479487,0.8,1.1333333333333346,10.166666666666666,1.5,5.800000000000001,5.6,1.5330000000000013,,0.0,17.0,0,2,0,0.29630902742306414
7,DOO,Jack Doohan,Alpine,18.0,13.0,0.0,Finished,True,18.0,92.092,27.21558441558442,35.81688311688312,18.233766233766232,False,2025,2,Chinese Grand Prix,Shanghai,China,2025-03-23,17.0,17.0,15.0,2.8284271247461903,0.5,0.0,12.833333333333334,2.5,1.0,8.0,1.4509999999999934,,0.0,15.0,0,2,0,0.29630902742306414
5,BOR,Gabriel Bortoleto,Kick Sauber,19.0,14.0,0.0,Lapped,True,19.0,92.141,27.21558441558442,35.81688311688312,18.233766233766232,False,2025,2,Chinese Grand Prix,Shanghai,China,2025-03-23,16.0,16.0,16.0,,0.0,0.0,12.166666666666666,9.5,3.0,9.0,1.5,,0.0,,0,2,0,0.29630902742306414
27,HUL,Nico Hulkenberg,Kick Sauber,12.0,15.0,0.0,Lapped,True,12.0,91.632,27.21558441558442,35.81688311688312,18.233766233766232,False,2025,2,Chinese Grand Prix,Shanghai,China,2025-03-23,10.333333333333334,11.8,7.0,5.848076606885378,0.8,-1.4666666666666668,12.166666666666666,9.5,0.1999999999999993,-1.2,0.9909999999999997,10.0,1.0,14.2,0,2,0,0.29630902742306414
22,TSU,Yuki Tsunoda,Racing Bulls,9.0,16.0,0.0,Lapped,True,9.0,91.638,27.21558441558442,35.81688311688312,18.233766233766232,False,2025,2,Chinese Grand Prix,Shanghai,China,2025-03-23,12.333333333333334,10.6,7.0,2.5099800796022267,0.7,1.7333333333333343,16.0,16.0,-1.5999999999999996,-4.6,0.9969999999999999,19.0,1.0,10.666666666666666,0,2,0,0.29630902742306414
14,ALO,Fernando Alonso,Aston Martin,13.0,17.0,0.0,Retired,False,13.0,91.688,27.21558441558442,35.81688311688312,18.233766233766232,False,2025,2,Chinese Grand Prix,Shanghai,China,2025-03-23,11.0,11.6,7.0,3.9749213828703556,0.8,-0.5999999999999996,11.833333333333334,3.5,1.4000000000000004,-2.8,1.046999999999997,7.0,1.0,9.5,0,2,0,0.29630902742306414
16,LEC,Charles Leclerc,Ferrari,6.0,18.0,0.0,Disqualified,False,6.0,91.021,27.21558441558442,35.81688311688312,18.233766233766232,False,2025,2,Chinese Grand Prix,Shanghai,China,2025-03-23,4.333333333333333,4.4,2.0,2.3021728866442634,1.0,-0.06666666666666732,5.166666666666667,1.5,1.5999999999999996,-3.0,0.37999999999999545,4.0,1.0,5.166666666666667,0,2,0,0.29630902742306414
44,HAM,Lewis Hamilton,Ferrari,5.0,19.0,0.0,Disqualified,False,5.0,90.927,27.21558441558442,35.81688311688312,18.233766233766232,False,2025,2,Chinese Grand Prix,Shanghai,China,2025-03-23,8.666666666666666,7.6,2.0,4.33589667773576,0.9,1.0666666666666664,5.166666666666667,1.5,-2.5999999999999996,3.2,0.28600000000000136,9.0,1.0,7.666666666666667,0,2,0,0.29630902742306414
10,GAS,Pierre Gasly,Alpine,16.0,20.0,0.0,Disqualified,False,16.0,91.992,27.21558441558442,35.81688311688312,18.233766233766232,False,2025,2,Chinese Grand Prix,Shanghai,China,2025-03-23,7.666666666666667,9.2,3.0,6.723094525588646,0.9,-1.5333333333333323,12.833333333333334,2.5,6.800000000000001,-5.4,1.350999999999999,13.0,1.0,13.5,0,2,0,0.29630902742306414
1,VER,Max Verstappen,Red Bull Racing,1.0,1.0,25.0,Finished,True,1.0,86.983,14.429999999999998,20.514285714285716,76.37142857142857,False,2025,3,Japanese Grand Prix,Suzuka,Japan,2025-04-06,4.0,3.6,1.0,2.0736441353327706,1.0,0.3999999999999999,9.833333333333334,1.5,-2.6,-11.2,0.0,1.0,3.0,2.111111111111111,0,3,0,0.30429249349361076
4,NOR,Lando Norris,McLaren,2.0,2.0,18.0,Finished,True,2.0,86.995,14.429999999999998,20.514285714285716,76.37142857142857,False,2025,3,Japanese Grand Prix,Suzuka,Japan,2025-04-06,1.3333333333333333,4.0,1.0,3.937003937005909,1.0,-2.666666666666667,4.0,1.5,-2.0,-2.0,0.012000000000000455,5.666666666666667,3.0,6.888888888888889,0,3,0,0.30429249349361076
81,PIA,Oscar Piastri,McLaren,3.0,3.0,15.0,Finished,True,3.0,87.027,14.429999999999998,20.514285714285716,76.37142857142857,False,2025,3,Japanese Grand Prix,Suzuka,Japan,2025-04-06,6.666666666666667,6.0,1.0,3.872983346207418,1.0,0.666666666666667,4.0,1.5,-3.0,2.0,0.04399999999999693,5.5,2.0,8.333333333333334,0,3,0,0.30429249349361076
16,LEC,Charles Leclerc,Ferrari,4.0,4.0,12.0,Finished,True,4.0,87.299,14.429999999999998,20.514285714285716,76.37142857142857,False,2025,3,Japanese Grand Prix,Suzuka,Japan,2025-04-06,9.666666666666666,7.0,2.0,6.557438524301999,0.9,2.666666666666666,10.0,1.5,-3.0,-1.0,0.3160000000000025,3.6666666666666665,3.0,8.333333333333334,0,3,0,0.30429249349361076
63,RUS,George Russell,Mercedes,5.0,5.0,10.0,Finished,True,5.0,87.318,14.429999999999998,20.514285714285716,76.37142857142857,False,2025,3,Japanese Grand Prix,Suzuka,Japan,2025-04-06,3.6666666666666665,3.2,1.0,1.483239697419131,1.0,0.46666666666666634,4.166666666666667,1.5,1.7999999999999998,-2.4,0.33499999999999375,7.333333333333333,3.0,9.11111111111111,0,3,0,0.30429249349361076
12,ANT,Kimi Antonelli,Mercedes,6.0,6.0,8.0,Finished,True,6.0,87.555,14.429999999999998,20.514285714285716,76.37142857142857,False,2025,3,Japanese Grand Prix,Suzuka,Japan,2025-04-06,5.0,5.0,4.0,1.4142135623730951,1.0,0.0,4.166666666666667,1.5,1.0,2.0,0.5720000000000027,,0.0,,0,3,0,0.30429249349361076
44,HAM,Lewis Hamilton,Ferrari,8.0,7.0,6.0,Finished,True,8.0,87.61,14.429999999999998,20.514285714285716,76.37142857142857,False,2025,3,Japanese Grand Prix,Suzuka,Japan,2025-04-06,11.0,9.4,2.0,6.767569726275452,0.8,1.5999999999999996,10.0,1.5,-1.4000000000000004,2.2,0.6269999999999953,6.333333333333333,3.0,4.666666666666667,0,3,0,0.30429249349361076
6,HAD,Isack Hadjar,Racing Bulls,7.0,8.0,4.0,Finished,True,7.0,87.569,14.429999999999998,20.514285714285716,76.37142857142857,False,2025,3,Japanese Grand Prix,Suzuka,Japan,2025-04-06,15.5,15.5,11.0,6.363961030678928,0.5,0.0,14.75,13.5,-8.5,1.5,0.5859999999999985,,0.0,,0,3,0,0.30429249349361076
23,ALB,Alexander Albon,Williams,9.0,9.0,2.0,Finished,True,9.0,87.615,14.429999999999998,20.514285714285716,76.37142857142857,False,2025,3,Japanese Grand Prix,Suzuka,Japan,2025-04-06,7.666666666666667,11.4,5.0,5.727128425310541,0.6,-3.7333333333333334,11.666666666666666,7.5,-2.4000000000000004,-4.6,0.6319999999999908,18.666666666666668,3.0,13.88888888888889,0,3,0,0.30429249349361076
87,BEA,Oliver Bearman,Haas F1 Team,10.0,10.0,1.0,Finished,True,10.0,87.867,14.429999999999998,20.514285714285716,76.37142857142857,False,2025,3,Japanese Grand Prix,Suzuka,Japan,2025-04-06,11.333333333333334,10.2,7.0,2.863564212655271,1.0,1.1333333333333346,10.666666666666666,6.5,-0.1999999999999993,-0.2,0.8840000000000003,,0.0,,0,3,0,0.30429249349361076
14,ALO,Fernando Alonso,Aston Martin,12.0,11.0,0.0,Finished,True,13.0,87.897,14.429999999999998,20.514285714285716,76.37142857142857,False,2025,3,Japanese Grand Prix,Suzuka,Japan,2025-04-06,14.333333333333334,12.2,7.0,4.604345773288533,0.7,2.1333333333333346,12.0,3.5,-0.1999999999999993,-0.2,0.9140000000000015,7.0,3.0,7.333333333333333,0,3,0,0.30429249349361076
22,TSU,Yuki Tsunoda,Red Bull Racing,14.0,12.0,0.0,Finished,True,15.0,88.0,14.429999999999998,20.514285714285716,76.37142857142857,False,2025,3,Japanese Grand Prix,Suzuka,Japan,2025-04-06,13.333333333333334,12.4,9.0,2.5099800796022267,0.8,0.9333333333333336,9.833333333333334,1.5,1.5999999999999996,-3.2,1.016999999999996,11.666666666666666,3.0,13.333333333333334,0,3,0,0.30429249349361076
10,GAS,Pierre Gasly,Alpine,11.0,13.0,0.0,Finished,True,11.0,87.822,14.429999999999998,20.514285714285716,76.37142857142857,False,2025,3,Japanese Grand Prix,Suzuka,Japan,2025-04-06,12.666666666666666,12.6,5.0,7.09224929059886,0.8,0.06666666666666643,14.166666666666666,2.5,-1.5999999999999996,-4.2,0.8389999999999986,14.666666666666666,3.0,13.222222222222221,0,3,0,0.30429249349361076
55,SAI,Carlos Sainz,Williams,15.0,14.0,0.0,Finished,True,12.0,87.836,14.429999999999998,20.514285714285716,76.37142857142857,False,2025,3,Japanese Grand Prix,Suzuka,Japan,2025-04-06,10.0,7.8,2.0,6.496152707564687,0.7,2.2,11.666666666666666,7.5,7.2,3.6,0.8529999999999944,9.333333333333334,3.0,6.555555555555555,0,3,0,0.30429249349361076
7,DOO,Jack Doohan,Alpine,19.0,15.0,0.0,Finished,True,19.0,88.877,14.429999999999998,20.514285714285716,76.37142857142857,False,2025,3,Japanese Grand Prix,Suzuka,Japan,2025-04-06,15.666666666666666,15.666666666666666,13.0,3.055050463303893,0.6666666666666666,0.0,14.166666666666666,2.5,3.333333333333334,3.0,1.8939999999999912,,0.0,,0,3,0,0.30429249349361076
27,HUL,Nico Hulkenberg,Kick Sauber,16.0,16.0,0.0,Finished,True,16.0,88.57,14.429999999999998,20.514285714285716,76.37142857142857,False,2025,3,Japanese Grand Prix,Suzuka,Japan,2025-04-06,10.0,10.8,7.0,4.32434966208793,0.8,-0.8000000000000007,13.833333333333334,9.5,5.199999999999999,-2.6,1.586999999999989,12.5,2.0,13.5,0,3,0,0.30429249349361076
30,LAW,Liam Lawson,Racing Bulls,13.0,17.0,0.0,Finished,True,14.0,87.906,14.429999999999998,20.514285714285716,76.37142857142857,False,2025,3,Japanese Grand Prix,Suzuka,Japan,2025-04-06,14.666666666666666,14.8,12.0,1.923538406167134,0.8,-0.13333333333333464,14.75,13.5,-1.8000000000000007,6.8,0.9230000000000018,11.0,1.0,,0,3,0,0.30429249349361076
31,OCO,Esteban Ocon,Haas F1 Team,18.0,18.0,0.0,Finished,True,18.0,88.696,14.429999999999998,20.514285714285716,76.37142857142857,False,2025,3,Japanese Grand Prix,Suzuka,Japan,2025-04-06,12.666666666666666,11.4,2.0,7.700649323271382,0.9,1.2666666666666657,10.666666666666666,6.5,6.6,1.4,1.7129999999999939,9.333333333333334,3.0,11.11111111111111,0,3,0,0.30429249349361076
5,BOR,Gabriel Bortoleto,Kick Sauber,17.0,19.0,0.0,Finished,True,17.0,88.622,14.429999999999998,20.514285714285716,76.37142857142857,False,2025,3,Japanese Grand Prix,Suzuka,Japan,2025-04-06,15.0,15.0,14.0,1.4142135623730951,0.5,0.0,13.833333333333334,9.5,2.0,4.0,1.6389999999999958,,0.0,,0,3,0,0.30429249349361076
18,STR,Lance Stroll,Aston Martin,20.0,20.0,0.0,Lapped,True,20.0,89.271,14.429999999999998,20.514285714285716,76.37142857142857,False,2025,3,Japanese Grand Prix,Suzuka,Japan,2025-04-06,9.666666666666666,12.4,6.0,4.827007354458867,0.7,-2.7333333333333343,12.0,3.5,7.6,0.2,2.2879999999999967,14.0,3.0,10.88888888888889,0,3,0,0.30429249349361076
81,PIA,Oscar Piastri,McLaren,1.0,1.0,25.0,Finished,True,1.0,89.841,27.052531645569623,31.870253164556964,45.32911392405063,False,2025,4,Bahrain Grand Prix,Sakhir,Bahrain,2025-04-13,4.333333333333333,5.2,1.0,4.024922359499622,1.0,-0.8666666666666671,3.0,1.5,-4.2,2.0,0.0,14.0,2.0,5.25,0,4,0,0.30836452999452313
63,RUS,George Russell,Mercedes,3.0,2.0,18.0,Finished,True,2.0,90.009,27.052531645569623,31.870253164556964,45.32911392405063,False,2025,4,Bahrain Grand Prix,Sakhir,Bahrain,2025-04-13,3.6666666666666665,4.0,3.0,0.9999999999999986,1.0,-0.3333333333333335,4.5,1.5,-1.0,-2.4,0.16800000000000637,5.333333333333333,3.0,4.2,0,4,0,0.30836452999452313
4,NOR,Lando Norris,McLaren,6.0,3.0,15.0,Finished,True,6.0,90.267,27.052531645569623,31.870253164556964,45.32911392405063,False,2025,4,Bahrain Grand Prix,Sakhir,Bahrain,2025-04-13,1.6666666666666667,3.2,1.0,3.8340579025361663,1.0,-1.5333333333333334,3.0,1.5,2.8,-2.0,0.42600000000000193,12.666666666666666,3.0,5.0,0,4,0,0.30836452999452313
16,LEC,Charles Leclerc,Ferrari,2.0,4.0,12.0,Finished,True,3.0,90.175,27.052531645569623,31.870253164556964,45.32911392405063,False,2025,4,Bahrain Grand Prix,Sakhir,Bahrain,2025-04-13,10.0,7.0,2.0,6.557438524301999,0.9,3.0,11.0,1.5,-5.0,-1.8,0.3340000000000032,8.0,3.0,2.8,0,4,0,0.30836452999452313
44,HAM,Lewis Hamilton,Ferrari,9.0,5.0,10.0,Finished,True,9.0,90.772,27.052531645569623,31.870253164556964,45.32911392405063,False,2025,4,Bahrain Grand Prix,Sakhir,Bahrain,2025-04-13,12.0,10.4,4.0,5.683308895353129,0.8,1.5999999999999996,11.0,1.5,-1.4000000000000004,2.6,0.9310000000000116,5.0,3.0,12.4,0,4,0,0.30836452999452313
1,VER,Max Verstappen,Red Bull Racing,7.0,6.0,8.0,Finished,True,7.0,90.423,27.052531645569623,31.870253164556964,45.32911392405063,False,2025,4,Bahrain Grand Prix,Sakhir,Bahrain,2025-04-13,2.3333333333333335,2.8,1.0,2.1679483388678786,1.0,-0.46666666666666634,7.666666666666667,1.5,4.2,-12.4,0.5820000000000078,7.0,3.0,2.0,0,4,0,0.30836452999452313
10,GAS,Pierre Gasly,Alpine,4.0,7.0,6.0,Finished,True,5.0,90.216,27.052531645569623,31.870253164556964,45.32911392405063,False,2025,4,Bahrain Grand Prix,Sakhir,Bahrain,2025-04-13,14.666666666666666,11.2,5.0,5.848076606885381,0.8,3.466666666666667,15.166666666666666,2.5,-7.199999999999999,-5.2,0.375,15.666666666666666,3.0,10.2,0,4,0,0.30836452999452313
31,OCO,Esteban Ocon,Haas F1 Team,14.0,8.0,4.0,Finished,True,14.0,91.594,27.052531645569623,31.870253164556964,45.32911392405063,False,2025,4,Bahrain Grand Prix,Sakhir,Bahrain,2025-04-13,12.0,14.6,5.0,5.941380311005179,0.9,-2.5999999999999996,11.333333333333334,6.5,-0.5999999999999996,3.2,1.7530000000000001,14.0,3.0,11.5,0,4,0,0.30836452999452313
22,TSU,Yuki Tsunoda,Red Bull Racing,10.0,9.0,2.0,Finished,True,10.0,91.303,27.052531645569623,31.870253164556964,45.32911392405063,False,2025,4,Bahrain Grand Prix,Sakhir,Bahrain,2025-04-13,13.333333333333334,13.0,12.0,1.7320508075688774,0.9,0.3333333333333339,7.666666666666667,1.5,-3.0,0.4,1.4620000000000033,11.0,3.0,11.8,0,4,0,0.30836452999452313
87,BEA,Oliver Bearman,Haas F1 Team,20.0,10.0,1.0,Finished,True,20.0,92.373,27.052531645569623,31.870253164556964,45.32911392405063,False,2025,4,Bahrain Grand Prix,Sakhir,Bahrain,2025-04-13,10.666666666666666,10.8,8.0,2.2803508501982765,1.0,-0.13333333333333464,11.333333333333334,6.5,9.2,-2.6,2.5320000000000107,,0.0,,0,4,0,0.30836452999452313
12,ANT,Kimi Antonelli,Mercedes,5.0,11.0,0.0,Finished,True,4.0,90.213,27.052531645569623,31.870253164556964,45.32911392405063,False,2025,4,Bahrain Grand Prix,Sakhir,Bahrain,2025-04-13,5.333333333333333,5.333333333333333,4.0,1.1547005383792517,1.0,0.0,4.5,1.5,-0.33333333333333304,1.6666666666666667,0.3719999999999999,,0.0,,0,4,0,0.30836452999452313
23,ALB,Alexander Albon,Williams,15.0,12.0,0.0,Finished,True,15.0,92.04,27.052531645569623,31.870253164556964,45.32911392405063,False,2025,4,Bahrain Grand Prix,Sakhir,Bahrain,2025-04-13,7.0,9.4,5.0,3.8470768123342665,0.6,-2.4000000000000004,10.5,7.5,5.6,-6.6,2.1990000000000123,12.666666666666666,3.0,13.2,0,4,0,0.30836452999452313
6,HAD,Isack Hadjar,Racing Bulls,12.0,13.0,0.0,Finished,True,12.0,91.271,27.052531645569623,31.870253164556964,45.32911392405063,False,2025,4,Bahrain Grand Prix,Sakhir,Bahrain,2025-04-13,13.0,13.0,8.0,6.244997998398398,0.6666666666666666,0.0,14.0,12.5,-1.0,-2.0,1.4300000000000068,,0.0,,0,4,0,0.30836452999452313
7,DOO,Jack Doohan,Alpine,11.0,14.0,0.0,Finished,True,11.0,91.245,27.052531645569623,31.870253164556964,45.32911392405063,False,2025,4,Bahrain Grand Prix,Sakhir,Bahrain,2025-04-13,15.666666666666666,15.5,13.0,2.516611478423583,0.75,0.16666666666666607,15.166666666666666,2.5,-4.5,2.75,1.4040000000000106,,0.0,15.0,0,4,0,0.30836452999452313
14,ALO,Fernando Alonso,Aston Martin,13.0,15.0,0.0,Finished,True,13.0,91.886,27.052531645569623,31.870253164556964,45.32911392405063,False,2025,4,Bahrain Grand Prix,Sakhir,Bahrain,2025-04-13,15.0,12.2,7.0,4.604345773288533,0.7,2.8000000000000007,13.333333333333334,3.5,0.8000000000000007,-1.2,2.0450000000000017,7.0,3.0,9.8,0,4,0,0.30836452999452313
30,LAW,Liam Lawson,Racing Bulls,17.0,16.0,0.0,Finished,True,17.0,92.165,27.052531645569623,31.870253164556964,45.32911392405063,False,2025,4,Bahrain Grand Prix,Sakhir,Bahrain,2025-04-13,14.666666666666666,15.0,12.0,2.121320343559642,0.8,-0.3333333333333339,14.0,12.5,2.0,7.2,2.3240000000000123,,0.0,16.0,0,4,0,0.30836452999452313
18,STR,Lance Stroll,Aston Martin,19.0,17.0,0.0,Finished,True,19.0,92.283,27.052531645569623,31.870253164556964,45.32911392405063,False,2025,4,Bahrain Grand Prix,Sakhir,Bahrain,2025-04-13,11.666666666666666,13.4,6.0,5.899152481501049,0.8,-1.7333333333333343,13.333333333333334,3.5,5.6,1.2,2.4420000000000073,9.333333333333334,3.0,12.2,0,4,0,0.30836452999452313
5,BOR,Gabriel Bortoleto,Kick Sauber,18.0,18.0,0.0,Finished,True,18.0,92.186,27.052531645569623,31.870253164556964,45.32911392405063,False,2025,4,Bahrain Grand Prix,Sakhir,Bahrain,2025-04-13,16.333333333333332,16.333333333333332,14.0,2.5166114784235836,0.6666666666666666,0.0,14.5,9.5,1.6666666666666679,3.6666666666666665,2.345000000000013,,0.0,,0,4,0,0.30836452999452313
55,SAI,Carlos Sainz,Williams,8.0,19.0,0.0,Retired,False,8.0,90.68,27.052531645569623,31.870253164556964,45.32911392405063,False,2025,4,Bahrain Grand Prix,Sakhir,Bahrain,2025-04-13,14.0,10.0,2.0,6.324555320336762,0.8,4.0,10.5,7.5,-2.0,4.8,0.8390000000000128,3.0,3.0,10.0,0,4,0,0.30836452999452313
27,HUL,Nico Hulkenberg,Kick Sauber,16.0,20.0,0.0,Disqualified,False,16.0,92.067,27.052531645569623,31.870253164556964,45.32911392405063,False,2025,4,Bahrain Grand Prix,Sakhir,Bahrain,2025-04-13,12.666666666666666,12.4,7.0,4.505552130427524,0.8,0.2666666666666657,14.5,9.5,3.5999999999999996,-2.4,2.225999999999999,16.0,3.0,13.75,0,4,0,0.30836452999452313
81,PIA,Oscar Piastri,McLaren,2.0,1.0,25.0,Finished,True,,,29.4838028169014,37.819718309859155,62.725352112676056,False,2025,5,Saudi Arabian Grand Prix,Jeddah,Saudi Arabia,2025-04-20,1.6666666666666667,4.8,1.0,4.3817804600413295,1.0,-3.133333333333333,2.0,1.5,-2.8,3.0,,9.5,2.0,10.166666666666666,0,5,0,0.3124910584123223
1,VER,Max Verstappen,Red Bull Racing,1.0,2.0,18.0,Finished,True,,,29.4838028169014,37.819718309859155,62.725352112676056,False,2025,5,Saudi Arabian Grand Prix,Jeddah,Saudi Arabia,2025-04-20,3.6666666666666665,3.8,1.0,2.2803508501982748,1.0,-0.1333333333333333,7.333333333333333,1.5,-2.8,-9.8,,1.3333333333333333,3.0,2.25,0,5,0,0.3124910584123223
16,LEC,Charles Leclerc,Ferrari,4.0,3.0,15.0,Finished,True,,,29.4838028169014,37.819718309859155,62.725352112676056,False,2025,5,Saudi Arabian Grand Prix,Jeddah,Saudi Arabia,2025-04-20,8.666666666666666,7.4,3.0,6.228964600958973,0.9,1.2666666666666657,9.5,1.5,-3.4000000000000004,-1.2,,4.0,3.0,5.25,0,5,0,0.3124910584123223
4,NOR,Lando Norris,McLaren,10.0,4.0,12.0,Finished,True,,,29.4838028169014,37.819718309859155,62.725352112676056,False,2025,5,Saudi Arabian Grand Prix,Jeddah,Saudi Arabia,2025-04-20,2.3333333333333335,1.8,1.0,0.8366600265340922,1.0,0.5333333333333334,2.0,1.5,8.2,-3.0,,10.666666666666666,3.0,10.625,0,5,0,0.3124910584123223
63,RUS,George Russell,Mercedes,3.0,5.0,10.0,Finished,True,,,29.4838028169014,37.819718309859155,62.725352112676056,False,2025,5,Saudi Arabian Grand Prix,Jeddah,Saudi Arabia,2025-04-20,3.3333333333333335,3.6,2.0,1.3416407864998725,1.0,-0.2666666666666666,5.5,1.5,-0.6000000000000001,-2.6,,5.0,3.0,5.0,0,5,0,0.3124910584123223
12,ANT,Kimi Antonelli,Mercedes,5.0,6.0,8.0,Finished,True,,,29.4838028169014,37.819718309859155,62.725352112676056,False,2025,5,Saudi Arabian Grand Prix,Jeddah,Saudi Arabia,2025-04-20,7.666666666666667,6.75,4.0,2.9860788111948193,1.0,0.916666666666667,5.5,1.5,-1.75,3.5,,,0.0,,0,5,0,0.3124910584123223
44,HAM,Lewis Hamilton,Ferrari,7.0,7.0,6.0,Finished,True,,,29.4838028169014,37.819718309859155,62.725352112676056,False,2025,5,Saudi Arabian Grand Prix,Jeddah,Saudi Arabia,2025-04-20,10.333333333333334,9.0,4.0,6.041522986797286,0.8,1.333333333333334,9.5,1.5,-2.0,1.2,,8.0,3.0,5.75,0,5,0,0.3124910584123223
55,SAI,Carlos Sainz,Williams,6.0,8.0,4.0,Finished,True,,,29.4838028169014,37.819718309859155,62.725352112676056,False,2025,5,Saudi Arabian Grand Prix,Jeddah,Saudi Arabia,2025-04-20,14.333333333333334,12.6,2.0,6.9137544069774455,0.7,1.7333333333333343,11.833333333333334,7.5,-6.6,5.4,,4.5,2.0,8.125,0,5,0,0.3124910584123223
23,ALB,Alexander Albon,Williams,11.0,9.0,2.0,Finished,True,,,29.4838028169014,37.819718309859155,62.725352112676056,False,2025,5,Saudi Arabian Grand Prix,Jeddah,Saudi Arabia,2025-04-20,9.333333333333334,8.8,5.0,2.8635642126552665,0.7,0.5333333333333332,11.833333333333334,7.5,2.1999999999999993,-7.2,,14.666666666666666,3.0,12.875,0,5,0,0.3124910584123223
6,HAD,Isack Hadjar,Racing Bulls,14.0,10.0,1.0,Finished,True,,,29.4838028169014,37.819718309859155,62.725352112676056,False,2025,5,Saudi Arabian Grand Prix,Jeddah,Saudi Arabia,2025-04-20,10.666666666666666,13.0,8.0,5.0990195135927845,0.75,-2.333333333333334,13.5,12.5,1.0,-2.25,,,0.0,,0,5,0,0.3124910584123223
14,ALO,Fernando Alonso,Aston Martin,13.0,11.0,0.0,Finished,True,,,29.4838028169014,37.819718309859155,62.725352112676056,False,2025,5,Saudi Arabian Grand Prix,Jeddah,Saudi Arabia,2025-04-20,14.333333333333334,13.8,9.0,3.6331804249169877,0.7,0.5333333333333332,14.833333333333334,3.5,-0.8000000000000007,0.6,,8.0,3.0,7.5,0,5,0,0.3124910584123223
30,LAW,Liam Lawson,Racing Bulls,12.0,12.0,0.0,Finished,True,,,29.4838028169014,37.819718309859155,62.725352112676056,False,2025,5,Saudi Arabian Grand Prix,Jeddah,Saudi Arabia,2025-04-20,15.0,15.4,12.0,2.0736441353327715,0.8,-0.40000000000000036,13.5,12.5,-3.4000000000000004,7.6,,,0.0,16.0,0,5,0,0.3124910584123223
87,BEA,Oliver Bearman,Haas F1 Team,15.0,13.0,0.0,Finished,True,,,29.4838028169014,37.819718309859155,62.725352112676056,False,2025,5,Saudi Arabian Grand Prix,Jeddah,Saudi Arabia,2025-04-20,9.333333333333334,10.8,8.0,2.2803508501982765,1.0,-1.4666666666666668,9.833333333333334,6.5,4.199999999999999,-2.0,,7.0,1.0,10.0,0,5,0,0.3124910584123223
31,OCO,Esteban Ocon,Haas F1 Team,19.0,14.0,0.0,Finished,True,,,29.4838028169014,37.819718309859155,62.725352112676056,False,2025,5,Saudi Arabian Grand Prix,Jeddah,Saudi Arabia,2025-04-20,10.333333333333334,12.8,5.0,6.3796551630946325,0.9,-2.466666666666667,9.833333333333334,6.5,6.199999999999999,3.4,,9.0,3.0,11.0,0,5,0,0.3124910584123223
27,HUL,Nico Hulkenberg,Kick Sauber,18.0,15.0,0.0,Lapped,True,,,29.4838028169014,37.819718309859155,62.725352112676056,False,2025,5,Saudi Arabian Grand Prix,Jeddah,Saudi Arabia,2025-04-20,17.0,13.2,7.0,5.540758070878027,0.7,3.8000000000000007,17.0,9.5,4.800000000000001,-3.4,,11.333333333333334,3.0,13.5,0,5,0,0.3124910584123223
18,STR,Lance Stroll,Aston Martin,16.0,16.0,0.0,Lapped,True,,,29.4838028169014,37.819718309859155,62.725352112676056,False,2025,5,Saudi Arabian Grand Prix,Jeddah,Saudi Arabia,2025-04-20,15.333333333333334,13.2,6.0,5.718391382198317,0.8,2.1333333333333346,14.833333333333334,3.5,2.8000000000000007,-0.6,,17.333333333333332,3.0,12.625,0,5,0,0.3124910584123223
7,DOO,Jack Doohan,Alpine,17.0,17.0,0.0,Lapped,True,,,29.4838028169014,37.819718309859155,62.725352112676056,False,2025,5,Saudi Arabian Grand Prix,Jeddah,Saudi Arabia,2025-04-20,14.0,15.2,13.0,2.2803508501982757,0.8,-1.1999999999999993,13.666666666666666,2.5,1.8000000000000007,3.6,,,0.0,,0,5,0,0.3124910584123223
5,BOR,Gabriel Bortoleto,Kick Sauber,20.0,18.0,0.0,Lapped,True,,,29.4838028169014,37.819718309859155,62.725352112676056,False,2025,5,Saudi Arabian Grand Prix,Jeddah,Saudi Arabia,2025-04-20,17.0,16.75,14.0,2.2173557826083456,0.75,0.25,17.0,9.5,3.25,2.25,,,0.0,,0,5,0,0.3124910584123223
22,TSU,Yuki Tsunoda,Red Bull Racing,8.0,19.0,0.0,Retired,False,,,29.4838028169014,37.819718309859155,62.725352112676056,False,2025,5,Saudi Arabian Grand Prix,Jeddah,Saudi Arabia,2025-04-20,12.333333333333334,12.2,9.0,2.4899799195977463,0.9,0.13333333333333464,7.333333333333333,1.5,-4.199999999999999,1.2,,15.0,3.0,12.5,0,5,0,0.3124910584123223
10,GAS,Pierre Gasly,Alpine,9.0,20.0,0.0,Retired,False,,,29.4838028169014,37.819718309859155,62.725352112676056,False,2025,5,Saudi Arabian Grand Prix,Jeddah,Saudi Arabia,2025-04-20,13.333333333333334,11.6,7.0,5.366563145999498,0.8,1.7333333333333343,13.666666666666666,2.5,-2.5999999999999996,-3.6,,12.333333333333334,3.0,12.5,0,5,0,0.3124910584123223
81,PIA,Oscar Piastri,McLaren,4.0,1.0,25.0,Finished,True,4.0,86.375,26.573154362416112,38.69060402684564,63.02013422818792,True,2025,6,Miami Grand Prix,Miami Gardens,United States,2025-05-04,1.6666666666666667,3.0,1.0,3.4641016151377553,1.0,-1.3333333333333333,2.3333333333333335,1.5,1.0,0.6,0.17100000000000648,,0.0,,1,6,0,0.32091051759613587
4,NOR,Lando Norris,McLaren,2.0,2.0,18.0,Finished,True,2.0,86.269,26.573154362416112,38.69060402684564,63.02013422818792,True,2025,6,Miami Grand Prix,Miami Gardens,United States,2025-05-04,3.0,2.4,1.0,1.14017542509915,1.0,0.6000000000000001,2.3333333333333335,1.5,-0.3999999999999999,-0.6,0.06500000000001194,,0.0,,1,6,0,0.32091051759613587
63,RUS,George Russell,Mercedes,5.0,3.0,15.0,Finished,True,5.0,86.385,26.573154362416112,38.69060402684564,63.02013422818792,True,2025,6,Miami Grand Prix,Miami Gardens,United States,2025-05-04,4.0,3.6,2.0,1.3416407864998725,1.0,0.3999999999999999,5.833333333333333,1.5,1.4,-3.0,0.1810000000000116,,0.0,,1,6,0,0.32091051759613587
1,VER,Max Verstappen,Red Bull Racing,1.0,4.0,12.0,Finished,True,1.0,86.204,26.573154362416112,38.69060402684564,63.02013422818792,True,2025,6,Miami Grand Prix,Miami Gardens,United States,2025-05-04,3.0,3.0,1.0,1.9999999999999984,1.0,0.0,8.166666666666666,1.5,-2.0,-10.4,0.0,,0.0,,1,6,0,0.32091051759613587
23,ALB,Alexander Albon,Williams,7.0,5.0,10.0,Finished,True,7.0,86.682,26.573154362416112,38.69060402684564,63.02013422818792,True,2025,6,Miami Grand Prix,Miami Gardens,United States,2025-05-04,10.0,8.4,5.0,2.607680962081054,0.7,1.5999999999999996,11.833333333333334,7.5,-1.4000000000000004,-5.4,0.47800000000000864,,0.0,,1,6,0,0.32091051759613587
12,ANT,Kimi Antonelli,Mercedes,3.0,6.0,8.0,Finished,True,3.0,86.271,26.573154362416112,38.69060402684564,63.02013422818792,True,2025,6,Miami Grand Prix,Miami Gardens,United States,2025-05-04,7.666666666666667,6.6,4.0,2.6076809620810595,1.0,1.0666666666666673,5.833333333333333,1.5,-3.5999999999999996,3.0,0.06700000000000728,,0.0,,1,6,0,0.32091051759613587
16,LEC,Charles Leclerc,Ferrari,8.0,7.0,6.0,Finished,True,8.0,86.754,26.573154362416112,38.69060402684564,63.02013422818792,True,2025,6,Miami Grand Prix,Miami Gardens,United States,2025-05-04,3.6666666666666665,7.4,3.0,6.228964600958973,0.9,-3.733333333333334,5.0,1.5,0.5999999999999996,-2.2,0.5500000000000114,,0.0,,1,6,0,0.32091051759613587
44,HAM,Lewis Hamilton,Ferrari,12.0,8.0,4.0,Finished,True,12.0,87.006,26.573154362416112,38.69060402684564,63.02013422818792,True,2025,6,Miami Grand Prix,Miami Gardens,United States,2025-05-04,6.333333333333333,9.6,5.0,5.549774770204643,0.9,-3.2666666666666666,5.0,1.5,2.4000000000000004,2.2,0.8020000000000067,,0.0,,1,6,0,0.32091051759613587
55,SAI,Carlos Sainz,Williams,6.0,9.0,2.0,Finished,True,6.0,86.569,26.573154362416112,38.69060402684564,63.02013422818792,True,2025,6,Miami Grand Prix,Miami Gardens,United States,2025-05-04,13.666666666666666,13.8,8.0,4.816637831516925,0.7,-0.13333333333333464,11.833333333333334,7.5,-7.800000000000001,5.4,0.3650000000000091,,0.0,,1,6,0,0.32091051759613587
22,TSU,Yuki Tsunoda,Red Bull Racing,10.0,10.0,1.0,Finished,True,10.0,86.943,26.573154362416112,38.69060402684564,63.02013422818792,True,2025,6,Miami Grand Prix,Miami Gardens,United States,2025-05-04,13.333333333333334,13.6,9.0,3.9115214431215892,0.8,-0.2666666666666657,8.166666666666666,1.5,-3.5999999999999996,5.6,0.7390000000000043,,0.0,,1,6,0,0.32091051759613587
6,HAD,Isack Hadjar,Racing Bulls,11.0,11.0,0.0,Finished,True,11.0,86.987,26.573154362416112,38.69060402684564,63.02013422818792,True,2025,6,Miami Grand Prix,Miami Gardens,United States,2025-05-04,10.333333333333334,12.4,8.0,4.61519230368573,0.8,-2.0666666666666664,12.666666666666666,11.0,-1.4000000000000004,-2.2,0.7830000000000013,,0.0,,1,6,0,0.32091051759613587
31,OCO,Esteban Ocon,Haas F1 Team,9.0,12.0,0.0,Finished,True,9.0,86.824,26.573154362416112,38.69060402684564,63.02013422818792,True,2025,6,Miami Grand Prix,Miami Gardens,United States,2025-05-04,13.333333333333334,11.6,5.0,5.128352561983235,0.9,1.7333333333333343,12.166666666666666,6.5,-2.5999999999999996,0.6,0.6200000000000045,,0.0,,1,6,0,0.32091051759613587
10,GAS,Pierre Gasly,Alpine,20.0,13.0,0.0,Finished,True,18.0,87.71,26.573154362416112,38.69060402684564,63.02013422818792,True,2025,6,Miami Grand Prix,Miami Gardens,United States,2025-05-04,13.333333333333334,14.2,7.0,5.718391382198321,0.7,-0.8666666666666654,14.333333333333334,2.5,5.800000000000001,-1.4,1.5060000000000002,,0.0,,1,6,0,0.32091051759613587
27,HUL,Nico Hulkenberg,Kick Sauber,16.0,14.0,0.0,Lapped,True,16.0,87.473,26.573154362416112,38.69060402684564,63.02013422818792,True,2025,6,Miami Grand Prix,Miami Gardens,United States,2025-05-04,17.0,14.6,7.0,4.722287581247038,0.7,2.4000000000000004,17.666666666666668,9.5,1.4000000000000004,-2.4,1.2690000000000055,,0.0,,1,6,0,0.32091051759613587
14,ALO,Fernando Alonso,Aston Martin,17.0,15.0,0.0,Lapped,True,17.0,87.604,26.573154362416112,38.69060402684564,63.02013422818792,True,2025,6,Miami Grand Prix,Miami Gardens,United States,2025-05-04,12.333333333333334,14.2,11.0,3.033150177620617,0.7,-1.8666666666666654,15.0,3.5,2.8000000000000007,0.6,1.4000000000000057,,0.0,,1,6,0,0.32091051759613587
18,STR,Lance Stroll,Aston Martin,18.0,16.0,0.0,Lapped,True,19.0,87.83,26.573154362416112,38.69060402684564,63.02013422818792,True,2025,6,Miami Grand Prix,Miami Gardens,United States,2025-05-04,17.666666666666668,13.6,6.0,5.856620185738527,0.8,4.066666666666668,15.0,3.5,4.4,-0.6,1.6260000000000048,,0.0,,1,6,0,0.32091051759613587
30,LAW,Liam Lawson,Racing Bulls,15.0,17.0,0.0,Retired,False,15.0,87.363,26.573154362416112,38.69060402684564,63.02013422818792,True,2025,6,Miami Grand Prix,Miami Gardens,United States,2025-05-04,15.0,14.4,12.0,2.3021728866442674,0.8,0.5999999999999996,12.666666666666666,11.0,0.5999999999999996,7.0,1.159000000000006,,0.0,,1,6,0,0.32091051759613587
5,BOR,Gabriel Bortoleto,Kick Sauber,13.0,18.0,0.0,Retired,False,13.0,87.151,26.573154362416112,38.69060402684564,63.02013422818792,True,2025,6,Miami Grand Prix,Miami Gardens,United States,2025-05-04,18.333333333333332,17.0,14.0,2.0000000000000004,0.8,1.3333333333333321,17.666666666666668,9.5,-4.0,2.4,0.9470000000000027,,0.0,,1,6,0,0.32091051759613587
87,BEA,Oliver Bearman,Haas F1 Team,19.0,19.0,0.0,Retired,False,20.0,87.999,26.573154362416112,38.69060402684564,63.02013422818792,True,2025,6,Miami Grand Prix,Miami Gardens,United States,2025-05-04,11.0,11.0,8.0,2.4494897427831783,1.0,0.0,12.166666666666666,6.5,8.0,-0.6,1.7950000000000017,,0.0,,1,6,0,0.32091051759613587
7,DOO,Jack Doohan,Alpine,14.0,20.0,0.0,Retired,False,14.0,87.186,26.573154362416112,38.69060402684564,63.02013422818792,True,2025,6,Miami Grand Prix,Miami Gardens,United States,2025-05-04,15.333333333333334,15.6,13.0,2.408318915758459,0.8333333333333334,-0.2666666666666657,14.333333333333334,2.5,-1.5999999999999996,1.4,0.9820000000000135,,0.0,,1,6,0,0.32091051759613587
1,VER,Max Verstappen,Red Bull Racing,2.0,1.0,25.0,Finished,True,,,23.964666666666663,42.664,38.306666666666665,False,2025,7,Emilia Romagna Grand Prix,Imola,Italy,2025-05-18,4.0,3.4,1.0,1.9493588689617911,1.0,0.6000000000000001,8.333333333333334,1.5,-1.4,-9.0,,1.0,2.0,4.6,0,7,0,0.3295568226081407
4,NOR,Lando Norris,McLaren,4.0,2.0,18.0,Finished,True,,,23.964666666666663,42.664,38.306666666666665,False,2025,7,Emilia Romagna Grand Prix,Imola,Italy,2025-05-18,3.0,2.6,2.0,0.8944271909999311,1.0,0.3999999999999999,2.0,1.5,1.4,1.2,,2.5,2.0,7.2,0,7,0,0.3295568226081407
81,PIA,Oscar Piastri,McLaren,1.0,3.0,15.0,Finished,True,,,23.964666666666663,42.664,38.306666666666665,False,2025,7,Emilia Romagna Grand Prix,Imola,Italy,2025-05-18,1.0,1.4,1.0,0.8944271909999189,1.0,-0.3999999999999999,2.0,1.5,-0.3999999999999999,-1.2,,4.0,1.0,8.142857142857142,0,7,0,0.3295568226081407
44,HAM,Lewis Hamilton,Ferrari,12.0,4.0,12.0,Finished,True,,,23.964666666666663,42.664,38.306666666666665,False,2025,7,Emilia Romagna Grand Prix,Imola,Italy,2025-05-18,6.666666666666667,9.2,5.0,5.585696017507576,0.9,-2.5333333333333323,5.666666666666667,1.5,2.8000000000000007,2.0,,9.5,2.0,5.4,0,7,0,0.3295568226081407
23,ALB,Alexander Albon,Williams,7.0,5.0,10.0,Finished,True,,,23.964666666666663,42.664,38.306666666666665,False,2025,7,Emilia Romagna Grand Prix,Imola,Italy,2025-05-18,8.666666666666666,8.4,5.0,2.607680962081054,0.8,0.2666666666666657,10.333333333333334,7.0,-1.4000000000000004,-3.6,,15.5,2.0,13.4,0,7,0,0.3295568226081407
16,LEC,Charles Leclerc,Ferrari,11.0,6.0,8.0,Finished,True,,,23.964666666666663,42.664,38.306666666666665,False,2025,7,Emilia Romagna Grand Prix,Imola,Italy,2025-05-18,4.666666666666667,7.2,3.0,6.220932405998314,0.9,-2.533333333333333,5.666666666666667,1.5,3.8,-2.0,,4.5,2.0,9.5,0,7,0,0.3295568226081407
63,RUS,George Russell,Mercedes,3.0,7.0,6.0,Finished,True,,,23.964666666666663,42.664,38.306666666666665,False,2025,7,Emilia Romagna Grand Prix,Imola,Italy,2025-05-18,3.3333333333333335,3.6,2.0,1.3416407864998725,1.0,-0.2666666666666666,5.5,1.5,-0.6000000000000001,-3.4,,5.5,2.0,7.7,0,7,0,0.3295568226081407
55,SAI,Carlos Sainz,Williams,6.0,8.0,4.0,Finished,True,,,23.964666666666663,42.664,38.306666666666665,False,2025,7,Emilia Romagna Grand Prix,Imola,Italy,2025-05-18,12.0,12.0,8.0,4.527692569068713,0.7,0.0,10.333333333333334,7.0,-6.0,3.6,,12.5,2.0,8.9,0,7,0,0.3295568226081407
6,HAD,Isack Hadjar,Racing Bulls,9.0,9.0,2.0,Finished,True,,,23.964666666666663,42.664,38.306666666666665,False,2025,7,Emilia Romagna Grand Prix,Imola,Italy,2025-05-18,11.333333333333334,10.6,8.0,1.8165902124584954,0.8333333333333334,0.7333333333333343,13.166666666666666,11.0,-1.5999999999999996,-5.0,,,0.0,20.0,0,7,0,0.3295568226081407
22,TSU,Yuki Tsunoda,Red Bull Racing,20.0,10.0,1.0,Finished,True,,,23.964666666666663,42.664,38.306666666666665,False,2025,7,Emilia Romagna Grand Prix,Imola,Italy,2025-05-18,12.666666666666666,13.2,9.0,4.207136793592526,0.9,-0.5333333333333332,8.333333333333334,1.5,6.800000000000001,8.4,,8.5,2.0,13.1,0,7,0,0.3295568226081407
14,ALO,Fernando Alonso,Aston Martin,5.0,11.0,0.0,Finished,True,,,23.964666666666663,42.664,38.306666666666665,False,2025,7,Emilia Romagna Grand Prix,Imola,Italy,2025-05-18,13.666666666666666,13.8,11.0,2.6832815729997437,0.8,-0.13333333333333464,15.0,3.5,-8.8,-1.8,,19.0,2.0,9.0,0,7,0,0.3295568226081407
27,HUL,Nico Hulkenberg,Kick Sauber,17.0,12.0,0.0,Finished,True,,,23.964666666666663,42.664,38.306666666666665,False,2025,7,Emilia Romagna Grand Prix,Imola,Italy,2025-05-18,16.333333333333332,16.0,14.0,2.3452078799117153,0.7,0.33333333333333215,17.166666666666668,9.5,1.0,-1.4,,11.0,1.0,10.714285714285714,0,7,0,0.3295568226081407
10,GAS,Pierre Gasly,Alpine,10.0,13.0,0.0,Finished,True,,,23.964666666666663,42.664,38.306666666666665,False,2025,7,Emilia Romagna Grand Prix,Imola,Italy,2025-05-18,13.333333333333334,14.6,7.0,5.504543577809157,0.7,-1.2666666666666657,15.166666666666666,2.5,-4.6,-1.2,,14.0,2.0,11.3,0,7,0,0.3295568226081407
30,LAW,Liam Lawson,Racing Bulls,15.0,14.0,0.0,Finished,True,,,23.964666666666663,42.664,38.306666666666665,False,2025,7,Emilia Romagna Grand Prix,Imola,Italy,2025-05-18,15.0,14.8,12.0,2.5884358211089564,0.7,0.1999999999999993,13.166666666666666,11.0,0.1999999999999993,5.6,,,0.0,15.0,0,7,0,0.3295568226081407
18,STR,Lance Stroll,Aston Martin,8.0,15.0,0.0,Finished,True,,,23.964666666666663,42.664,38.306666666666665,False,2025,7,Emilia Romagna Grand Prix,Imola,Italy,2025-05-18,16.333333333333332,15.6,9.0,4.037325847637267,0.8,0.7333333333333325,15.0,3.5,-7.6,1.8,,9.5,2.0,8.9,0,7,0,0.3295568226081407
43,COL,Franco Colapinto,Alpine,16.0,16.0,0.0,Finished,True,,,23.964666666666663,42.664,38.306666666666665,False,2025,7,Emilia Romagna Grand Prix,Imola,Italy,2025-05-18,17.333333333333332,16.2,12.0,3.1144823004794877,0.6666666666666666,1.1333333333333329,15.166666666666666,2.5,-0.1999999999999993,-0.2,,,0.0,,0,7,0,0.3295568226081407
87,BEA,Oliver Bearman,Haas F1 Team,19.0,17.0,0.0,Finished,True,,,23.964666666666663,42.664,38.306666666666665,False,2025,7,Emilia Romagna Grand Prix,Imola,Italy,2025-05-18,14.0,12.0,8.0,4.301162633521313,0.8888888888888888,2.0,12.666666666666666,6.5,7.0,0.6,,,0.0,14.0,0,7,0,0.3295568226081407
5,BOR,Gabriel Bortoleto,Kick Sauber,14.0,18.0,0.0,Finished,True,,,23.964666666666663,42.664,38.306666666666665,False,2025,7,Emilia Romagna Grand Prix,Imola,Italy,2025-05-18,18.0,17.4,14.0,1.9493588689617933,0.6666666666666666,0.6000000000000014,17.166666666666668,9.5,-3.3999999999999986,1.4,,,0.0,16.0,0,7,0,0.3295568226081407
12,ANT,Kimi Antonelli,Mercedes,13.0,19.0,0.0,Retired,False,,,23.964666666666663,42.664,38.306666666666665,False,2025,7,Emilia Romagna Grand Prix,Imola,Italy,2025-05-18,7.666666666666667,7.0,6.0,2.23606797749979,1.0,0.666666666666667,5.5,1.5,6.0,3.4,,,0.0,4.0,0,7,0,0.3295568226081407
31,OCO,Esteban Ocon,Haas F1 Team,18.0,20.0,0.0,Retired,False,,,23.964666666666663,42.664,38.306666666666665,False,2025,7,Emilia Romagna Grand Prix,Imola,Italy,2025-05-18,11.333333333333334,11.4,5.0,5.079370039680118,0.9,-0.06666666666666643,12.666666666666666,6.5,6.6,-0.6,,14.0,2.0,9.9,0,7,0,0.3295568226081407
4,NOR,Lando Norris,McLaren,1.0,1.0,25.0,Finished,True,1.0,69.954,22.209375,43.317499999999995,52.51875,False,2025,8,Monaco Grand Prix,Monaco,Monaco,2025-05-25,2.6666666666666665,2.6,2.0,0.8944271909999311,1.0,0.06666666666666643,2.1666666666666665,1.5,-1.6,0.8,0.0,6.333333333333333,3.0,8.285714285714286,0,8,0,0.3339669458924116
16,LEC,Charles Leclerc,Ferrari,2.0,2.0,18.0,Finished,True,2.0,70.063,22.209375,43.317499999999995,52.51875,False,2025,8,Monaco Grand Prix,Monaco,Monaco,2025-05-25,5.333333333333333,4.8,3.0,1.643167672515492,0.9,0.5333333333333332,5.833333333333333,1.5,-2.8,-1.4,0.10900000000000887,3.6666666666666665,3.0,5.571428571428571,0,8,0,0.3339669458924116
81,PIA,Oscar Piastri,McLaren,3.0,3.0,15.0,Finished,True,3.0,70.129,22.209375,43.317499999999995,52.51875,False,2025,8,Monaco Grand Prix,Monaco,Monaco,2025-05-25,1.6666666666666667,1.8,1.0,1.0954451150103346,1.0,-0.1333333333333333,2.1666666666666665,1.5,1.2,-0.8,0.17500000000001137,6.0,2.0,6.4,0,8,0,0.3339669458924116
1,VER,Max Verstappen,Red Bull Racing,4.0,4.0,12.0,Finished,True,5.0,70.669,22.209375,43.317499999999995,52.51875,False,2025,8,Monaco Grand Prix,Monaco,Monaco,2025-05-25,2.3333333333333335,2.8,1.0,2.1679483388678786,1.0,-0.46666666666666634,7.666666666666667,1.5,1.2000000000000002,-9.2,0.7150000000000034,3.3333333333333335,3.0,2.0,0,8,0,0.3339669458924116
44,HAM,Lewis Hamilton,Ferrari,7.0,5.0,10.0,Finished,True,4.0,70.382,22.209375,43.317499999999995,52.51875,False,2025,8,Monaco Grand Prix,Monaco,Monaco,2025-05-25,6.333333333333333,6.2,4.0,1.6431676725154971,0.9,0.13333333333333286,5.833333333333333,1.5,0.7999999999999998,1.4,0.4280000000000115,6.333333333333333,3.0,7.142857142857143,0,8,0,0.3339669458924116
6,HAD,Isack Hadjar,Racing Bulls,5.0,6.0,8.0,Lapped,True,6.0,70.923,22.209375,43.317499999999995,52.51875,False,2025,8,Monaco Grand Prix,Monaco,Monaco,2025-05-25,10.0,10.2,8.0,1.9235384061671348,0.8571428571428571,-0.1999999999999993,12.166666666666666,11.0,-5.199999999999999,-5.0,0.9690000000000083,,0.0,10.0,0,8,0,0.3339669458924116
31,OCO,Esteban Ocon,Haas F1 Team,8.0,7.0,6.0,Lapped,True,8.0,70.942,22.209375,43.317499999999995,52.51875,False,2025,8,Monaco Grand Prix,Monaco,Monaco,2025-05-25,15.333333333333334,14.4,8.0,4.77493455452533,0.8,0.9333333333333336,15.833333333333334,6.5,-6.4,0.6,0.9879999999999995,10.666666666666666,3.0,11.571428571428571,0,8,0,0.3339669458924116
30,LAW,Liam Lawson,Racing Bulls,9.0,8.0,4.0,Lapped,True,9.0,71.129,22.209375,43.317499999999995,52.51875,False,2025,8,Monaco Grand Prix,Monaco,Monaco,2025-05-25,14.333333333333334,15.2,12.0,2.1679483388678795,0.7,-0.8666666666666654,12.166666666666666,11.0,-6.199999999999999,5.0,1.1750000000000114,,0.0,12.0,0,8,0,0.3339669458924116
23,ALB,Alexander Albon,Williams,10.0,9.0,2.0,Lapped,True,10.0,71.213,22.209375,43.317499999999995,52.51875,False,2025,8,Monaco Grand Prix,Monaco,Monaco,2025-05-25,6.333333333333333,8.0,5.0,2.999999999999995,0.9,-1.666666666666667,7.333333333333333,6.5,2.0,-3.6,1.2590000000000003,13.666666666666666,3.0,12.0,0,8,0,0.3339669458924116
55,SAI,Carlos Sainz,Williams,11.0,10.0,1.0,Lapped,True,11.0,71.362,22.209375,43.317499999999995,52.51875,False,2025,8,Monaco Grand Prix,Monaco,Monaco,2025-05-25,8.333333333333334,11.6,8.0,4.827007354458872,0.8,-3.2666666666666657,7.333333333333333,6.5,-0.5999999999999996,3.6,1.4080000000000013,4.333333333333333,3.0,10.0,0,8,0,0.3339669458924116
63,RUS,George Russell,Mercedes,14.0,11.0,0.0,Lapped,True,14.0,71.507,22.209375,43.317499999999995,52.51875,False,2025,8,Monaco Grand Prix,Monaco,Monaco,2025-05-25,5.0,4.4,2.0,1.9493588689617922,1.0,0.5999999999999996,7.666666666666667,1.5,9.6,-5.2,1.5530000000000115,5.0,3.0,4.857142857142857,0,8,0,0.3339669458924116
87,BEA,Oliver Bearman,Haas F1 Team,20.0,12.0,0.0,Lapped,True,17.0,71.979,22.209375,43.317499999999995,52.51875,False,2025,8,Monaco Grand Prix,Monaco,Monaco,2025-05-25,16.333333333333332,13.8,10.0,4.08656334834051,0.9,2.5333333333333314,15.833333333333334,6.5,6.199999999999999,-0.6,2.0250000000000057,,0.0,10.0,0,8,0,0.3339669458924116
43,COL,Franco Colapinto,Alpine,18.0,13.0,0.0,Lapped,True,20.0,72.597,22.209375,43.317499999999995,52.51875,False,2025,8,Monaco Grand Prix,Monaco,Monaco,2025-05-25,18.0,17.0,14.0,2.121320343559643,0.7,1.0,16.5,2.5,1.0,1.8,2.6430000000000007,,0.0,8.0,0,8,0,0.3339669458924116
5,BOR,Gabriel Bortoleto,Kick Sauber,16.0,14.0,0.0,Lapped,True,16.0,71.902,22.209375,43.317499999999995,52.51875,False,2025,8,Monaco Grand Prix,Monaco,Monaco,2025-05-25,18.0,18.2,18.0,0.44721359549996187,0.7142857142857143,-0.1999999999999993,15.833333333333334,9.5,-2.1999999999999993,2.8,1.9480000000000075,,0.0,18.0,0,8,0,0.3339669458924116
18,STR,Lance Stroll,Aston Martin,19.0,15.0,0.0,Lapped,True,19.0,72.563,22.209375,43.317499999999995,52.51875,False,2025,8,Monaco Grand Prix,Monaco,Monaco,2025-05-25,15.666666666666666,16.8,15.0,1.9235384061671286,0.9,-1.1333333333333346,14.0,3.5,2.1999999999999993,4.2,2.609000000000009,16.0,3.0,15.714285714285714,0,8,0,0.3339669458924116
27,HUL,Nico Hulkenberg,Kick Sauber,13.0,16.0,0.0,Lapped,True,13.0,71.596,22.209375,43.317499999999995,52.51875,False,2025,8,Monaco Grand Prix,Monaco,Monaco,2025-05-25,13.666666666666666,15.4,12.0,2.9664793948382657,0.8,-1.7333333333333343,15.833333333333334,9.5,-2.4000000000000004,-2.8,1.6420000000000101,18.0,2.0,12.833333333333334,0,8,0,0.3339669458924116
22,TSU,Yuki Tsunoda,Red Bull Racing,12.0,17.0,0.0,Lapped,True,12.0,71.415,22.209375,43.317499999999995,52.51875,False,2025,8,Monaco Grand Prix,Monaco,Monaco,2025-05-25,13.0,12.0,9.0,4.06201920231798,0.9,1.0,7.666666666666667,1.5,0.0,9.2,1.4610000000000127,13.333333333333334,3.0,15.285714285714286,0,8,0,0.3339669458924116
12,ANT,Kimi Antonelli,Mercedes,15.0,18.0,0.0,Lapped,True,15.0,71.88,22.209375,43.317499999999995,52.51875,False,2025,8,Monaco Grand Prix,Monaco,Monaco,2025-05-25,10.333333333333334,9.6,6.0,5.683308895353129,0.8571428571428571,0.7333333333333343,7.666666666666667,1.5,5.4,5.2,1.926000000000002,,0.0,6.0,0,8,0,0.3339669458924116
14,ALO,Fernando Alonso,Aston Martin,6.0,19.0,0.0,Retired,False,7.0,70.924,22.209375,43.317499999999995,52.51875,False,2025,8,Monaco Grand Prix,Monaco,Monaco,2025-05-25,12.333333333333334,12.6,11.0,2.1908902300206594,0.8,-0.2666666666666657,14.0,3.5,-6.6,-4.2,0.9700000000000131,6.666666666666667,3.0,7.428571428571429,0,8,0,0.3339669458924116
10,GAS,Pierre Gasly,Alpine,17.0,20.0,0.0,Retired,False,18.0,71.994,22.209375,43.317499999999995,52.51875,False,2025,8,Monaco Grand Prix,Monaco,Monaco,2025-05-25,15.333333333333334,13.2,7.0,4.6043457732885384,0.7,2.1333333333333346,16.5,2.5,3.8000000000000007,-3.2,2.0400000000000063,9.333333333333334,3.0,12.571428571428571,0,8,0,0.3339669458924116
81,PIA,Oscar Piastri,McLaren,1.0,1.0,25.0,Finished,True,1.0,71.546,29.12,48.54322580645161,54.6258064516129,False,2025,9,Spanish Grand Prix,Barcelona,Spain,2025-06-01,2.3333333333333335,1.8,1.0,1.0954451150103346,1.0,0.5333333333333334,2.0,1.5,-0.8,-0.6,0.0,10.0,2.0,5.4,0,9,0,0.3384360853646302
4,NOR,Lando Norris,McLaren,2.0,2.0,18.0,Finished,True,2.0,71.755,29.12,48.54322580645161,54.6258064516129,False,2025,9,Spanish Grand Prix,Barcelona,Spain,2025-06-01,1.6666666666666667,2.4,1.0,1.14017542509915,1.0,-0.7333333333333332,2.0,1.5,-0.3999999999999999,0.6,0.20899999999998897,9.0,3.0,4.857142857142857,0,9,0,0.3384360853646302
16,LEC,Charles Leclerc,Ferrari,7.0,3.0,15.0,Finished,True,7.0,72.131,29.12,48.54322580645161,54.6258064516129,False,2025,9,Spanish Grand Prix,Barcelona,Spain,2025-06-01,5.0,4.4,2.0,2.073644135332767,0.9,0.5999999999999996,5.333333333333333,1.5,2.5999999999999996,-1.4,0.5849999999999937,12.0,3.0,5.714285714285714,0,9,0,0.3384360853646302
63,RUS,George Russell,Mercedes,4.0,4.0,12.0,Finished,True,4.0,71.848,29.12,48.54322580645161,54.6258064516129,False,2025,9,Spanish Grand Prix,Barcelona,Spain,2025-06-01,7.0,5.6,2.0,3.5777087639996634,1.0,1.4000000000000004,10.666666666666666,1.5,-1.5999999999999996,-6.4,0.3019999999999925,3.3333333333333335,3.0,7.571428571428571,0,9,0,0.3384360853646302
27,HUL,Nico Hulkenberg,Kick Sauber,15.0,5.0,10.0,Finished,True,16.0,73.19,29.12,48.54322580645161,54.6258064516129,False,2025,9,Spanish Grand Prix,Barcelona,Spain,2025-06-01,14.0,15.4,12.0,2.9664793948382657,0.8,-1.4000000000000004,15.333333333333334,9.5,-0.40000000000000036,-1.8,1.6439999999999912,13.0,2.0,12.8,0,9,0,0.3384360853646302
44,HAM,Lewis Hamilton,Ferrari,5.0,6.0,8.0,Finished,True,5.0,72.045,29.12,48.54322580645161,54.6258064516129,False,2025,9,Spanish Grand Prix,Barcelona,Spain,2025-06-01,5.666666666666667,5.8,4.0,1.6431676725154971,0.9,-0.13333333333333286,5.333333333333333,1.5,-0.7999999999999998,1.4,0.4989999999999952,3.3333333333333335,3.0,6.285714285714286,0,9,0,0.3384360853646302
6,HAD,Isack Hadjar,Racing Bulls,9.0,7.0,6.0,Finished,True,9.0,72.252,29.12,48.54322580645161,54.6258064516129,False,2025,9,Spanish Grand Prix,Barcelona,Spain,2025-06-01,8.666666666666666,9.8,6.0,2.5884358211089573,0.875,-1.1333333333333346,10.833333333333334,7.0,-0.8000000000000007,-3.6,0.7059999999999889,,0.0,8.0,0,9,0,0.3384360853646302
10,GAS,Pierre Gasly,Alpine,8.0,8.0,4.0,Finished,True,8.0,72.199,29.12,48.54322580645161,54.6258064516129,False,2025,9,Spanish Grand Prix,Barcelona,Spain,2025-06-01,15.333333333333334,14.6,7.0,5.504543577809157,0.7,0.7333333333333343,15.833333333333334,2.5,-6.6,-1.4,0.6529999999999916,10.666666666666666,3.0,11.428571428571429,0,9,0,0.3384360853646302
14,ALO,Fernando Alonso,Aston Martin,10.0,9.0,2.0,Finished,True,10.0,72.284,29.12,48.54322580645161,54.6258064516129,False,2025,9,Spanish Grand Prix,Barcelona,Spain,2025-06-01,15.0,14.2,11.0,3.346640106136299,0.7,0.8000000000000007,15.166666666666666,3.5,-4.199999999999999,-1.6,0.7379999999999995,9.333333333333334,3.0,7.142857142857143,0,9,0,0.3384360853646302
1,VER,Max Verstappen,Red Bull Racing,3.0,10.0,1.0,Finished,True,3.0,71.848,29.12,48.54322580645161,54.6258064516129,False,2025,9,Spanish Grand Prix,Barcelona,Spain,2025-06-01,3.0,3.4,1.0,1.9493588689617913,1.0,-0.3999999999999999,7.666666666666667,1.5,-0.3999999999999999,-9.6,0.3019999999999925,1.0,3.0,1.1428571428571428,0,9,0,0.3384360853646302
30,LAW,Liam Lawson,Racing Bulls,13.0,11.0,0.0,Finished,True,13.0,72.763,29.12,48.54322580645161,54.6258064516129,False,2025,9,Spanish Grand Prix,Barcelona,Spain,2025-06-01,13.0,13.4,8.0,3.577708763999663,0.7,-0.40000000000000036,10.833333333333334,7.0,-0.40000000000000036,3.6,1.2169999999999987,,0.0,13.666666666666666,0,9,0,0.3384360853646302
5,BOR,Gabriel Bortoleto,Kick Sauber,12.0,12.0,0.0,Finished,True,12.0,72.756,29.12,48.54322580645161,54.6258064516129,False,2025,9,Spanish Grand Prix,Barcelona,Spain,2025-06-01,16.666666666666668,17.2,14.0,1.7888543819998326,0.75,-0.5333333333333314,15.333333333333334,9.5,-5.199999999999999,1.8,1.2099999999999937,,0.0,19.0,0,9,0,0.3384360853646302
22,TSU,Yuki Tsunoda,Red Bull Racing,19.0,13.0,0.0,Finished,True,20.0,73.385,29.12,48.54322580645161,54.6258064516129,False,2025,9,Spanish Grand Prix,Barcelona,Spain,2025-06-01,12.333333333333334,13.0,9.0,4.636809247747852,0.9,-0.6666666666666661,7.666666666666667,1.5,6.0,9.6,1.8389999999999986,13.666666666666666,3.0,14.142857142857142,0,9,0,0.3384360853646302
55,SAI,Carlos Sainz,Williams,17.0,14.0,0.0,Finished,True,18.0,73.203,29.12,48.54322580645161,54.6258064516129,False,2025,9,Spanish Grand Prix,Barcelona,Spain,2025-06-01,9.0,10.8,8.0,4.65832587954085,0.8,-1.8000000000000007,7.666666666666667,6.5,6.199999999999999,2.8,1.6569999999999965,5.0,3.0,8.571428571428571,0,9,0,0.3384360853646302
43,COL,Franco Colapinto,Alpine,18.0,15.0,0.0,Finished,True,19.0,73.334,29.12,48.54322580645161,54.6258064516129,False,2025,9,Spanish Grand Prix,Barcelona,Spain,2025-06-01,16.0,16.2,13.0,2.7748873851023217,0.7,-0.1999999999999993,15.833333333333334,2.5,1.8000000000000007,0.6,1.7879999999999967,,0.0,,0,9,0,0.3384360853646302
31,OCO,Esteban Ocon,Haas F1 Team,16.0,16.0,0.0,Finished,True,17.0,73.201,29.12,48.54322580645161,54.6258064516129,False,2025,9,Spanish Grand Prix,Barcelona,Spain,2025-06-01,13.0,12.2,7.0,5.215361924162119,0.8,0.8000000000000007,14.5,6.5,3.8000000000000007,-2.0,1.654999999999987,8.333333333333334,3.0,11.428571428571429,0,9,0,0.3384360853646302
87,BEA,Oliver Bearman,Haas F1 Team,14.0,17.0,0.0,Finished,True,15.0,73.315,29.12,48.54322580645161,54.6258064516129,False,2025,9,Spanish Grand Prix,Barcelona,Spain,2025-06-01,16.0,14.2,10.0,3.701351104664349,0.9,1.8000000000000007,14.5,6.5,-0.1999999999999993,2.0,1.7689999999999912,,0.0,10.0,0,9,0,0.3384360853646302
12,ANT,Kimi Antonelli,Mercedes,6.0,18.0,0.0,Retired,False,6.0,72.111,29.12,48.54322580645161,54.6258064516129,False,2025,9,Spanish Grand Prix,Barcelona,Spain,2025-06-01,14.333333333333334,12.0,6.0,6.284902544988268,0.875,2.333333333333334,10.666666666666666,1.5,-6.0,6.4,0.5649999999999977,,0.0,6.0,0,9,0,0.3384360853646302
23,ALB,Alexander Albon,Williams,11.0,19.0,0.0,Retired,False,11.0,72.641,29.12,48.54322580645161,54.6258064516129,False,2025,9,Spanish Grand Prix,Barcelona,Spain,2025-06-01,6.333333333333333,8.0,5.0,2.999999999999995,1.0,-1.666666666666667,7.666666666666667,6.5,3.0,-2.8,1.0949999999999989,17.333333333333332,3.0,14.142857142857142,0,9,0,0.3384360853646302
63,RUS,George Russell,Mercedes,1.0,1.0,25.0,Finished,True,1.0,70.899,24.036526946107788,49.25329341317366,27.976047904191617,True,2025,10,Canadian Grand Prix,Montréal,Canada,2025-06-15,7.333333333333333,6.0,3.0,3.1622776601683795,1.0,1.333333333333333,12.833333333333334,1.5,-5.0,-7.4,0.0,8.666666666666666,3.0,7.3,1,10,0,0.34755458245550497
1,VER,Max Verstappen,Red Bull Racing,2.0,2.0,18.0,Finished,True,2.0,71.059,24.036526946107788,49.25329341317366,27.976047904191617,True,2025,10,Canadian Grand Prix,Montréal,Canada,2025-06-15,5.0,4.2,1.0,3.4928498393145953,1.0,0.7999999999999998,9.166666666666666,1.5,-2.2,-9.6,0.1599999999999966,1.0,3.0,5.1,1,10,0,0.34755458245550497
12,ANT,Kimi Antonelli,Mercedes,4.0,3.0,15.0,Finished,True,4.0,71.391,24.036526946107788,49.25329341317366,27.976047904191617,True,2025,10,Canadian Grand Prix,Montréal,Canada,2025-06-15,18.333333333333332,13.4,6.0,6.767569726275452,0.7777777777777778,4.933333333333332,12.833333333333334,1.5,-9.4,7.4,0.49200000000000443,,0.0,11.5,1,10,0,0.34755458245550497
81,PIA,Oscar Piastri,McLaren,3.0,4.0,12.0,Finished,True,3.0,71.12,24.036526946107788,49.25329341317366,27.976047904191617,True,2025,10,Canadian Grand Prix,Montréal,Canada,2025-06-15,2.3333333333333335,1.8,1.0,1.0954451150103346,1.0,0.5333333333333334,2.0,1.5,1.2,-0.4,0.22100000000000364,8.0,2.0,5.714285714285714,1,10,0,0.34755458245550497
16,LEC,Charles Leclerc,Ferrari,8.0,5.0,10.0,Finished,True,8.0,71.682,24.036526946107788,49.25329341317366,27.976047904191617,True,2025,10,Canadian Grand Prix,Montréal,Canada,2025-06-15,3.6666666666666665,4.2,2.0,2.167948338867875,0.9,-0.5333333333333337,4.333333333333333,1.5,3.8,-1.8,0.7830000000000013,9.333333333333334,3.0,7.0,1,10,0,0.34755458245550497
44,HAM,Lewis Hamilton,Ferrari,5.0,6.0,8.0,Finished,True,5.0,71.526,24.036526946107788,49.25329341317366,27.976047904191617,True,2025,10,Canadian Grand Prix,Montréal,Canada,2025-06-15,5.0,6.0,4.0,1.5811388300841887,0.9,-1.0,4.333333333333333,1.5,-1.0,1.8,0.6269999999999953,3.3333333333333335,3.0,7.6,1,10,0,0.34755458245550497
14,ALO,Fernando Alonso,Aston Martin,6.0,7.0,6.0,Finished,True,6.0,71.586,24.036526946107788,49.25329341317366,27.976047904191617,True,2025,10,Canadian Grand Prix,Montréal,Canada,2025-06-15,13.0,13.0,9.0,3.9999999999999973,0.7,0.0,13.0,3.5,-7.0,-1.5,0.6869999999999976,5.666666666666667,3.0,11.1,1,10,0,0.34755458245550497
27,HUL,Nico Hulkenberg,Kick Sauber,11.0,8.0,4.0,Finished,True,13.0,72.183,24.036526946107788,49.25329341317366,27.976047904191617,True,2025,10,Canadian Grand Prix,Montréal,Canada,2025-06-15,11.0,12.4,5.0,4.39317652729776,0.9,-1.4000000000000004,12.833333333333334,8.5,-1.4000000000000004,-3.6,1.284000000000006,13.0,2.0,10.571428571428571,1,10,0,0.34755458245550497
31,OCO,Esteban Ocon,Haas F1 Team,14.0,9.0,2.0,Lapped,True,15.0,72.634,24.036526946107788,49.25329341317366,27.976047904191617,True,2025,10,Canadian Grand Prix,Montréal,Canada,2025-06-15,14.333333333333334,13.8,7.0,4.8166378315169185,0.8,0.5333333333333332,14.833333333333334,6.5,0.1999999999999993,-1.8,1.7349999999999994,8.0,3.0,13.8,1,10,0,0.34755458245550497
55,SAI,Carlos Sainz,Williams,16.0,10.0,1.0,Lapped,True,17.0,72.398,24.036526946107788,49.25329341317366,27.976047904191617,True,2025,10,Canadian Grand Prix,Montréal,Canada,2025-06-15,10.666666666666666,9.8,8.0,2.4899799195977526,0.8,0.8666666666666654,10.833333333333334,6.5,6.199999999999999,0.4,1.4989999999999952,7.666666666666667,3.0,12.7,1,10,0,0.34755458245550497
87,BEA,Oliver Bearman,Haas F1 Team,13.0,11.0,0.0,Lapped,True,14.0,72.34,24.036526946107788,49.25329341317366,27.976047904191617,True,2025,10,Canadian Grand Prix,Montréal,Canada,2025-06-15,15.333333333333334,15.6,12.0,2.966479394838265,0.9,-0.2666666666666657,14.833333333333334,6.5,-2.5999999999999996,1.8,1.4410000000000025,,0.0,13.666666666666666,1,10,0,0.34755458245550497
22,TSU,Yuki Tsunoda,Red Bull Racing,18.0,12.0,0.0,Lapped,True,11.0,72.102,24.036526946107788,49.25329341317366,27.976047904191617,True,2025,10,Canadian Grand Prix,Montréal,Canada,2025-06-15,13.333333333333334,13.8,10.0,4.08656334834051,0.9,-0.4666666666666668,9.166666666666666,1.5,4.199999999999999,9.6,1.203000000000003,15.333333333333334,3.0,11.4,1,10,0,0.34755458245550497
43,COL,Franco Colapinto,Alpine,10.0,13.0,0.0,Lapped,True,12.0,72.142,24.036526946107788,49.25329341317366,27.976047904191617,True,2025,10,Canadian Grand Prix,Montréal,Canada,2025-06-15,14.666666666666666,16.4,13.0,2.6076809620810595,0.7,-1.7333333333333325,14.166666666666666,2.5,-6.399999999999999,3.0,1.242999999999995,,0.0,12.0,1,10,0,0.34755458245550497
5,BOR,Gabriel Bortoleto,Kick Sauber,15.0,14.0,0.0,Lapped,True,16.0,72.385,24.036526946107788,49.25329341317366,27.976047904191617,True,2025,10,Canadian Grand Prix,Montréal,Canada,2025-06-15,14.666666666666666,16.0,12.0,2.8284271247461907,0.7777777777777778,-1.333333333333334,12.833333333333334,8.5,-1.0,3.6,1.4860000000000042,,0.0,17.0,1,10,0,0.34755458245550497
10,GAS,Pierre Gasly,Alpine,20.0,15.0,0.0,Lapped,True,20.0,72.667,24.036526946107788,49.25329341317366,27.976047904191617,True,2025,10,Canadian Grand Prix,Montréal,Canada,2025-06-15,13.666666666666666,14.8,8.0,5.167204273105528,0.7,-1.1333333333333346,14.166666666666666,2.5,5.199999999999999,-1.4,1.7680000000000007,11.666666666666666,3.0,11.8,1,10,0,0.34755458245550497
6,HAD,Isack Hadjar,Racing Bulls,12.0,16.0,0.0,Lapped,True,9.0,71.867,24.036526946107788,49.25329341317366,27.976047904191617,True,2025,10,Canadian Grand Prix,Montréal,Canada,2025-06-15,7.333333333333333,8.6,6.0,2.073644135332773,0.8888888888888888,-1.2666666666666666,9.166666666666666,7.0,3.4000000000000004,-3.8,0.9680000000000035,,0.0,14.5,1,10,0,0.34755458245550497
18,STR,Lance Stroll,Aston Martin,17.0,17.0,0.0,Lapped,True,18.0,72.517,24.036526946107788,49.25329341317366,27.976047904191617,True,2025,10,Canadian Grand Prix,Montréal,Canada,2025-06-15,15.333333333333334,15.8,15.0,0.8366600265340624,0.9,-0.4666666666666668,13.0,3.5,1.1999999999999993,1.6,1.617999999999995,8.666666666666666,3.0,10.4,1,10,0,0.34755458245550497
4,NOR,Lando Norris,McLaren,7.0,18.0,0.0,Retired,False,7.0,71.625,24.036526946107788,49.25329341317366,27.976047904191617,True,2025,10,Canadian Grand Prix,Montréal,Canada,2025-06-15,1.6666666666666667,2.2,1.0,1.095445115010345,1.0,-0.5333333333333334,2.0,1.5,4.8,0.4,0.7259999999999991,10.0,3.0,4.4,1,10,0,0.34755458245550497
30,LAW,Liam Lawson,Racing Bulls,19.0,19.0,0.0,Retired,False,19.0,72.525,24.036526946107788,49.25329341317366,27.976047904191617,True,2025,10,Canadian Grand Prix,Montréal,Canada,2025-06-15,11.0,12.4,8.0,3.361547262794322,0.7,-1.4000000000000004,9.166666666666666,7.0,6.6,3.8,1.6260000000000048,,0.0,14.5,1,10,0,0.34755458245550497
23,ALB,Alexander Albon,Williams,9.0,20.0,0.0,Retired,False,10.0,71.907,24.036526946107788,49.25329341317366,27.976047904191617,True,2025,10,Canadian Grand Prix,Montréal,Canada,2025-06-15,11.0,9.4,5.0,5.72712842531054,0.9,1.5999999999999996,10.833333333333334,6.5,-0.40000000000000036,-0.4,1.0079999999999956,12.333333333333334,3.0,11.2,1,10,0,0.34755458245550497
4,NOR,Lando Norris,McLaren,1.0,1.0,25.0,Finished,True,,,30.347826086956523,49.1664596273292,31.981366459627328,False,2025,11,Austrian Grand Prix,Spielberg,Austria,2025-06-29,7.0,5.0,1.0,7.28010988928052,0.9,2.0,4.833333333333333,1.5,-4.0,2.6,,10.333333333333334,3.0,,0,11,0,0.35691875958108027
81,PIA,Oscar Piastri,McLaren,3.0,2.0,18.0,Finished,True,,,30.347826086956523,49.1664596273292,31.981366459627328,False,2025,11,Austrian Grand Prix,Spielberg,Austria,2025-06-29,2.6666666666666665,2.4,1.0,1.3416407864998758,1.0,0.2666666666666666,4.833333333333333,1.5,0.6000000000000001,-2.6,,9.0,2.0,,0,11,0,0.35691875958108027
16,LEC,Charles Leclerc,Ferrari,2.0,3.0,15.0,Finished,True,,,30.347826086956523,49.1664596273292,31.981366459627328,False,2025,11,Austrian Grand Prix,Spielberg,Austria,2025-06-29,3.3333333333333335,4.6,2.0,2.073644135332767,0.9,-1.2666666666666662,4.5,1.5,-2.5999999999999996,-1.2,,4.666666666666667,3.0,,0,11,0,0.35691875958108027
44,HAM,Lewis Hamilton,Ferrari,4.0,4.0,12.0,Finished,True,,,30.347826086956523,49.1664596273292,31.981366459627328,False,2025,11,Austrian Grand Prix,Spielberg,Austria,2025-06-29,5.666666666666667,5.8,4.0,1.483239697419131,0.9,-0.13333333333333286,4.5,1.5,-1.7999999999999998,1.2,,5.0,3.0,,0,11,0,0.35691875958108027
63,RUS,George Russell,Mercedes,5.0,5.0,10.0,Finished,True,,,30.347826086956523,49.1664596273292,31.981366459627328,False,2025,11,Austrian Grand Prix,Spielberg,Austria,2025-06-29,5.333333333333333,5.2,1.0,3.898717737923586,1.0,0.13333333333333286,9.166666666666666,1.5,-0.20000000000000018,-7.6,,4.0,3.0,,0,11,0,0.35691875958108027
30,LAW,Liam Lawson,Racing Bulls,6.0,6.0,8.0,Finished,True,,,30.347826086956523,49.1664596273292,31.981366459627328,False,2025,11,Austrian Grand Prix,Spielberg,Austria,2025-06-29,12.666666666666666,13.8,8.0,4.438468204234429,0.7,-1.1333333333333346,11.166666666666666,7.0,-7.800000000000001,4.0,,,0.0,,0,11,0,0.35691875958108027
14,ALO,Fernando Alonso,Aston Martin,11.0,7.0,6.0,Lapped,True,,,30.347826086956523,49.1664596273292,31.981366459627328,False,2025,11,Austrian Grand Prix,Spielberg,Austria,2025-06-29,11.666666666666666,12.2,7.0,4.816637831516916,0.7,-0.5333333333333332,12.666666666666666,3.5,-1.1999999999999993,-2.75,,11.0,3.0,,0,11,0,0.35691875958108027
5,BOR,Gabriel Bortoleto,Kick Sauber,8.0,8.0,4.0,Lapped,True,,,30.347826086956523,49.1664596273292,31.981366459627328,False,2025,11,Austrian Grand Prix,Spielberg,Austria,2025-06-29,13.333333333333334,15.2,12.0,2.683281572999748,0.8,-1.8666666666666654,11.5,8.5,-7.199999999999999,4.2,,,0.0,,0,11,0,0.35691875958108027
27,HUL,Nico Hulkenberg,Kick Sauber,20.0,9.0,2.0,Lapped,True,,,30.347826086956523,49.1664596273292,31.981366459627328,False,2025,11,Austrian Grand Prix,Spielberg,Austria,2025-06-29,9.666666666666666,11.0,5.0,4.47213595499958,0.9,-1.333333333333334,11.5,8.5,9.0,-4.2,,13.0,2.0,,0,11,0,0.35691875958108027
31,OCO,Esteban Ocon,Haas F1 Team,17.0,10.0,1.0,Lapped,True,,,30.347826086956523,49.1664596273292,31.981366459627328,False,2025,11,Austrian Grand Prix,Spielberg,Austria,2025-06-29,10.666666666666666,12.8,7.0,5.263078946776307,0.9,-2.1333333333333346,12.0,6.5,4.199999999999999,-2.4,,10.333333333333334,3.0,,0,11,0,0.35691875958108027
87,BEA,Oliver Bearman,Haas F1 Team,15.0,11.0,0.0,Lapped,True,,,30.347826086956523,49.1664596273292,31.981366459627328,False,2025,11,Austrian Grand Prix,Spielberg,Austria,2025-06-29,13.333333333333334,15.2,11.0,3.4928498393145957,0.9,-1.8666666666666654,12.0,6.5,-0.1999999999999993,2.4,,,0.0,,0,11,0,0.35691875958108027
6,HAD,Isack Hadjar,Racing Bulls,13.0,12.0,0.0,Lapped,True,,,30.347826086956523,49.1664596273292,31.981366459627328,False,2025,11,Austrian Grand Prix,Spielberg,Austria,2025-06-29,9.666666666666666,9.8,6.0,3.96232255123179,0.9,-0.13333333333333464,11.166666666666666,7.0,3.1999999999999993,-4.0,,,0.0,,0,11,0,0.35691875958108027
10,GAS,Pierre Gasly,Alpine,10.0,13.0,0.0,Lapped,True,,,30.347826086956523,49.1664596273292,31.981366459627328,False,2025,11,Austrian Grand Prix,Spielberg,Austria,2025-06-29,14.333333333333334,13.8,8.0,4.3243496620879345,0.7,0.5333333333333332,14.0,2.5,-3.8000000000000007,-1.6,,11.666666666666666,3.0,,0,11,0,0.35691875958108027
18,STR,Lance Stroll,Aston Martin,16.0,14.0,0.0,Lapped,True,,,30.347826086956523,49.1664596273292,31.981366459627328,False,2025,11,Austrian Grand Prix,Spielberg,Austria,2025-06-29,15.666666666666666,15.8,15.0,0.8366600265340624,1.0,-0.13333333333333464,12.666666666666666,3.5,0.1999999999999993,3.2,,11.666666666666666,3.0,,0,11,0,0.35691875958108027
43,COL,Franco Colapinto,Alpine,14.0,15.0,0.0,Lapped,True,,,30.347826086956523,49.1664596273292,31.981366459627328,False,2025,11,Austrian Grand Prix,Spielberg,Austria,2025-06-29,13.666666666666666,15.2,13.0,2.489979919597746,0.7,-1.5333333333333332,14.0,2.5,-1.1999999999999993,1.8,,,0.0,,0,11,0,0.35691875958108027
22,TSU,Yuki Tsunoda,Red Bull Racing,18.0,16.0,0.0,Lapped,True,,,30.347826086956523,49.1664596273292,31.981366459627328,False,2025,11,Austrian Grand Prix,Spielberg,Austria,2025-06-29,14.0,12.4,10.0,2.8809720581775866,0.9,1.5999999999999996,9.666666666666666,1.5,5.6,8.2,,16.333333333333332,3.0,,0,11,0,0.35691875958108027
23,ALB,Alexander Albon,Williams,12.0,17.0,0.0,Retired,False,,,30.347826086956523,49.1664596273292,31.981366459627328,False,2025,11,Austrian Grand Prix,Spielberg,Austria,2025-06-29,16.0,11.6,5.0,7.402702209328699,0.8,4.4,13.666666666666666,6.5,0.40000000000000036,1.4,,12.666666666666666,3.0,,0,11,0,0.35691875958108027
1,VER,Max Verstappen,Red Bull Racing,7.0,18.0,0.0,Retired,False,,,30.347826086956523,49.1664596273292,31.981366459627328,False,2025,11,Austrian Grand Prix,Spielberg,Austria,2025-06-29,5.333333333333333,4.2,1.0,3.4928498393145953,1.0,1.1333333333333329,9.666666666666666,1.5,2.8,-8.2,,2.6666666666666665,3.0,,0,11,0,0.35691875958108027
12,ANT,Kimi Antonelli,Mercedes,9.0,19.0,0.0,Retired,False,,,30.347826086956523,49.1664596273292,31.981366459627328,False,2025,11,Austrian Grand Prix,Spielberg,Austria,2025-06-29,13.0,12.8,3.0,7.661592523751182,0.8,0.1999999999999993,9.166666666666666,1.5,-3.8000000000000007,7.6,,,0.0,,0,11,0,0.35691875958108027
55,SAI,Carlos Sainz,Williams,19.0,20.0,0.0,Did not start,False,,,30.347826086956523,49.1664596273292,31.981366459627328,False,2025,11,Austrian Grand Prix,Spielberg,Austria,2025-06-29,11.333333333333334,10.2,8.0,2.280350850198283,0.8,1.1333333333333346,13.666666666666666,6.5,8.8,-1.4,,9.0,3.0,,0,11,0,0.35691875958108027
4,NOR,Lando Norris,McLaren,3.0,1.0,25.0,Finished,True,,,17.91741935483871,23.57870967741935,78.3741935483871,True,2025,12,British Grand Prix,Silverstone,United Kingdom,2025-07-06,7.0,4.8,1.0,7.395944834840241,0.9,2.2,4.666666666666667,1.5,-1.7999999999999998,2.2,,3.6666666666666665,3.0,5.5,1,12,0,0.361695039798144
81,PIA,Oscar Piastri,McLaren,2.0,2.0,18.0,Finished,True,,,17.91741935483871,23.57870967741935,78.3741935483871,True,2025,12,British Grand Prix,Silverstone,United Kingdom,2025-07-06,2.3333333333333335,2.6,1.0,1.1401754250991403,1.0,-0.2666666666666666,4.666666666666667,1.5,-0.6000000000000001,-2.2,,4.0,2.0,8.285714285714286,1,12,0,0.361695039798144
27,HUL,Nico Hulkenberg,Kick Sauber,19.0,3.0,15.0,Finished,True,,,17.91741935483871,23.57870967741935,78.3741935483871,True,2025,12,British Grand Prix,Silverstone,United Kingdom,2025-07-06,7.333333333333333,10.0,5.0,4.183300132670378,0.9,-2.666666666666667,9.333333333333334,8.5,9.0,-3.2,,9.5,2.0,13.714285714285714,1,12,0,0.361695039798144
44,HAM,Lewis Hamilton,Ferrari,5.0,4.0,12.0,Finished,True,,,17.91741935483871,23.57870967741935,78.3741935483871,True,2025,12,British Grand Prix,Silverstone,United Kingdom,2025-07-06,5.333333333333333,5.0,4.0,0.9999999999999964,0.9,0.33333333333333304,4.5,1.5,0.0,1.2,,2.3333333333333335,3.0,9.2,1,12,0,0.361695039798144
1,VER,Max Verstappen,Red Bull Racing,1.0,5.0,10.0,Finished,True,,,17.91741935483871,23.57870967741935,78.3741935483871,True,2025,12,British Grand Prix,Silverstone,United Kingdom,2025-07-06,10.0,7.0,1.0,7.071067811865475,0.9,3.0,11.833333333333334,1.5,-6.0,-6.6,,3.3333333333333335,3.0,1.5,1,12,0,0.361695039798144
10,GAS,Pierre Gasly,Alpine,8.0,6.0,8.0,Finished,True,,,17.91741935483871,23.57870967741935,78.3741935483871,True,2025,12,British Grand Prix,Silverstone,United Kingdom,2025-07-06,12.0,13.8,8.0,4.3243496620879345,0.7,-1.8000000000000007,13.166666666666666,2.5,-5.800000000000001,-0.6,,18.0,3.0,12.2,1,12,0,0.361695039798144
18,STR,Lance Stroll,Aston Martin,17.0,7.0,6.0,Finished,True,,,17.91741935483871,23.57870967741935,78.3741935483871,True,2025,12,British Grand Prix,Silverstone,United Kingdom,2025-07-06,15.333333333333334,15.4,14.0,1.1401754250991283,1.0,-0.06666666666666643,10.5,3.5,1.5999999999999996,3.6,,10.666666666666666,3.0,13.3,1,12,0,0.361695039798144
23,ALB,Alexander Albon,Williams,13.0,8.0,4.0,Finished,True,,,17.91741935483871,23.57870967741935,78.3741935483871,True,2025,12,British Grand Prix,Silverstone,United Kingdom,2025-07-06,18.666666666666668,14.0,5.0,6.6332495807108005,0.7,4.666666666666668,16.666666666666668,6.5,-1.0,1.6,,12.333333333333334,3.0,13.9,1,12,0,0.361695039798144
14,ALO,Fernando Alonso,Aston Martin,7.0,9.0,2.0,Finished,True,,,17.91741935483871,23.57870967741935,78.3741935483871,True,2025,12,British Grand Prix,Silverstone,United Kingdom,2025-07-06,7.666666666666667,10.6,7.0,4.979959839195491,0.8,-2.9333333333333327,10.5,3.5,-3.5999999999999996,-4.25,,6.666666666666667,3.0,8.6,1,12,0,0.361695039798144
63,RUS,George Russell,Mercedes,4.0,10.0,1.0,Finished,True,,,17.91741935483871,23.57870967741935,78.3741935483871,True,2025,12,British Grand Prix,Silverstone,United Kingdom,2025-07-06,3.3333333333333335,5.6,1.0,3.7148351242013424,1.0,-2.266666666666666,8.333333333333334,1.5,-1.5999999999999996,-9.8,,14.0,3.0,7.3,1,12,0,0.361695039798144
87,BEA,Oliver Bearman,Haas F1 Team,18.0,11.0,0.0,Finished,True,,,17.91741935483871,23.57870967741935,78.3741935483871,True,2025,12,British Grand Prix,Silverstone,United Kingdom,2025-07-06,13.0,13.6,11.0,3.1304951684997047,0.9,-0.5999999999999996,12.333333333333334,6.5,4.4,1.2,,,0.0,10.0,1,12,0,0.361695039798144
55,SAI,Carlos Sainz,Williams,9.0,12.0,0.0,Finished,True,,,17.91741935483871,23.57870967741935,78.3741935483871,True,2025,12,British Grand Prix,Silverstone,United Kingdom,2025-07-06,14.666666666666666,12.4,8.0,4.774934554525334,0.8,2.2666666666666657,16.666666666666668,6.5,-3.4000000000000004,-1.6,,5.333333333333333,3.0,9.5,1,12,0,0.361695039798144
31,OCO,Esteban Ocon,Haas F1 Team,14.0,13.0,0.0,Finished,True,,,17.91741935483871,23.57870967741935,78.3741935483871,True,2025,12,British Grand Prix,Silverstone,United Kingdom,2025-07-06,11.666666666666666,12.4,7.0,5.412947441089743,0.9,-0.7333333333333343,12.333333333333334,6.5,1.5999999999999996,-1.2,,17.0,3.0,11.7,1,12,0,0.361695039798144
16,LEC,Charles Leclerc,Ferrari,6.0,14.0,0.0,Finished,True,,,17.91741935483871,23.57870967741935,78.3741935483871,True,2025,12,British Grand Prix,Silverstone,United Kingdom,2025-07-06,3.6666666666666665,3.8,2.0,1.6431676725154918,0.9,-0.1333333333333333,4.5,1.5,2.2,-1.2,,9.0,3.0,5.1,1,12,0,0.361695039798144
22,TSU,Yuki Tsunoda,Red Bull Racing,11.0,15.0,0.0,Lapped,True,,,17.91741935483871,23.57870967741935,78.3741935483871,True,2025,12,British Grand Prix,Silverstone,United Kingdom,2025-07-06,13.666666666666666,13.6,10.0,2.8809720581775866,0.9,0.06666666666666643,11.833333333333334,1.5,-2.5999999999999996,6.6,,13.333333333333334,3.0,11.8,1,12,0,0.361695039798144
12,ANT,Kimi Antonelli,Mercedes,10.0,16.0,0.0,Retired,False,,,17.91741935483871,23.57870967741935,78.3741935483871,True,2025,12,British Grand Prix,Silverstone,United Kingdom,2025-07-06,13.333333333333334,15.4,3.0,6.949820141557621,0.7,-2.0666666666666664,8.333333333333334,1.5,-5.4,9.8,,,0.0,6.0,1,12,0,0.361695039798144
6,HAD,Isack Hadjar,Racing Bulls,12.0,17.0,0.0,Retired,False,,,17.91741935483871,23.57870967741935,78.3741935483871,True,2025,12,British Grand Prix,Silverstone,United Kingdom,2025-07-06,11.666666666666666,10.0,6.0,4.06201920231798,1.0,1.666666666666666,11.833333333333334,7.0,2.0,-1.6,,,0.0,8.0,1,12,0,0.361695039798144
5,BOR,Gabriel Bortoleto,Kick Sauber,16.0,18.0,0.0,Retired,False,,,17.91741935483871,23.57870967741935,78.3741935483871,True,2025,12,British Grand Prix,Silverstone,United Kingdom,2025-07-06,11.333333333333334,13.2,8.0,3.6331804249169903,0.9,-1.8666666666666654,9.333333333333334,8.5,2.8000000000000007,3.2,,,0.0,19.0,1,12,0,0.361695039798144
30,LAW,Liam Lawson,Racing Bulls,15.0,19.0,0.0,Retired,False,,,17.91741935483871,23.57870967741935,78.3741935483871,True,2025,12,British Grand Prix,Silverstone,United Kingdom,2025-07-06,12.0,11.6,6.0,5.128352561983234,0.8,0.40000000000000036,11.833333333333334,7.0,3.4000000000000004,1.6,,,0.0,12.333333333333334,1,12,0,0.361695039798144
43,COL,Franco Colapinto,Alpine,20.0,20.0,0.0,Did not start,False,,,17.91741935483871,23.57870967741935,78.3741935483871,True,2025,12,British Grand Prix,Silverstone,United Kingdom,2025-07-06,14.333333333333334,14.4,13.0,1.3416407864998723,0.7,-0.06666666666666643,13.166666666666666,2.5,5.6,0.6,,,0.0,10.0,1,12,0,0.361695039798144
81,PIA,Oscar Piastri,McLaren,2.0,1.0,25.0,Finished,True,2.0,100.647,17.030044843049332,24.09013452914799,84.4439461883408,True,2025,13,Belgian Grand Prix,Spa-Francorchamps,Belgium,2025-07-27,2.6666666666666665,2.4,1.0,1.1401754250991403,1.0,0.2666666666666666,4.666666666666667,1.5,-0.3999999999999999,-2.2,0.08500000000000796,11.0,2.0,4.75,1,13,0,0.37641080975052127
4,NOR,Lando Norris,McLaren,1.0,2.0,18.0,Finished,True,1.0,100.562,17.030044843049332,24.09013452914799,84.4439461883408,True,2025,13,Belgian Grand Prix,Spa-Francorchamps,Belgium,2025-07-27,6.666666666666667,4.6,1.0,7.50333259292163,0.9,2.0666666666666673,4.666666666666667,1.5,-3.5999999999999996,2.2,0.0,8.0,3.0,4.454545454545454,1,13,0,0.37641080975052127
16,LEC,Charles Leclerc,Ferrari,3.0,3.0,15.0,Finished,True,3.0,100.9,17.030044843049332,24.09013452914799,84.4439461883408,True,2025,13,Belgian Grand Prix,Spa-Francorchamps,Belgium,2025-07-27,7.333333333333333,5.4,2.0,4.929503017546493,1.0,1.9333333333333327,6.0,1.5,-2.4000000000000004,0.4,0.33800000000000807,4.0,3.0,5.7272727272727275,1,13,0,0.37641080975052127
1,VER,Max Verstappen,Red Bull Racing,4.0,4.0,12.0,Finished,True,4.0,100.903,17.030044843049332,24.09013452914799,84.4439461883408,True,2025,13,Belgian Grand Prix,Spa-Francorchamps,Belgium,2025-07-27,8.333333333333334,7.8,2.0,6.418722614352484,0.9,0.5333333333333341,11.333333333333334,1.5,-3.8,-6.8,0.3410000000000082,2.0,3.0,2.4545454545454546,1,13,0,0.37641080975052127
63,RUS,George Russell,Mercedes,6.0,5.0,10.0,Finished,True,6.0,101.26,17.030044843049332,24.09013452914799,84.4439461883408,True,2025,13,Belgian Grand Prix,Spa-Francorchamps,Belgium,2025-07-27,5.333333333333333,6.2,1.0,4.207136793592526,1.0,-0.8666666666666671,9.0,1.5,-0.20000000000000018,-8.6,0.6980000000000075,10.0,3.0,8.545454545454545,1,13,0,0.37641080975052127
23,ALB,Alexander Albon,Williams,5.0,6.0,8.0,Finished,True,5.0,101.201,17.030044843049332,24.09013452914799,84.4439461883408,True,2025,13,Belgian Grand Prix,Spa-Francorchamps,Belgium,2025-07-27,15.0,14.6,8.0,5.6833088953531306,0.7,0.40000000000000036,14.5,6.5,-9.6,1.4,0.6389999999999958,12.0,3.0,12.6,1,13,0,0.37641080975052127
44,HAM,Lewis Hamilton,Ferrari,18.0,7.0,6.0,Finished,True,16.0,101.939,17.030044843049332,24.09013452914799,84.4439461883408,True,2025,13,Belgian Grand Prix,Spa-Francorchamps,Belgium,2025-07-27,4.666666666666667,5.0,4.0,0.9999999999999964,1.0,-0.33333333333333304,6.0,1.5,13.0,-0.4,1.3769999999999953,8.333333333333334,3.0,4.818181818181818,1,13,0,0.37641080975052127
30,LAW,Liam Lawson,Racing Bulls,9.0,8.0,4.0,Finished,True,9.0,101.328,17.030044843049332,24.09013452914799,84.4439461883408,True,2025,13,Belgian Grand Prix,Spa-Francorchamps,Belgium,2025-07-27,14.666666666666666,12.6,6.0,6.107372593840988,0.7,2.0666666666666664,14.833333333333334,7.0,-3.5999999999999996,1.0,0.7660000000000053,,0.0,14.5,1,13,0,0.37641080975052127
5,BOR,Gabriel Bortoleto,Kick Sauber,10.0,9.0,2.0,Finished,True,10.0,102.387,17.030044843049332,24.09013452914799,84.4439461883408,True,2025,13,Belgian Grand Prix,Spa-Francorchamps,Belgium,2025-07-27,13.333333333333334,13.2,8.0,3.6331804249169903,0.8,0.13333333333333464,10.0,8.5,-3.1999999999999993,5.0,1.8250000000000028,,0.0,18.5,1,13,0,0.37641080975052127
10,GAS,Pierre Gasly,Alpine,13.0,10.0,1.0,Finished,True,13.0,101.633,17.030044843049332,24.09013452914799,84.4439461883408,True,2025,13,Belgian Grand Prix,Spa-Francorchamps,Belgium,2025-07-27,11.333333333333334,12.4,6.0,5.594640292279749,0.8,-1.0666666666666664,13.666666666666666,2.5,0.5999999999999996,-2.8,1.070999999999998,11.0,3.0,14.090909090909092,1,13,0,0.37641080975052127
87,BEA,Oliver Bearman,Haas F1 Team,12.0,11.0,0.0,Finished,True,12.0,101.617,17.030044843049332,24.09013452914799,84.4439461883408,True,2025,13,Belgian Grand Prix,Spa-Francorchamps,Belgium,2025-07-27,11.0,12.4,11.0,2.6076809620810586,0.9,-1.4000000000000004,10.833333333333334,6.5,-0.40000000000000036,1.4,1.0550000000000068,,0.0,10.5,1,13,0,0.37641080975052127
27,HUL,Nico Hulkenberg,Kick Sauber,14.0,12.0,0.0,Finished,True,14.0,101.707,17.030044843049332,24.09013452914799,84.4439461883408,True,2025,13,Belgian Grand Prix,Spa-Francorchamps,Belgium,2025-07-27,6.666666666666667,8.2,3.0,4.969909455915671,0.9,-1.5333333333333323,10.0,8.5,5.800000000000001,-5.0,1.144999999999996,18.0,2.0,12.125,1,13,0,0.37641080975052127
22,TSU,Yuki Tsunoda,Red Bull Racing,7.0,13.0,0.0,Finished,True,7.0,101.284,17.030044843049332,24.09013452914799,84.4439461883408,True,2025,13,Belgian Grand Prix,Spa-Francorchamps,Belgium,2025-07-27,14.333333333333334,14.6,12.0,2.0736441353327724,0.9,-0.2666666666666657,11.333333333333334,1.5,-7.6,6.8,0.7220000000000084,13.0,3.0,14.181818181818182,1,13,0,0.37641080975052127
18,STR,Lance Stroll,Aston Martin,16.0,14.0,0.0,Finished,True,20.0,102.502,17.030044843049332,24.09013452914799,84.4439461883408,True,2025,13,Belgian Grand Prix,Spa-Francorchamps,Belgium,2025-07-27,12.666666666666666,13.6,7.0,3.847076812334266,1.0,-0.9333333333333336,10.166666666666666,3.5,2.4000000000000004,3.0,1.9399999999999977,10.333333333333334,3.0,14.0,1,13,0,0.37641080975052127
31,OCO,Esteban Ocon,Haas F1 Team,11.0,15.0,0.0,Finished,True,11.0,101.525,17.030044843049332,24.09013452914799,84.4439461883408,True,2025,13,Belgian Grand Prix,Spa-Francorchamps,Belgium,2025-07-27,10.666666666666666,11.0,7.0,3.535533905932738,0.9,-0.3333333333333339,10.833333333333334,6.5,0.0,-1.4,0.9630000000000081,8.0,3.0,14.0,1,13,0,0.37641080975052127
12,ANT,Kimi Antonelli,Mercedes,19.0,16.0,0.0,Finished,True,18.0,102.139,17.030044843049332,24.09013452914799,84.4439461883408,True,2025,13,Belgian Grand Prix,Spa-Francorchamps,Belgium,2025-07-27,12.666666666666666,14.8,3.0,6.685805860178712,0.6,-2.1333333333333346,9.0,1.5,4.199999999999999,8.6,1.5769999999999982,,0.0,11.0,1,13,0,0.37641080975052127
14,ALO,Fernando Alonso,Aston Martin,20.0,17.0,0.0,Finished,True,19.0,102.385,17.030044843049332,24.09013452914799,84.4439461883408,True,2025,13,Belgian Grand Prix,Spa-Francorchamps,Belgium,2025-07-27,7.666666666666667,10.2,7.0,5.019960159204451,0.9,-2.5333333333333323,10.166666666666666,3.5,9.8,-2.75,1.8230000000000075,6.0,3.0,9.090909090909092,1,13,0,0.37641080975052127
55,SAI,Carlos Sainz,Williams,17.0,18.0,0.0,Finished,True,15.0,101.758,17.030044843049332,24.09013452914799,84.4439461883408,True,2025,13,Belgian Grand Prix,Spa-Francorchamps,Belgium,2025-07-27,14.0,13.2,10.0,4.147288270665551,0.8,0.8000000000000007,14.5,6.5,3.8000000000000007,-1.4,1.195999999999998,9.333333333333334,3.0,7.363636363636363,1,13,0,0.37641080975052127
43,COL,Franco Colapinto,Alpine,15.0,19.0,0.0,Finished,True,17.0,102.022,17.030044843049332,24.09013452914799,84.4439461883408,True,2025,13,Belgian Grand Prix,Spa-Francorchamps,Belgium,2025-07-27,16.0,15.2,13.0,2.86356421265527,0.6,0.8000000000000007,13.666666666666666,2.5,-0.1999999999999993,2.8,1.460000000000008,,0.0,16.0,1,13,0,0.37641080975052127
6,HAD,Isack Hadjar,Racing Bulls,8.0,20.0,0.0,Lapped,True,8.0,101.31,17.030044843049332,24.09013452914799,84.4439461883408,True,2025,13,Belgian Grand Prix,Spa-Francorchamps,Belgium,2025-07-27,15.0,11.6,6.0,5.029910535983717,0.9,3.4000000000000004,14.833333333333334,7.0,-3.5999999999999996,-1.0,0.7480000000000047,,0.0,12.5,1,13,0,0.37641080975052127
4,NOR,Lando Norris,McLaren,3.0,1.0,25.0,Finished,True,3.0,75.413,22.082165605095543,32.72993630573249,57.24203821656051,False,2025,14,Hungarian Grand Prix,Budapest,Hungary,2025-08-03,1.3333333333333333,4.8,1.0,7.395944834840241,0.9,-3.466666666666667,1.5,1.5,-1.7999999999999998,2.8,0.04099999999999682,3.6666666666666665,3.0,,0,14,0,0.3814479322212216
81,PIA,Oscar Piastri,McLaren,2.0,2.0,18.0,Finished,True,2.0,75.398,22.082165605095543,32.72993630573249,57.24203821656051,False,2025,14,Hungarian Grand Prix,Budapest,Hungary,2025-08-03,1.6666666666666667,2.0,1.0,1.2247448713915912,1.0,-0.33333333333333326,1.5,1.5,0.0,-2.8,0.02599999999999625,3.0,2.0,,0,14,0,0.3814479322212216
63,RUS,George Russell,Mercedes,4.0,3.0,15.0,Finished,True,4.0,75.425,22.082165605095543,32.72993630573249,57.24203821656051,False,2025,14,Hungarian Grand Prix,Budapest,Hungary,2025-08-03,6.666666666666667,5.0,1.0,3.2403703492039306,1.0,1.666666666666667,11.833333333333334,1.5,-1.0,-9.4,0.05299999999999727,5.666666666666667,3.0,,0,14,0,0.3814479322212216
16,LEC,Charles Leclerc,Ferrari,1.0,4.0,12.0,Finished,True,1.0,75.372,22.082165605095543,32.72993630573249,57.24203821656051,False,2025,14,Hungarian Grand Prix,Budapest,Hungary,2025-08-03,6.666666666666667,5.6,3.0,4.774934554525326,1.0,1.0666666666666673,5.833333333333333,1.5,-4.6,0.2,0.0,5.666666666666667,3.0,,0,14,0,0.3814479322212216
14,ALO,Fernando Alonso,Aston Martin,5.0,5.0,10.0,Finished,True,5.0,75.481,22.082165605095543,32.72993630573249,57.24203821656051,False,2025,14,Hungarian Grand Prix,Budapest,Hungary,2025-08-03,11.0,9.8,7.0,4.147288270665541,0.9,1.1999999999999993,11.333333333333334,3.5,-4.800000000000001,-3.0,0.10899999999999466,9.333333333333334,3.0,,0,14,0,0.3814479322212216
5,BOR,Gabriel Bortoleto,Kick Sauber,7.0,6.0,8.0,Finished,True,7.0,75.725,22.082165605095543,32.72993630573249,57.24203821656051,False,2025,14,Hungarian Grand Prix,Budapest,Hungary,2025-08-03,11.666666666666666,12.2,8.0,4.024922359499621,0.8,-0.5333333333333332,9.833333333333334,8.5,-5.199999999999999,4.8,0.35299999999999443,,0.0,,0,14,0,0.3814479322212216
18,STR,Lance Stroll,Aston Martin,6.0,7.0,6.0,Finished,True,6.0,75.498,22.082165605095543,32.72993630573249,57.24203821656051,False,2025,14,Hungarian Grand Prix,Budapest,Hungary,2025-08-03,11.666666666666666,13.4,7.0,3.7815340802378046,1.0,-1.7333333333333343,11.333333333333334,3.5,-7.4,1.6,0.12600000000000477,10.333333333333334,3.0,,0,14,0,0.3814479322212216
30,LAW,Liam Lawson,Racing Bulls,9.0,8.0,4.0,Finished,True,9.0,75.821,22.082165605095543,32.72993630573249,57.24203821656051,False,2025,14,Hungarian Grand Prix,Budapest,Hungary,2025-08-03,11.0,12.6,6.0,6.107372593840988,0.7,-1.5999999999999996,13.666666666666666,7.0,-3.5999999999999996,-1.8,0.44899999999999807,,0.0,,0,14,0,0.3814479322212216
1,VER,Max Verstappen,Red Bull Racing,8.0,9.0,2.0,Finished,True,8.0,75.728,22.082165605095543,32.72993630573249,57.24203821656051,False,2025,14,Hungarian Grand Prix,Budapest,Hungary,2025-08-03,9.0,7.8,2.0,6.418722614352484,0.9,1.2000000000000002,11.833333333333334,1.5,0.20000000000000018,-6.0,0.35599999999999454,2.3333333333333335,3.0,,0,14,0,0.3814479322212216
12,ANT,Kimi Antonelli,Mercedes,15.0,10.0,1.0,Lapped,True,15.0,76.386,22.082165605095543,32.72993630573249,57.24203821656051,False,2025,14,Hungarian Grand Prix,Budapest,Hungary,2025-08-03,17.0,14.4,3.0,6.5038450166036395,0.6,2.5999999999999996,11.833333333333334,1.5,0.5999999999999996,9.4,1.0139999999999958,,0.0,,0,14,0,0.3814479322212216
6,HAD,Isack Hadjar,Racing Bulls,10.0,11.0,0.0,Lapped,True,10.0,75.915,22.082165605095543,32.72993630573249,57.24203821656051,False,2025,14,Hungarian Grand Prix,Budapest,Hungary,2025-08-03,16.333333333333332,14.4,7.0,5.029910535983717,0.9,1.9333333333333318,13.666666666666666,7.0,-4.4,1.8,0.5430000000000064,,0.0,,0,14,0,0.3814479322212216
44,HAM,Lewis Hamilton,Ferrari,12.0,12.0,0.0,Lapped,True,12.0,75.702,22.082165605095543,32.72993630573249,57.24203821656051,False,2025,14,Hungarian Grand Prix,Budapest,Hungary,2025-08-03,5.0,5.4,4.0,1.3416407864998718,1.0,-0.40000000000000036,5.833333333333333,1.5,6.6,-0.2,0.3299999999999983,3.0,3.0,,0,14,0,0.3814479322212216
27,HUL,Nico Hulkenberg,Kick Sauber,18.0,13.0,0.0,Lapped,True,19.0,76.081,22.082165605095543,32.72993630573249,57.24203821656051,False,2025,14,Hungarian Grand Prix,Budapest,Hungary,2025-08-03,8.0,7.4,3.0,3.5071355833500366,0.9,0.5999999999999996,9.833333333333334,8.5,10.6,-4.8,0.7090000000000032,13.5,2.0,,0,14,0,0.3814479322212216
55,SAI,Carlos Sainz,Williams,13.0,14.0,0.0,Lapped,True,13.0,75.781,22.082165605095543,32.72993630573249,57.24203821656051,False,2025,14,Hungarian Grand Prix,Budapest,Hungary,2025-08-03,16.666666666666668,14.8,10.0,4.147288270665553,0.8,1.8666666666666671,13.5,6.5,-1.8000000000000007,0.8,0.409000000000006,6.0,3.0,,0,14,0,0.3814479322212216
23,ALB,Alexander Albon,Williams,19.0,15.0,0.0,Lapped,True,20.0,76.223,22.082165605095543,32.72993630573249,57.24203821656051,False,2025,14,Hungarian Grand Prix,Budapest,Hungary,2025-08-03,10.333333333333334,14.0,6.0,6.51920240520265,0.7,-3.666666666666666,13.5,6.5,5.0,-0.8,0.8509999999999991,14.0,3.0,,0,14,0,0.3814479322212216
31,OCO,Esteban Ocon,Haas F1 Team,17.0,16.0,0.0,Lapped,True,18.0,76.023,22.082165605095543,32.72993630573249,57.24203821656051,False,2025,14,Hungarian Grand Prix,Budapest,Hungary,2025-08-03,12.666666666666666,12.6,9.0,3.0495901363953823,0.9,0.06666666666666643,11.833333333333334,6.5,4.4,0.4,0.6509999999999962,15.333333333333334,3.0,,0,14,0,0.3814479322212216
22,TSU,Yuki Tsunoda,Red Bull Racing,20.0,17.0,0.0,Lapped,True,16.0,75.899,22.082165605095543,32.72993630573249,57.24203821656051,False,2025,14,Hungarian Grand Prix,Budapest,Hungary,2025-08-03,14.666666666666666,13.8,12.0,1.6431676725154984,0.9,0.8666666666666654,11.833333333333334,1.5,6.199999999999999,6.0,0.527000000000001,14.333333333333334,3.0,,0,14,0,0.3814479322212216
43,COL,Franco Colapinto,Alpine,14.0,18.0,0.0,Lapped,True,14.0,76.159,22.082165605095543,32.72993630573249,57.24203821656051,False,2025,14,Hungarian Grand Prix,Budapest,Hungary,2025-08-03,18.0,16.4,13.0,2.966479394838265,0.7,1.6000000000000014,13.833333333333334,2.5,-2.3999999999999986,6.0,0.7870000000000061,,0.0,,0,14,0,0.3814479322212216
10,GAS,Pierre Gasly,Alpine,16.0,19.0,0.0,Lapped,True,17.0,75.966,22.082165605095543,32.72993630573249,57.24203821656051,False,2025,14,Hungarian Grand Prix,Budapest,Hungary,2025-08-03,9.666666666666666,10.4,6.0,3.646916505762099,0.8,-0.7333333333333343,13.833333333333334,2.5,5.6,-6.0,0.5939999999999941,17.333333333333332,3.0,,0,14,0,0.3814479322212216
87,BEA,Oliver Bearman,Haas F1 Team,11.0,20.0,0.0,Retired,False,11.0,75.694,22.082165605095543,32.72993630573249,57.24203821656051,False,2025,14,Hungarian Grand Prix,Budapest,Hungary,2025-08-03,11.0,12.2,11.0,2.6832815729997463,0.9,-1.1999999999999993,11.833333333333334,6.5,-1.1999999999999993,-0.4,0.32200000000000273,,0.0,,0,14,0,0.3814479322212216
81,PIA,Oscar Piastri,McLaren,1.0,1.0,25.0,Finished,True,,,20.07735849056603,27.96352201257861,71.17610062893081,False,2025,15,Dutch Grand Prix,Zandvoort,Netherlands,2025-08-31,1.6666666666666667,2.2,1.0,1.0954451150103346,1.0,-0.5333333333333334,1.5,1.5,-1.2000000000000002,-2.4,,6.5,2.0,7.0,0,15,0,0.4022795697642085
1,VER,Max Verstappen,Red Bull Racing,3.0,2.0,18.0,Finished,True,,,20.07735849056603,27.96352201257861,71.17610062893081,False,2025,15,Dutch Grand Prix,Zandvoort,Netherlands,2025-08-31,6.0,7.6,2.0,6.348228099241551,0.9,-1.5999999999999996,10.5,1.5,-4.6,-7.0,,1.3333333333333333,3.0,3.25,0,15,0,0.4022795697642085
6,HAD,Isack Hadjar,Racing Bulls,4.0,3.0,15.0,Finished,True,,,20.07735849056603,27.96352201257861,71.17610062893081,False,2025,15,Dutch Grand Prix,Zandvoort,Netherlands,2025-08-31,16.0,15.2,11.0,3.7013511046643495,0.9,0.8000000000000007,13.833333333333334,7.0,-11.2,3.2,,,0.0,7.0,0,15,0,0.4022795697642085
63,RUS,George Russell,Mercedes,5.0,4.0,12.0,Finished,True,,,20.07735849056603,27.96352201257861,71.17610062893081,False,2025,15,Dutch Grand Prix,Zandvoort,Netherlands,2025-08-31,6.0,4.8,1.0,3.3466401061363027,1.0,1.2000000000000002,10.0,1.5,0.20000000000000018,-8.0,,8.666666666666666,3.0,3.5,0,15,0,0.4022795697642085
23,ALB,Alexander Albon,Williams,15.0,5.0,10.0,Finished,True,,,20.07735849056603,27.96352201257861,71.17610062893081,False,2025,15,Dutch Grand Prix,Zandvoort,Netherlands,2025-08-31,9.666666666666666,13.2,6.0,5.974947698515863,0.7,-3.533333333333333,12.166666666666666,6.5,1.8000000000000007,-1.6,,11.333333333333334,3.0,17.75,0,15,0,0.4022795697642085
87,BEA,Oliver Bearman,Haas F1 Team,20.0,6.0,8.0,Finished,True,,,20.07735849056603,27.96352201257861,71.17610062893081,False,2025,15,Dutch Grand Prix,Zandvoort,Netherlands,2025-08-31,14.0,12.8,11.0,4.02492235949962,0.8,1.1999999999999993,14.333333333333334,6.5,7.199999999999999,0.2,,,0.0,17.0,0,15,0,0.4022795697642085
18,STR,Lance Stroll,Aston Martin,19.0,7.0,6.0,Finished,True,,,20.07735849056603,27.96352201257861,71.17610062893081,False,2025,15,Dutch Grand Prix,Zandvoort,Netherlands,2025-08-31,9.333333333333334,11.8,7.0,4.5497252664309284,1.0,-2.466666666666667,9.833333333333334,3.5,7.199999999999999,2.8,,11.333333333333334,3.0,11.666666666666666,0,15,0,0.4022795697642085
14,ALO,Fernando Alonso,Aston Martin,10.0,8.0,4.0,Finished,True,,,20.07735849056603,27.96352201257861,71.17610062893081,False,2025,15,Dutch Grand Prix,Zandvoort,Netherlands,2025-08-31,10.333333333333334,9.0,5.0,4.690415759823427,0.9,1.333333333333334,9.833333333333334,3.5,1.0,-2.8,,6.0,3.0,9.25,0,15,0,0.4022795697642085
22,TSU,Yuki Tsunoda,Red Bull Racing,12.0,9.0,2.0,Finished,True,,,20.07735849056603,27.96352201257861,71.17610062893081,False,2025,15,Dutch Grand Prix,Zandvoort,Netherlands,2025-08-31,15.0,14.6,12.0,2.0736441353327724,0.9,0.40000000000000036,10.5,1.5,-2.5999999999999996,7.0,,17.333333333333332,3.0,13.5,0,15,0,0.4022795697642085
31,OCO,Esteban Ocon,Haas F1 Team,18.0,10.0,1.0,Finished,True,,,20.07735849056603,27.96352201257861,71.17610062893081,False,2025,15,Dutch Grand Prix,Zandvoort,Netherlands,2025-08-31,14.666666666666666,12.6,9.0,3.0495901363953823,0.9,2.0666666666666664,14.333333333333334,6.5,5.4,-0.2,,11.333333333333334,3.0,10.25,0,15,0,0.4022795697642085
43,COL,Franco Colapinto,Alpine,16.0,11.0,0.0,Finished,True,,,20.07735849056603,27.96352201257861,71.17610062893081,False,2025,15,Dutch Grand Prix,Zandvoort,Netherlands,2025-08-31,19.0,17.0,13.0,2.9154759474226504,0.7,2.0,15.333333333333334,2.5,-1.0,4.4,,,0.0,15.0,0,15,0,0.4022795697642085
30,LAW,Liam Lawson,Racing Bulls,8.0,12.0,0.0,Finished,True,,,20.07735849056603,27.96352201257861,71.17610062893081,False,2025,15,Dutch Grand Prix,Zandvoort,Netherlands,2025-08-31,11.666666666666666,12.0,6.0,6.442049363362563,0.7,-0.3333333333333339,13.833333333333334,7.0,-4.0,-3.2,,13.0,1.0,11.0,0,15,0,0.4022795697642085
55,SAI,Carlos Sainz,Williams,9.0,13.0,0.0,Finished,True,,,20.07735849056603,27.96352201257861,71.17610062893081,False,2025,15,Dutch Grand Prix,Zandvoort,Netherlands,2025-08-31,14.666666666666666,14.8,10.0,4.147288270665553,0.9,-0.13333333333333464,12.166666666666666,6.5,-5.800000000000001,1.6,,6.0,3.0,7.25,0,15,0,0.4022795697642085
27,HUL,Nico Hulkenberg,Kick Sauber,17.0,14.0,0.0,Finished,True,,,20.07735849056603,27.96352201257861,71.17610062893081,False,2025,15,Dutch Grand Prix,Zandvoort,Netherlands,2025-08-31,9.333333333333334,9.0,3.0,3.937003937005906,1.0,0.3333333333333339,10.166666666666666,8.5,8.0,-2.0,,11.5,2.0,10.333333333333334,0,15,0,0.4022795697642085
5,BOR,Gabriel Bortoleto,Kick Sauber,13.0,15.0,0.0,Finished,True,,,20.07735849056603,27.96352201257861,71.17610062893081,False,2025,15,Dutch Grand Prix,Zandvoort,Netherlands,2025-08-31,11.0,11.0,6.0,4.898979485566356,0.8,0.0,10.166666666666666,8.5,2.0,2.0,,,0.0,12.0,0,15,0,0.4022795697642085
12,ANT,Kimi Antonelli,Mercedes,11.0,16.0,0.0,Finished,True,,,20.07735849056603,27.96352201257861,71.17610062893081,False,2025,15,Dutch Grand Prix,Zandvoort,Netherlands,2025-08-31,14.0,12.8,3.0,6.3796551630946325,0.6,1.1999999999999993,10.0,1.5,-1.8000000000000007,8.0,,,0.0,18.0,0,15,0,0.4022795697642085
10,GAS,Pierre Gasly,Alpine,14.0,17.0,0.0,Finished,True,,,20.07735849056603,27.96352201257861,71.17610062893081,False,2025,15,Dutch Grand Prix,Zandvoort,Netherlands,2025-08-31,11.666666666666666,12.6,6.0,4.929503017546499,0.8,-0.9333333333333336,15.333333333333334,2.5,1.4000000000000004,-4.4,,7.666666666666667,3.0,10.0,0,15,0,0.4022795697642085
4,NOR,Lando Norris,McLaren,2.0,18.0,0.0,Retired,False,,,20.07735849056603,27.96352201257861,71.17610062893081,False,2025,15,Dutch Grand Prix,Zandvoort,Netherlands,2025-08-31,1.3333333333333333,4.6,1.0,7.50333259292163,0.9,-3.2666666666666666,1.5,1.5,-2.5999999999999996,2.4,,5.0,3.0,7.25,0,15,0,0.4022795697642085
16,LEC,Charles Leclerc,Ferrari,6.0,19.0,0.0,Retired,False,,,20.07735849056603,27.96352201257861,71.17610062893081,False,2025,15,Dutch Grand Prix,Zandvoort,Netherlands,2025-08-31,7.0,5.8,3.0,4.658325879540843,1.0,1.2000000000000002,7.333333333333333,1.5,0.20000000000000018,-0.8,,8.333333333333334,3.0,9.75,0,15,0,0.4022795697642085
44,HAM,Lewis Hamilton,Ferrari,7.0,20.0,0.0,Retired,False,,,20.07735849056603,27.96352201257861,71.17610062893081,False,2025,15,Dutch Grand Prix,Zandvoort,Netherlands,2025-08-31,7.666666666666667,6.6,4.0,3.2863353450309964,1.0,1.0666666666666673,7.333333333333333,1.5,0.40000000000000036,0.8,,6.0,3.0,4.0,0,15,0,0.4022795697642085
1,VER,Max Verstappen,Red Bull Racing,1.0,1.0,25.0,Finished,True,1.0,78.792,26.76111111111111,43.28819444444444,42.604166666666664,False,2025,16,Italian Grand Prix,Monza,Italy,2025-09-07,5.0,7.6,2.0,6.348228099241551,0.9,-2.5999999999999996,9.0,1.5,-6.6,-6.4,0.0,2.6666666666666665,3.0,2.5714285714285716,0,16,0,0.407662867501343
4,NOR,Lando Norris,McLaren,2.0,2.0,18.0,Finished,True,2.0,78.869,26.76111111111111,43.28819444444444,42.604166666666664,False,2025,16,Italian Grand Prix,Monza,Italy,2025-09-07,7.0,4.6,1.0,7.50333259292163,0.8,2.4000000000000004,4.166666666666667,1.5,-2.5999999999999996,3.0,0.07699999999999818,6.0,3.0,6.857142857142857,0,16,0,0.407662867501343
81,PIA,Oscar Piastri,McLaren,3.0,3.0,15.0,Finished,True,3.0,78.982,26.76111111111111,43.28819444444444,42.604166666666664,False,2025,16,Italian Grand Prix,Monza,Italy,2025-09-07,1.3333333333333333,1.6,1.0,0.5477225575051711,1.0,-0.26666666666666683,4.166666666666667,1.5,1.4,-3.0,0.18999999999999773,7.0,2.0,7.0,0,16,0,0.407662867501343
16,LEC,Charles Leclerc,Ferrari,4.0,4.0,12.0,Finished,True,4.0,79.007,26.76111111111111,43.28819444444444,42.604166666666664,False,2025,16,Italian Grand Prix,Monza,Italy,2025-09-07,8.666666666666666,8.6,3.0,7.436396977031281,0.9,0.06666666666666643,10.833333333333334,1.5,-4.6,-0.8,0.2150000000000034,2.3333333333333335,3.0,5.571428571428571,0,16,0,0.407662867501343
63,RUS,George Russell,Mercedes,5.0,5.0,10.0,Finished,True,6.0,79.157,26.76111111111111,43.28819444444444,42.604166666666664,False,2025,16,Italian Grand Prix,Monza,Italy,2025-09-07,4.0,5.4,3.0,2.7018512172212596,1.0,-1.4000000000000004,9.0,1.5,-0.40000000000000036,-10.0,0.3649999999999949,5.0,3.0,7.0,0,16,0,0.407662867501343
44,HAM,Lewis Hamilton,Ferrari,10.0,6.0,8.0,Finished,True,5.0,79.124,26.76111111111111,43.28819444444444,42.604166666666664,False,2025,16,Italian Grand Prix,Monza,Italy,2025-09-07,13.0,9.4,4.0,6.767569726275453,0.9,3.5999999999999996,10.833333333333334,1.5,0.5999999999999996,0.8,0.33199999999999363,5.333333333333333,3.0,7.285714285714286,0,16,0,0.407662867501343
23,ALB,Alexander Albon,Williams,14.0,7.0,6.0,Finished,True,14.0,79.583,26.76111111111111,43.28819444444444,42.604166666666664,False,2025,16,Italian Grand Prix,Monza,Italy,2025-09-07,8.666666666666666,10.2,5.0,5.449770637375484,0.7,-1.5333333333333332,11.833333333333334,6.5,3.8000000000000007,-5.2,0.7909999999999968,8.0,2.0,10.428571428571429,0,16,0,0.407662867501343
5,BOR,Gabriel Bortoleto,Kick Sauber,7.0,8.0,4.0,Finished,True,8.0,79.39,26.76111111111111,43.28819444444444,42.604166666666664,False,2025,16,Italian Grand Prix,Monza,Italy,2025-09-07,10.0,11.2,6.0,5.06951674225463,0.8,-1.1999999999999993,11.5,8.5,-4.199999999999999,1.0,0.597999999999999,,0.0,9.0,0,16,0,0.407662867501343
12,ANT,Kimi Antonelli,Mercedes,6.0,9.0,2.0,Finished,True,7.0,79.2,26.76111111111111,43.28819444444444,42.604166666666664,False,2025,16,Italian Grand Prix,Monza,Italy,2025-09-07,14.0,15.4,10.0,3.286335345030997,0.6,-1.4000000000000004,9.0,1.5,-9.4,10.0,0.40800000000000125,,0.0,16.0,0,16,0,0.407662867501343
6,HAD,Isack Hadjar,Racing Bulls,19.0,10.0,1.0,Finished,True,16.0,79.917,26.76111111111111,43.28819444444444,42.604166666666664,False,2025,16,Italian Grand Prix,Monza,Italy,2025-09-07,11.333333333333334,12.6,3.0,6.5038450166036395,0.9,-1.2666666666666657,10.333333333333334,7.0,6.4,2.0,1.125,,0.0,20.0,0,16,0,0.407662867501343
55,SAI,Carlos Sainz,Williams,13.0,11.0,0.0,Finished,True,13.0,79.528,26.76111111111111,43.28819444444444,42.604166666666664,False,2025,16,Italian Grand Prix,Monza,Italy,2025-09-07,15.0,15.4,12.0,3.435112807463544,0.9,-0.40000000000000036,11.833333333333334,6.5,-2.4000000000000004,5.2,0.7360000000000042,3.6666666666666665,3.0,12.714285714285714,0,16,0,0.407662867501343
87,BEA,Oliver Bearman,Haas F1 Team,11.0,12.0,0.0,Finished,True,11.0,79.446,26.76111111111111,43.28819444444444,42.604166666666664,False,2025,16,Italian Grand Prix,Monza,Italy,2025-09-07,12.333333333333334,11.8,6.0,5.0695167422546294,0.8,0.5333333333333332,13.0,6.5,-0.8000000000000007,-1.0,0.6539999999999964,,0.0,10.5,0,16,0,0.407662867501343
22,TSU,Yuki Tsunoda,Red Bull Racing,9.0,13.0,0.0,Finished,True,10.0,79.519,26.76111111111111,43.28819444444444,42.604166666666664,False,2025,16,Italian Grand Prix,Monza,Italy,2025-09-07,13.0,14.0,9.0,3.1622776601683795,1.0,-1.0,9.0,1.5,-5.0,6.4,0.7270000000000039,18.0,3.0,13.571428571428571,0,16,0,0.407662867501343
30,LAW,Liam Lawson,Racing Bulls,18.0,14.0,0.0,Finished,True,20.0,80.279,26.76111111111111,43.28819444444444,42.604166666666664,False,2025,16,Italian Grand Prix,Monza,Italy,2025-09-07,9.333333333333334,10.6,6.0,5.176871642217914,0.7,-1.2666666666666657,10.333333333333334,7.0,7.4,-2.0,1.4869999999999948,11.0,1.0,8.0,0,16,0,0.407662867501343
31,OCO,Esteban Ocon,Haas F1 Team,15.0,15.0,0.0,Lapped,True,15.0,79.707,26.76111111111111,43.28819444444444,42.604166666666664,False,2025,16,Italian Grand Prix,Monza,Italy,2025-09-07,13.666666666666666,12.8,10.0,2.7748873851023226,0.9,0.8666666666666654,13.0,6.5,2.1999999999999993,1.0,0.914999999999992,14.666666666666666,3.0,11.285714285714286,0,16,0,0.407662867501343
10,GAS,Pierre Gasly,Alpine,20.0,16.0,0.0,Lapped,True,19.0,80.103,26.76111111111111,43.28819444444444,42.604166666666664,False,2025,16,Italian Grand Prix,Monza,Italy,2025-09-07,15.333333333333334,13.0,6.0,5.244044240850761,0.9,2.333333333333334,15.666666666666666,2.5,7.0,-3.6,1.3109999999999928,12.666666666666666,3.0,10.571428571428571,0,16,0,0.407662867501343
43,COL,Franco Colapinto,Alpine,17.0,17.0,0.0,Lapped,True,18.0,79.992,26.76111111111111,43.28819444444444,42.604166666666664,False,2025,16,Italian Grand Prix,Monza,Italy,2025-09-07,16.0,16.6,11.0,3.646916505762094,0.8,-0.6000000000000014,15.666666666666666,2.5,0.3999999999999986,3.6,1.2000000000000028,12.0,1.0,13.5,0,16,0,0.407662867501343
18,STR,Lance Stroll,Aston Martin,16.0,18.0,0.0,Lapped,True,17.0,79.948,26.76111111111111,43.28819444444444,42.604166666666664,False,2025,16,Italian Grand Prix,Monza,Italy,2025-09-07,9.333333333333334,9.8,7.0,3.8340579025361605,1.0,-0.4666666666666668,9.666666666666666,3.5,6.199999999999999,0.6,1.1559999999999917,17.666666666666668,3.0,12.428571428571429,0,16,0,0.407662867501343
14,ALO,Fernando Alonso,Aston Martin,8.0,19.0,0.0,Retired,False,9.0,79.424,26.76111111111111,43.28819444444444,42.604166666666664,False,2025,16,Italian Grand Prix,Monza,Italy,2025-09-07,10.0,9.2,5.0,4.604345773288533,0.9,0.8000000000000007,9.666666666666666,3.5,-1.1999999999999993,-0.6,0.632000000000005,13.0,3.0,7.428571428571429,0,16,0,0.407662867501343
27,HUL,Nico Hulkenberg,Kick Sauber,12.0,20.0,0.0,Did not start,False,12.0,79.498,26.76111111111111,43.28819444444444,42.604166666666664,False,2025,16,Italian Grand Prix,Monza,Italy,2025-09-07,13.0,10.2,3.0,4.43846820423443,1.0,2.8000000000000007,11.5,8.5,1.8000000000000007,-1.0,0.7060000000000031,17.0,2.0,15.2,0,16,0,0.407662867501343
1,VER,Max Verstappen,Red Bull Racing,1.0,1.0,25.0,Finished,True,,,20.55192307692308,26.107051282051284,59.833333333333336,False,2025,17,Azerbaijan Grand Prix,Baku,Azerbaijan,2025-09-21,4.0,4.2,1.0,3.1144823004794855,0.9,-0.20000000000000018,8.5,1.5,-3.2,-9.2,,2.6666666666666665,3.0,2.3076923076923075,0,17,0,0.41864654457396866
63,RUS,George Russell,Mercedes,5.0,2.0,18.0,Finished,True,,,20.55192307692308,26.107051282051284,59.833333333333336,False,2025,17,Azerbaijan Grand Prix,Baku,Azerbaijan,2025-09-21,4.0,5.4,3.0,2.7018512172212596,1.0,-1.4000000000000004,7.833333333333333,1.5,-0.40000000000000036,-8.0,,4.666666666666667,3.0,5.538461538461538,0,17,0,0.41864654457396866
55,SAI,Carlos Sainz,Williams,2.0,3.0,15.0,Finished,True,,,20.55192307692308,26.107051282051284,59.833333333333336,False,2025,17,Azerbaijan Grand Prix,Baku,Azerbaijan,2025-09-21,12.666666666666666,13.6,11.0,2.7018512172212703,0.9,-0.9333333333333336,10.833333333333334,6.5,-11.6,5.4,,14.333333333333334,3.0,5.166666666666667,0,17,0,0.41864654457396866
12,ANT,Kimi Antonelli,Mercedes,4.0,4.0,12.0,Finished,True,,,20.55192307692308,26.107051282051284,59.833333333333336,False,2025,17,Azerbaijan Grand Prix,Baku,Azerbaijan,2025-09-21,11.666666666666666,13.4,9.0,3.5777087639996634,0.6,-1.7333333333333343,7.833333333333333,1.5,-9.4,8.0,,,0.0,12.0,0,17,0,0.41864654457396866
30,LAW,Liam Lawson,Racing Bulls,3.0,5.0,10.0,Finished,True,,,20.55192307692308,26.107051282051284,59.833333333333336,False,2025,17,Azerbaijan Grand Prix,Baku,Azerbaijan,2025-09-21,11.333333333333334,12.2,8.0,4.604345773288535,0.8,-0.8666666666666654,9.666666666666666,7.0,-9.2,0.0,,,0.0,12.0,0,17,0,0.41864654457396866
22,TSU,Yuki Tsunoda,Red Bull Racing,6.0,6.0,8.0,Finished,True,,,20.55192307692308,26.107051282051284,59.833333333333336,False,2025,17,Azerbaijan Grand Prix,Baku,Azerbaijan,2025-09-21,13.0,13.4,9.0,2.9664793948382653,1.0,-0.40000000000000036,8.5,1.5,-7.4,9.2,,14.333333333333334,3.0,13.692307692307692,0,17,0,0.41864654457396866
4,NOR,Lando Norris,McLaren,7.0,7.0,6.0,Finished,True,,,20.55192307692308,26.107051282051284,59.833333333333336,False,2025,17,Azerbaijan Grand Prix,Baku,Azerbaijan,2025-09-21,7.0,4.8,1.0,7.395944834840241,0.8,2.2,4.5,1.5,2.2,3.0,,7.333333333333333,3.0,9.153846153846153,0,17,0,0.41864654457396866
44,HAM,Lewis Hamilton,Ferrari,12.0,8.0,4.0,Finished,True,,,20.55192307692308,26.107051282051284,59.833333333333336,False,2025,17,Azerbaijan Grand Prix,Baku,Azerbaijan,2025-09-21,12.666666666666666,9.8,4.0,6.418722614352486,0.9,2.8666666666666654,10.833333333333334,1.5,2.1999999999999993,1.0,,6.333333333333333,3.0,6.3076923076923075,0,17,0,0.41864654457396866
16,LEC,Charles Leclerc,Ferrari,10.0,9.0,2.0,Finished,True,,,20.55192307692308,26.107051282051284,59.833333333333336,False,2025,17,Azerbaijan Grand Prix,Baku,Azerbaijan,2025-09-21,9.0,8.8,3.0,7.259476565152613,0.9,0.1999999999999993,10.833333333333334,1.5,1.1999999999999993,-1.0,,8.0,3.0,3.5384615384615383,0,17,0,0.41864654457396866
6,HAD,Isack Hadjar,Racing Bulls,8.0,10.0,1.0,Finished,True,,,20.55192307692308,26.107051282051284,59.833333333333336,False,2025,17,Azerbaijan Grand Prix,Baku,Azerbaijan,2025-09-21,8.0,12.2,3.0,6.610597552415364,0.9,-4.199999999999999,9.666666666666666,7.0,-4.199999999999999,0.0,,,0.0,8.0,0,17,0,0.41864654457396866
5,BOR,Gabriel Bortoleto,Kick Sauber,13.0,11.0,0.0,Finished,True,,,20.55192307692308,26.107051282051284,59.833333333333336,False,2025,17,Azerbaijan Grand Prix,Baku,Azerbaijan,2025-09-21,9.666666666666666,11.2,6.0,5.06951674225463,0.9,-1.5333333333333332,12.666666666666666,8.5,1.8000000000000007,-1.2,,,0.0,16.0,0,17,0,0.41864654457396866
87,BEA,Oliver Bearman,Haas F1 Team,15.0,12.0,0.0,Finished,True,,,20.55192307692308,26.107051282051284,59.833333333333336,False,2025,17,Azerbaijan Grand Prix,Baku,Azerbaijan,2025-09-21,12.666666666666666,12.0,6.0,5.049752469181039,0.9,0.6666666666666661,13.166666666666666,6.5,3.0,-1.8,,10.0,1.0,10.666666666666666,0,17,0,0.41864654457396866
23,ALB,Alexander Albon,Williams,19.0,13.0,0.0,Finished,True,,,20.55192307692308,26.107051282051284,59.833333333333336,False,2025,17,Azerbaijan Grand Prix,Baku,Azerbaijan,2025-09-21,9.0,8.2,5.0,3.9623225512317872,0.7,0.8000000000000007,10.833333333333334,6.5,10.8,-5.4,,10.333333333333334,3.0,13.461538461538462,0,17,0,0.41864654457396866
31,OCO,Esteban Ocon,Haas F1 Team,20.0,14.0,0.0,Finished,True,,,20.55192307692308,26.107051282051284,59.833333333333336,False,2025,17,Azerbaijan Grand Prix,Baku,Azerbaijan,2025-09-21,13.666666666666666,13.8,10.0,2.3874672772626653,0.9,-0.13333333333333464,13.166666666666666,6.5,6.199999999999999,1.8,,13.333333333333334,3.0,9.846153846153847,0,17,0,0.41864654457396866
14,ALO,Fernando Alonso,Aston Martin,11.0,15.0,0.0,Finished,True,,,20.55192307692308,26.107051282051284,59.833333333333336,False,2025,17,Azerbaijan Grand Prix,Baku,Azerbaijan,2025-09-21,10.666666666666666,11.6,5.0,6.066300355241239,0.8,-0.9333333333333336,10.666666666666666,3.5,-0.5999999999999996,1.0,,5.666666666666667,3.0,9.0,0,17,0,0.41864654457396866
27,HUL,Nico Hulkenberg,Kick Sauber,17.0,16.0,0.0,Finished,True,,,20.55192307692308,26.107051282051284,59.833333333333336,False,2025,17,Azerbaijan Grand Prix,Baku,Azerbaijan,2025-09-21,15.666666666666666,12.4,3.0,6.107372593840989,0.9,3.2666666666666657,12.666666666666666,8.5,4.6,1.2,,14.0,2.0,14.0,0,17,0,0.41864654457396866
18,STR,Lance Stroll,Aston Martin,14.0,17.0,0.0,Finished,True,,,20.55192307692308,26.107051282051284,59.833333333333336,False,2025,17,Azerbaijan Grand Prix,Baku,Azerbaijan,2025-09-21,10.666666666666666,10.6,7.0,5.128352561983233,1.0,0.06666666666666643,10.666666666666666,3.5,3.4000000000000004,-1.0,,14.0,3.0,14.615384615384615,0,17,0,0.41864654457396866
10,GAS,Pierre Gasly,Alpine,18.0,18.0,0.0,Lapped,True,,,20.55192307692308,26.107051282051284,59.833333333333336,False,2025,17,Azerbaijan Grand Prix,Baku,Azerbaijan,2025-09-21,17.333333333333332,13.6,6.0,5.412947441089747,0.9,3.7333333333333325,16.333333333333332,2.5,4.4,-3.4,,10.333333333333334,3.0,13.384615384615385,0,17,0,0.41864654457396866
43,COL,Franco Colapinto,Alpine,16.0,19.0,0.0,Lapped,True,,,20.55192307692308,26.107051282051284,59.833333333333336,False,2025,17,Azerbaijan Grand Prix,Baku,Azerbaijan,2025-09-21,15.333333333333334,17.0,11.0,3.5355339059327378,0.9,-1.666666666666666,16.333333333333332,2.5,-1.0,3.4,,8.0,1.0,13.5,0,17,0,0.41864654457396866
81,PIA,Oscar Piastri,McLaren,9.0,20.0,0.0,Retired,False,,,20.55192307692308,26.107051282051284,59.833333333333336,False,2025,17,Azerbaijan Grand Prix,Baku,Azerbaijan,2025-09-21,2.0,1.8,1.0,0.8366600265340788,1.0,0.19999999999999996,4.5,1.5,7.2,-3.0,,6.0,2.0,8.4,0,17,0,0.41864654457396866
63,RUS,George Russell,Mercedes,1.0,1.0,25.0,Finished,True,1.0,89.158,29.072049689440995,33.85217391304348,74.36024844720497,True,2025,18,Singapore Grand Prix,Marina Bay,Singapore,2025-10-05,3.6666666666666665,3.8,2.0,1.3038404810405309,1.0,-0.1333333333333333,6.666666666666667,1.5,-2.8,-7.2,0.0,11.333333333333334,3.0,,1,18,0,0.4299261553007316
1,VER,Max Verstappen,Red Bull Racing,2.0,2.0,18.0,Finished,True,2.0,89.34,29.072049689440995,33.85217391304348,74.36024844720497,True,2025,18,Singapore Grand Prix,Marina Bay,Singapore,2025-10-05,1.3333333333333333,3.4,1.0,3.361547262794321,0.9,-2.0666666666666664,5.333333333333333,1.5,-1.4,-8.2,0.18200000000000216,4.666666666666667,3.0,,1,18,0,0.4299261553007316
4,NOR,Lando Norris,McLaren,5.0,3.0,15.0,Finished,True,5.0,89.586,29.072049689440995,33.85217391304348,74.36024844720497,True,2025,18,Singapore Grand Prix,Marina Bay,Singapore,2025-10-05,9.0,6.0,1.0,7.106335201775949,0.8,3.0,8.5,1.5,-1.0,0.6,0.42799999999999727,2.3333333333333335,3.0,,1,18,0,0.4299261553007316
81,PIA,Oscar Piastri,McLaren,3.0,4.0,12.0,Finished,True,3.0,89.524,29.072049689440995,33.85217391304348,74.36024844720497,True,2025,18,Singapore Grand Prix,Marina Bay,Singapore,2025-10-05,8.0,5.4,1.0,8.203657720797473,0.9,2.5999999999999996,8.5,1.5,-2.4000000000000004,-0.6,0.36599999999999966,5.0,2.0,,1,18,0,0.4299261553007316
12,ANT,Kimi Antonelli,Mercedes,4.0,5.0,10.0,Finished,True,4.0,89.537,29.072049689440995,33.85217391304348,74.36024844720497,True,2025,18,Singapore Grand Prix,Marina Bay,Singapore,2025-10-05,9.666666666666666,11.0,4.0,5.0990195135927845,0.7,-1.333333333333334,6.666666666666667,1.5,-7.0,7.2,0.3790000000000049,,0.0,,1,18,0,0.4299261553007316
16,LEC,Charles Leclerc,Ferrari,7.0,6.0,8.0,Finished,True,7.0,89.784,29.072049689440995,33.85217391304348,74.36024844720497,True,2025,18,Singapore Grand Prix,Marina Bay,Singapore,2025-10-05,10.666666666666666,7.8,3.0,6.685805860178711,0.9,2.8666666666666663,11.0,1.5,-0.7999999999999998,-2.8,0.6260000000000048,3.6666666666666665,3.0,,1,18,0,0.4299261553007316
14,ALO,Fernando Alonso,Aston Martin,10.0,7.0,6.0,Finished,True,10.0,89.955,29.072049689440995,33.85217391304348,74.36024844720497,True,2025,18,Singapore Grand Prix,Marina Bay,Singapore,2025-10-05,14.0,12.8,5.0,6.0166435825965285,0.8,1.1999999999999993,14.0,3.5,-2.8000000000000007,0.2,0.796999999999997,13.666666666666666,3.0,,1,18,0,0.4299261553007316
44,HAM,Lewis Hamilton,Ferrari,6.0,8.0,4.0,Finished,True,6.0,89.688,29.072049689440995,33.85217391304348,74.36024844720497,True,2025,18,Singapore Grand Prix,Marina Bay,Singapore,2025-10-05,11.333333333333334,10.6,6.0,5.727128425310542,0.9,0.7333333333333343,11.0,1.5,-4.6,2.8,0.5300000000000011,6.0,3.0,,1,18,0,0.4299261553007316
87,BEA,Oliver Bearman,Haas F1 Team,9.0,9.0,2.0,Finished,True,9.0,89.868,29.072049689440995,33.85217391304348,74.36024844720497,True,2025,18,Singapore Grand Prix,Marina Bay,Singapore,2025-10-05,10.0,12.2,6.0,5.0199601592044525,0.9,-2.1999999999999993,11.5,6.5,-3.1999999999999993,-1.8,0.7099999999999937,,0.0,,1,18,0,0.4299261553007316
55,SAI,Carlos Sainz,Williams,18.0,10.0,1.0,Lapped,True,20.0,,29.072049689440995,33.85217391304348,74.36024844720497,True,2025,18,Singapore Grand Prix,Marina Bay,Singapore,2025-10-05,9.0,11.8,3.0,5.540758070878032,0.9,-2.8000000000000007,8.666666666666666,6.5,6.199999999999999,2.6,,3.6666666666666665,3.0,,1,18,0,0.4299261553007316
6,HAD,Isack Hadjar,Racing Bulls,8.0,11.0,0.0,Lapped,True,8.0,89.846,29.072049689440995,33.85217391304348,74.36024844720497,True,2025,18,Singapore Grand Prix,Marina Bay,Singapore,2025-10-05,7.666666666666667,10.8,3.0,6.058052492344384,0.9,-3.1333333333333337,9.0,7.0,-2.8000000000000007,1.4,0.6880000000000024,,0.0,,1,18,0,0.4299261553007316
22,TSU,Yuki Tsunoda,Red Bull Racing,13.0,12.0,0.0,Lapped,True,13.0,90.353,29.072049689440995,33.85217391304348,74.36024844720497,True,2025,18,Singapore Grand Prix,Marina Bay,Singapore,2025-10-05,9.333333333333334,11.6,6.0,4.219004621945797,1.0,-2.2666666666666657,5.333333333333333,1.5,1.4000000000000004,8.2,1.1949999999999932,15.333333333333334,3.0,,1,18,0,0.4299261553007316
18,STR,Lance Stroll,Aston Martin,15.0,13.0,0.0,Lapped,True,15.0,90.949,29.072049689440995,33.85217391304348,74.36024844720497,True,2025,18,Singapore Grand Prix,Marina Bay,Singapore,2025-10-05,14.0,12.6,7.0,5.319774431308153,1.0,1.4000000000000004,14.0,3.5,2.4000000000000004,-0.2,1.7909999999999968,10.0,2.0,,1,18,0,0.4299261553007316
23,ALB,Alexander Albon,Williams,20.0,14.0,0.0,Lapped,True,19.0,,29.072049689440995,33.85217391304348,74.36024844720497,True,2025,18,Singapore Grand Prix,Marina Bay,Singapore,2025-10-05,8.333333333333334,9.2,5.0,4.494441010848845,0.7,-0.8666666666666654,8.666666666666666,6.5,10.8,-2.6,,16.0,3.0,,1,18,0,0.4299261553007316
30,LAW,Liam Lawson,Racing Bulls,12.0,15.0,0.0,Lapped,True,12.0,90.32,29.072049689440995,33.85217391304348,74.36024844720497,True,2025,18,Singapore Grand Prix,Marina Bay,Singapore,2025-10-05,10.333333333333334,9.4,5.0,3.5777087639996634,0.8,0.9333333333333336,9.0,7.0,2.5999999999999996,-1.4,1.161999999999992,9.0,1.0,,1,18,0,0.4299261553007316
43,COL,Franco Colapinto,Alpine,16.0,16.0,0.0,Lapped,True,16.0,90.982,29.072049689440995,33.85217391304348,74.36024844720497,True,2025,18,Singapore Grand Prix,Marina Bay,Singapore,2025-10-05,15.666666666666666,16.8,11.0,3.3466401061363023,0.9,-1.1333333333333346,16.333333333333332,2.5,-0.8000000000000007,0.8,1.823999999999998,11.0,1.0,,1,18,0,0.4299261553007316
5,BOR,Gabriel Bortoleto,Kick Sauber,14.0,17.0,0.0,Lapped,True,14.0,90.82,29.072049689440995,33.85217391304348,74.36024844720497,True,2025,18,Singapore Grand Prix,Marina Bay,Singapore,2025-10-05,11.333333333333334,9.8,6.0,3.4205262752974135,0.9,1.5333333333333332,14.0,8.5,4.199999999999999,-5.2,1.661999999999992,,0.0,,1,18,0,0.4299261553007316
31,OCO,Esteban Ocon,Haas F1 Team,17.0,18.0,0.0,Lapped,True,17.0,90.989,29.072049689440995,33.85217391304348,74.36024844720497,True,2025,18,Singapore Grand Prix,Marina Bay,Singapore,2025-10-05,13.0,14.0,10.0,2.3452078799117158,1.0,-1.0,11.5,6.5,3.0,1.8,1.831000000000003,15.666666666666666,3.0,,1,18,0,0.4299261553007316
10,GAS,Pierre Gasly,Alpine,19.0,19.0,0.0,Lapped,True,18.0,91.261,29.072049689440995,33.85217391304348,74.36024844720497,True,2025,18,Singapore Grand Prix,Marina Bay,Singapore,2025-10-05,17.0,16.0,10.0,3.5355339059327435,0.9,1.0,16.333333333333332,2.5,3.0,-0.8,2.1029999999999944,11.0,3.0,,1,18,0,0.4299261553007316
27,HUL,Nico Hulkenberg,Kick Sauber,11.0,20.0,0.0,Lapped,True,11.0,90.141,29.072049689440995,33.85217391304348,74.36024844720497,True,2025,18,Singapore Grand Prix,Marina Bay,Singapore,2025-10-05,16.666666666666668,15.0,12.0,3.16227766016838,0.9,1.6666666666666679,14.0,8.5,-4.0,5.2,0.9830000000000041,11.0,2.0,,1,18,0,0.4299261553007316
1,VER,Max Verstappen,Red Bull Racing,1.0,1.0,25.0,Finished,True,1.0,92.51,28.267532467532465,45.0448051948052,22.532467532467532,False,2025,19,United States Grand Prix,Austin,United States,2025-10-19,1.3333333333333333,3.0,1.0,3.3911649915626323,0.9,-1.6666666666666667,5.833333333333333,1.5,-2.0,-8.4,0.0,1.6666666666666667,3.0,3.1,0,19,0,0.44150967303400457
4,NOR,Lando Norris,McLaren,2.0,2.0,18.0,Finished,True,2.0,92.801,28.267532467532465,45.0448051948052,22.532467532467532,False,2025,19,United States Grand Prix,Austin,United States,2025-10-19,4.0,6.2,1.0,6.978538528947162,0.8,-2.2,6.5,1.5,-4.2,0.2,0.2909999999999968,4.0,3.0,5.4,0,19,0,0.44150967303400457
16,LEC,Charles Leclerc,Ferrari,3.0,3.0,15.0,Finished,True,3.0,92.807,28.267532467532465,45.0448051948052,22.532467532467532,False,2025,19,United States Grand Prix,Austin,United States,2025-10-19,6.333333333333333,8.4,4.0,6.26897120746299,0.9,-2.0666666666666673,6.833333333333333,1.5,-5.4,-2.4,0.29699999999999704,8.0,3.0,8.2,0,19,0,0.44150967303400457
44,HAM,Lewis Hamilton,Ferrari,5.0,4.0,12.0,Finished,True,5.0,92.912,28.267532467532465,45.0448051948052,22.532467532467532,False,2025,19,United States Grand Prix,Austin,United States,2025-10-19,7.333333333333333,10.8,6.0,5.585696017507578,0.9,-3.4666666666666677,6.833333333333333,1.5,-5.800000000000001,2.4,0.402000000000001,13.666666666666666,3.0,3.9,0,19,0,0.44150967303400457
81,PIA,Oscar Piastri,McLaren,6.0,5.0,10.0,Finished,True,6.0,93.084,28.267532467532465,45.0448051948052,22.532467532467532,False,2025,19,United States Grand Prix,Austin,United States,2025-10-19,9.0,6.0,1.0,7.905694150420948,0.9,3.0,6.5,1.5,0.0,-0.2,0.5739999999999981,11.0,2.0,6.857142857142857,0,19,0,0.44150967303400457
63,RUS,George Russell,Mercedes,4.0,6.0,8.0,Finished,True,4.0,92.826,28.267532467532465,45.0448051948052,22.532467532467532,False,2025,19,United States Grand Prix,Austin,United States,2025-10-19,2.6666666666666665,3.0,1.0,1.5811388300841904,1.0,-0.3333333333333335,4.333333333333333,1.5,1.0,-5.8,0.3159999999999883,5.333333333333333,3.0,8.7,0,19,0,0.44150967303400457
22,TSU,Yuki Tsunoda,Red Bull Racing,13.0,7.0,6.0,Finished,True,13.0,93.466,28.267532467532465,45.0448051948052,22.532467532467532,False,2025,19,United States Grand Prix,Austin,United States,2025-10-19,10.333333333333334,11.4,6.0,4.159326868617084,1.0,-1.0666666666666664,5.833333333333333,1.5,1.5999999999999996,8.4,0.9559999999999889,10.666666666666666,3.0,14.0,0,19,0,0.44150967303400457
27,HUL,Nico Hulkenberg,Kick Sauber,11.0,8.0,4.0,Finished,True,11.0,93.334,28.267532467532465,45.0448051948052,22.532467532467532,False,2025,19,United States Grand Prix,Austin,United States,2025-10-19,18.666666666666668,16.6,13.0,3.286335345030997,0.9,2.0666666666666664,15.333333333333334,8.5,-5.600000000000001,5.2,0.8239999999999981,9.5,2.0,10.857142857142858,0,19,0,0.44150967303400457
87,BEA,Oliver Bearman,Haas F1 Team,8.0,9.0,2.0,Finished,True,8.0,93.139,28.267532467532465,45.0448051948052,22.532467532467532,False,2025,19,United States Grand Prix,Austin,United States,2025-10-19,11.0,11.8,6.0,5.215361924162118,0.9,-0.8000000000000007,13.333333333333334,6.5,-3.8000000000000007,-2.8,0.6289999999999907,,0.0,11.5,0,19,0,0.44150967303400457
14,ALO,Fernando Alonso,Aston Martin,10.0,10.0,1.0,Finished,True,10.0,93.16,28.267532467532465,45.0448051948052,22.532467532467532,False,2025,19,United States Grand Prix,Austin,United States,2025-10-19,13.666666666666666,10.8,5.0,5.93295878967653,0.9,2.8666666666666654,14.833333333333334,3.5,-0.8000000000000007,-1.6,0.6499999999999915,12.0,3.0,10.6,0,19,0,0.44150967303400457
30,LAW,Liam Lawson,Racing Bulls,12.0,11.0,0.0,Finished,True,12.0,93.36,28.267532467532465,45.0448051948052,22.532467532467532,False,2025,19,United States Grand Prix,Austin,United States,2025-10-19,11.333333333333334,10.8,5.0,4.207136793592525,0.8,0.5333333333333332,10.833333333333334,7.0,1.1999999999999993,1.8,0.8499999999999943,9.0,1.0,14.666666666666666,0,19,0,0.44150967303400457
18,STR,Lance Stroll,Aston Martin,19.0,12.0,0.0,Finished,True,18.0,94.54,28.267532467532465,45.0448051948052,22.532467532467532,False,2025,19,United States Grand Prix,Austin,United States,2025-10-19,16.0,12.4,7.0,5.272570530585626,1.0,3.5999999999999996,14.833333333333334,3.5,6.6,1.6,2.030000000000001,13.333333333333334,3.0,11.6,0,19,0,0.44150967303400457
12,ANT,Kimi Antonelli,Mercedes,7.0,13.0,0.0,Finished,True,7.0,93.114,28.267532467532465,45.0448051948052,22.532467532467532,False,2025,19,United States Grand Prix,Austin,United States,2025-10-19,6.0,8.8,4.0,4.764451699828638,0.7,-2.8000000000000007,4.333333333333333,1.5,-1.8000000000000007,5.8,0.6039999999999992,,0.0,16.0,0,19,0,0.44150967303400457
23,ALB,Alexander Albon,Williams,18.0,14.0,0.0,Finished,True,19.0,94.69,28.267532467532465,45.0448051948052,22.532467532467532,False,2025,19,United States Grand Prix,Austin,United States,2025-10-19,11.333333333333334,10.8,5.0,4.4944410108488455,0.7,0.5333333333333332,9.666666666666666,6.5,7.199999999999999,0.6,2.1799999999999926,12.666666666666666,3.0,13.7,0,19,0,0.44150967303400457
31,OCO,Esteban Ocon,Haas F1 Team,17.0,15.0,0.0,Finished,True,17.0,94.136,28.267532467532465,45.0448051948052,22.532467532467532,False,2025,19,United States Grand Prix,Austin,United States,2025-10-19,15.666666666666666,14.6,10.0,2.9664793948382657,1.0,1.0666666666666664,13.333333333333334,6.5,2.4000000000000004,2.8,1.6259999999999906,15.666666666666666,3.0,11.5,0,19,0,0.44150967303400457
6,HAD,Isack Hadjar,Racing Bulls,20.0,16.0,0.0,Finished,True,20.0,,28.267532467532465,45.0448051948052,22.532467532467532,False,2025,19,United States Grand Prix,Austin,United States,2025-10-19,10.333333333333334,9.0,3.0,3.391164991562635,0.9,1.333333333333334,10.833333333333334,7.0,11.0,-1.8,,,0.0,17.0,0,19,0,0.44150967303400457
43,COL,Franco Colapinto,Alpine,15.0,17.0,0.0,Lapped,True,15.0,94.044,28.267532467532465,45.0448051948052,22.532467532467532,False,2025,19,United States Grand Prix,Austin,United States,2025-10-19,17.333333333333332,16.2,11.0,3.1144823004794877,0.9,1.1333333333333329,17.5,2.5,-1.1999999999999993,-1.6,1.5339999999999918,10.0,1.0,16.333333333333332,0,19,0,0.44150967303400457
5,BOR,Gabriel Bortoleto,Kick Sauber,16.0,18.0,0.0,Lapped,True,16.0,94.125,28.267532467532465,45.0448051948052,22.532467532467532,False,2025,19,United States Grand Prix,Austin,United States,2025-10-19,12.0,11.4,6.0,4.61519230368573,0.9,0.5999999999999996,15.333333333333334,8.5,4.6,-5.2,1.6149999999999949,,0.0,18.0,0,19,0,0.44150967303400457
10,GAS,Pierre Gasly,Alpine,14.0,19.0,0.0,Lapped,True,14.0,93.651,28.267532467532465,45.0448051948052,22.532467532467532,False,2025,19,United States Grand Prix,Austin,United States,2025-10-19,17.666666666666668,17.8,16.0,1.3038404810405453,1.0,-0.13333333333333286,17.5,2.5,-3.8000000000000007,1.6,1.1409999999999911,10.666666666666666,3.0,11.6,0,19,0,0.44150967303400457
55,SAI,Carlos Sainz,Williams,9.0,20.0,0.0,Retired,False,9.0,93.15,28.267532467532465,45.0448051948052,22.532467532467532,False,2025,19,United States Grand Prix,Austin,United States,2025-10-19,8.0,10.2,3.0,4.324349662087935,0.9,-2.1999999999999993,9.666666666666666,6.5,-1.1999999999999993,-0.6,0.6400000000000006,8.333333333333334,3.0,6.3,0,19,0,0.44150967303400457
4,NOR,Lando Norris,McLaren,1.0,1.0,25.0,Finished,True,,,26.405555555555555,50.58827160493828,23.234567901234566,False,2025,20,Mexico City Grand Prix,Mexico City,Mexico,2025-10-26,4.0,6.4,2.0,6.804410334481602,0.8,-2.4000000000000004,6.833333333333333,1.5,-5.4,-0.2,,5.333333333333333,3.0,5.714285714285714,0,20,0,0.4474179472850685
16,LEC,Charles Leclerc,Ferrari,2.0,2.0,18.0,Finished,True,,,26.405555555555555,50.58827160493828,23.234567901234566,False,2025,20,Mexico City Grand Prix,Mexico City,Mexico,2025-10-26,6.0,8.2,3.0,6.457553716385175,0.9,-2.1999999999999993,6.333333333333333,1.5,-6.199999999999999,-1.0,,4.0,3.0,8.0,0,20,0,0.4474179472850685
1,VER,Max Verstappen,Red Bull Racing,5.0,3.0,15.0,Finished,True,,,26.405555555555555,50.58827160493828,23.234567901234566,False,2025,20,Mexico City Grand Prix,Mexico City,Mexico,2025-10-26,1.3333333333333333,1.4,1.0,0.5477225575051564,0.9,-0.06666666666666665,4.833333333333333,1.5,3.6,-8.0,,2.6666666666666665,3.0,2.0,0,20,0,0.4474179472850685
87,BEA,Oliver Bearman,Haas F1 Team,9.0,4.0,12.0,Finished,True,,,26.405555555555555,50.58827160493828,23.234567901234566,False,2025,20,Mexico City Grand Prix,Mexico City,Mexico,2025-10-26,10.0,9.6,6.0,2.5099800796022254,0.9,0.40000000000000036,12.833333333333334,6.5,-0.5999999999999996,-4.8,,,0.0,10.5,0,20,0,0.4474179472850685
81,PIA,Oscar Piastri,McLaren,7.0,5.0,10.0,Finished,True,,,26.405555555555555,50.58827160493828,23.234567901234566,False,2025,20,Mexico City Grand Prix,Mexico City,Mexico,2025-10-26,9.666666666666666,6.6,1.0,7.635443667528429,0.9,3.0666666666666664,6.833333333333333,1.5,0.40000000000000036,0.2,,8.0,2.0,9.8,0,20,0,0.4474179472850685
12,ANT,Kimi Antonelli,Mercedes,6.0,6.0,8.0,Finished,True,,,26.405555555555555,50.58827160493828,23.234567901234566,False,2025,20,Mexico City Grand Prix,Mexico City,Mexico,2025-10-26,7.333333333333333,9.4,4.0,5.128352561983234,0.8,-2.0666666666666673,5.166666666666667,1.5,-3.4000000000000004,5.8,,,0.0,13.0,0,20,0,0.4474179472850685
63,RUS,George Russell,Mercedes,4.0,7.0,6.0,Finished,True,,,26.405555555555555,50.58827160493828,23.234567901234566,False,2025,20,Mexico City Grand Prix,Mexico City,Mexico,2025-10-26,3.0,3.6,1.0,2.073644135332773,1.0,-0.6000000000000001,5.166666666666667,1.5,0.3999999999999999,-5.8,,5.0,3.0,6.0,0,20,0,0.4474179472850685
44,HAM,Lewis Hamilton,Ferrari,3.0,8.0,4.0,Finished,True,,,26.405555555555555,50.58827160493828,23.234567901234566,False,2025,20,Mexico City Grand Prix,Mexico City,Mexico,2025-10-26,6.666666666666667,9.2,4.0,6.260990336999411,0.9,-2.5333333333333323,6.333333333333333,1.5,-6.199999999999999,1.0,,2.6666666666666665,3.0,9.285714285714286,0,20,0,0.4474179472850685
31,OCO,Esteban Ocon,Haas F1 Team,11.0,9.0,2.0,Finished,True,,,26.405555555555555,50.58827160493828,23.234567901234566,False,2025,20,Mexico City Grand Prix,Mexico City,Mexico,2025-10-26,15.666666666666666,14.4,10.0,2.8809720581775875,1.0,1.2666666666666657,12.833333333333334,6.5,-3.4000000000000004,4.8,,10.333333333333334,3.0,11.714285714285714,0,20,0,0.4474179472850685
5,BOR,Gabriel Bortoleto,Kick Sauber,16.0,10.0,1.0,Finished,True,,,26.405555555555555,50.58827160493828,23.234567901234566,False,2025,20,Mexico City Grand Prix,Mexico City,Mexico,2025-10-26,15.333333333333334,13.8,8.0,4.207136793592525,0.9,1.5333333333333332,15.0,8.5,2.1999999999999993,-1.8,,,0.0,18.0,0,20,0,0.4474179472850685
22,TSU,Yuki Tsunoda,Red Bull Racing,10.0,11.0,0.0,Finished,True,,,26.405555555555555,50.58827160493828,23.234567901234566,False,2025,20,Mexico City Grand Prix,Mexico City,Mexico,2025-10-26,8.333333333333334,9.4,6.0,3.0495901363953815,1.0,-1.0666666666666664,4.833333333333333,1.5,0.5999999999999996,8.0,,17.333333333333332,3.0,10.285714285714286,0,20,0,0.4474179472850685
23,ALB,Alexander Albon,Williams,17.0,12.0,0.0,Lapped,True,,,26.405555555555555,50.58827160493828,23.234567901234566,False,2025,20,Mexico City Grand Prix,Mexico City,Mexico,2025-10-26,13.666666666666666,10.6,5.0,4.277849927241487,0.8,3.0666666666666664,12.333333333333334,6.5,6.4,-0.8,,13.333333333333334,3.0,14.857142857142858,0,20,0,0.4474179472850685
6,HAD,Isack Hadjar,Racing Bulls,8.0,13.0,0.0,Lapped,True,,,26.405555555555555,50.58827160493828,23.234567901234566,False,2025,20,Mexico City Grand Prix,Mexico City,Mexico,2025-10-26,12.333333333333334,10.0,3.0,4.636809247747853,0.9,2.333333333333334,11.333333333333334,7.0,-2.0,-1.4,,,0.0,16.0,0,20,0,0.4474179472850685
18,STR,Lance Stroll,Aston Martin,19.0,14.0,0.0,Lapped,True,,,26.405555555555555,50.58827160493828,23.234567901234566,False,2025,20,Mexico City Grand Prix,Mexico City,Mexico,2025-10-26,14.0,13.4,7.0,4.393176527297758,1.0,0.5999999999999996,12.333333333333334,3.5,5.6,1.6,,14.333333333333334,3.0,12.285714285714286,0,20,0,0.4474179472850685
10,GAS,Pierre Gasly,Alpine,18.0,15.0,0.0,Lapped,True,,,26.405555555555555,50.58827160493828,23.234567901234566,False,2025,20,Mexico City Grand Prix,Mexico City,Mexico,2025-10-26,18.666666666666668,17.8,16.0,1.3038404810405453,1.0,0.8666666666666671,18.0,2.5,0.1999999999999993,1.8,,10.666666666666666,3.0,10.714285714285714,0,20,0,0.4474179472850685
43,COL,Franco Colapinto,Alpine,20.0,16.0,0.0,Lapped,True,,,26.405555555555555,50.58827160493828,23.234567901234566,False,2025,20,Mexico City Grand Prix,Mexico City,Mexico,2025-10-26,17.333333333333332,16.0,11.0,3.0,0.9,1.3333333333333321,18.0,2.5,4.0,-1.8,,12.0,1.0,14.666666666666666,0,20,0,0.4474179472850685
55,SAI,Carlos Sainz,Williams,12.0,17.0,0.0,Retired,False,,,26.405555555555555,50.58827160493828,23.234567901234566,False,2025,20,Mexico City Grand Prix,Mexico City,Mexico,2025-10-26,11.0,11.4,3.0,6.107372593840992,0.8,-0.40000000000000036,12.333333333333334,6.5,0.5999999999999996,0.8,,3.3333333333333335,3.0,10.0,0,20,0,0.4474179472850685
14,ALO,Fernando Alonso,Aston Martin,14.0,18.0,0.0,Retired,False,,,26.405555555555555,50.58827160493828,23.234567901234566,False,2025,20,Mexico City Grand Prix,Mexico City,Mexico,2025-10-26,10.666666666666666,11.8,7.0,5.069516742254629,0.9,-1.1333333333333346,12.333333333333334,3.5,2.1999999999999993,-1.6,,18.333333333333332,3.0,9.714285714285714,0,20,0,0.4474179472850685
27,HUL,Nico Hulkenberg,Kick Sauber,13.0,19.0,0.0,Retired,False,,,26.405555555555555,50.58827160493828,23.234567901234566,False,2025,20,Mexico City Grand Prix,Mexico City,Mexico,2025-10-26,14.666666666666666,15.6,8.0,4.979959839195493,0.9,-0.9333333333333336,15.0,8.5,-2.5999999999999996,1.8,,11.0,2.0,11.8,0,20,0,0.4474179472850685
30,LAW,Liam Lawson,Racing Bulls,15.0,20.0,0.0,Retired,False,,,26.405555555555555,50.58827160493828,23.234567901234566,False,2025,20,Mexico City Grand Prix,Mexico City,Mexico,2025-10-26,10.333333333333334,11.4,5.0,3.911521443121589,0.8,-1.0666666666666664,11.333333333333334,7.0,3.5999999999999996,1.4,,16.0,1.0,9.666666666666666,0,20,0,0.4474179472850685
4,NOR,Lando Norris,McLaren,1.0,1.0,25.0,Finished,True,1.0,69.511,17.348026315789475,30.69276315789474,70.57236842105263,False,2025,21,São Paulo Grand Prix,São Paulo,Brazil,2025-11-09,2.0,3.0,1.0,2.3452078799117233,0.9,-1.0,3.3333333333333335,1.5,-2.0,-4.4,0.0,8.666666666666666,3.0,3.875,0,21,0,0.4594727470748974
12,ANT,Kimi Antonelli,Mercedes,2.0,2.0,18.0,Finished,True,2.0,69.685,17.348026315789475,30.69276315789474,70.57236842105263,False,2025,21,São Paulo Grand Prix,São Paulo,Brazil,2025-11-09,8.0,7.4,4.0,3.646916505762094,0.8,0.5999999999999996,6.333333333333333,1.5,-5.4,3.2,0.1740000000000066,,0.0,9.5,0,21,0,0.4594727470748974
1,VER,Max Verstappen,Red Bull Racing,19.0,3.0,15.0,Finished,True,16.0,70.403,17.348026315789475,30.69276315789474,70.57236842105263,False,2025,21,São Paulo Grand Prix,São Paulo,Brazil,2025-11-09,2.0,1.6,1.0,0.8944271909999099,0.9,0.3999999999999999,6.0,1.5,17.4,-8.2,0.8920000000000101,2.6666666666666665,3.0,2.125,0,21,0,0.4594727470748974
63,RUS,George Russell,Mercedes,6.0,4.0,12.0,Finished,True,6.0,69.942,17.348026315789475,30.69276315789474,70.57236842105263,False,2025,21,São Paulo Grand Prix,São Paulo,Brazil,2025-11-09,4.666666666666667,4.2,1.0,2.5884358211089573,1.0,0.4666666666666668,6.333333333333333,1.5,1.7999999999999998,-3.2,0.4309999999999974,6.666666666666667,3.0,5.5,0,21,0,0.4594727470748974
81,PIA,Oscar Piastri,McLaren,4.0,5.0,10.0,Finished,True,4.0,69.886,17.348026315789475,30.69276315789474,70.57236842105263,False,2025,21,São Paulo Grand Prix,São Paulo,Brazil,2025-11-09,4.666666666666667,7.4,3.0,7.092249290598858,0.9,-2.7333333333333334,3.3333333333333335,1.5,-3.4000000000000004,4.4,0.375,11.0,2.0,8.0,0,21,0,0.4594727470748974
87,BEA,Oliver Bearman,Haas F1 Team,8.0,6.0,8.0,Finished,True,8.0,69.977,17.348026315789475,30.69276315789474,70.57236842105263,False,2025,21,São Paulo Grand Prix,São Paulo,Brazil,2025-11-09,7.333333333333333,9.2,4.0,3.271085446759224,0.9,-1.8666666666666663,10.666666666666666,6.5,-1.1999999999999993,-5.0,0.4660000000000082,12.0,1.0,6.5,0,21,0,0.4594727470748974
30,LAW,Liam Lawson,Racing Bulls,7.0,7.0,6.0,Finished,True,7.0,69.962,17.348026315789475,30.69276315789474,70.57236842105263,False,2025,21,São Paulo Grand Prix,São Paulo,Brazil,2025-11-09,15.333333333333334,13.0,5.0,5.52268050859363,0.8,2.333333333333334,14.333333333333334,7.0,-6.0,1.0,0.4510000000000076,9.0,1.0,14.0,0,21,0,0.4594727470748974
6,HAD,Isack Hadjar,Racing Bulls,5.0,8.0,4.0,Finished,True,5.0,69.931,17.348026315789475,30.69276315789474,70.57236842105263,False,2025,21,São Paulo Grand Prix,São Paulo,Brazil,2025-11-09,13.333333333333334,12.0,10.0,2.549509756796394,0.9,1.333333333333334,14.333333333333334,7.0,-7.0,-1.0,0.4200000000000017,,0.0,14.5,0,21,0,0.4594727470748974
27,HUL,Nico Hulkenberg,Kick Sauber,10.0,9.0,2.0,Finished,True,10.0,70.039,17.348026315789475,30.69276315789474,70.57236842105263,False,2025,21,São Paulo Grand Prix,São Paulo,Brazil,2025-11-09,15.666666666666666,16.6,8.0,5.079370039680118,0.8,-0.9333333333333353,15.333333333333334,8.5,-6.600000000000001,3.8,0.5280000000000058,16.0,2.0,11.333333333333334,0,21,0,0.4594727470748974
10,GAS,Pierre Gasly,Alpine,9.0,10.0,1.0,Finished,True,9.0,70.002,17.348026315789475,30.69276315789474,70.57236842105263,False,2025,21,São Paulo Grand Prix,São Paulo,Brazil,2025-11-09,17.666666666666668,17.4,15.0,1.8165902124585058,1.0,0.26666666666666927,17.0,2.5,-8.399999999999999,0.4,0.49099999999999966,8.0,3.0,12.25,0,21,0,0.4594727470748974
23,ALB,Alexander Albon,Williams,12.0,11.0,0.0,Finished,True,12.0,70.053,17.348026315789475,30.69276315789474,70.57236842105263,False,2025,21,São Paulo Grand Prix,São Paulo,Brazil,2025-11-09,13.333333333333334,12.0,7.0,2.9154759474226504,0.9,1.333333333333334,14.5,6.5,0.0,-0.2,0.5420000000000016,17.333333333333332,3.0,13.0,0,21,0,0.4594727470748974
31,OCO,Esteban Ocon,Haas F1 Team,20.0,12.0,0.0,Finished,True,17.0,70.438,17.348026315789475,30.69276315789474,70.57236842105263,False,2025,21,São Paulo Grand Prix,São Paulo,Brazil,2025-11-09,14.0,14.2,9.0,3.271085446759226,1.0,-0.1999999999999993,10.666666666666666,6.5,5.800000000000001,5.0,0.9270000000000067,6.666666666666667,3.0,12.75,0,21,0,0.4594727470748974
55,SAI,Carlos Sainz,Williams,15.0,13.0,0.0,Finished,True,15.0,70.472,17.348026315789475,30.69276315789474,70.57236842105263,False,2025,21,São Paulo Grand Prix,São Paulo,Brazil,2025-11-09,15.666666666666666,12.2,3.0,6.610597552415368,0.7,3.466666666666667,14.5,6.5,2.8000000000000007,0.2,0.9609999999999985,8.333333333333334,3.0,9.0,0,21,0,0.4594727470748974
14,ALO,Fernando Alonso,Aston Martin,11.0,14.0,0.0,Finished,True,11.0,70.001,17.348026315789475,30.69276315789474,70.57236842105263,False,2025,21,São Paulo Grand Prix,São Paulo,Brazil,2025-11-09,11.666666666666666,13.8,7.0,5.167204273105524,0.8,-2.1333333333333346,12.333333333333334,3.5,-2.8000000000000007,-1.0,0.4900000000000091,7.333333333333333,3.0,14.875,0,21,0,0.4594727470748974
43,COL,Franco Colapinto,Alpine,16.0,15.0,0.0,Finished,True,18.0,70.632,17.348026315789475,30.69276315789474,70.57236842105263,False,2025,21,São Paulo Grand Prix,São Paulo,Brazil,2025-11-09,16.333333333333332,17.0,16.0,1.224744871391589,0.9,-0.6666666666666679,17.0,2.5,-1.0,-0.4,1.1210000000000093,17.0,1.0,13.75,0,21,0,0.4594727470748974
18,STR,Lance Stroll,Aston Martin,14.0,16.0,0.0,Finished,True,14.0,70.161,17.348026315789475,30.69276315789474,70.57236842105263,False,2025,21,São Paulo Grand Prix,São Paulo,Brazil,2025-11-09,13.0,14.8,12.0,2.588435821108954,1.0,-1.8000000000000007,12.333333333333334,3.5,-0.8000000000000007,1.0,0.6500000000000057,11.333333333333334,3.0,13.625,0,21,0,0.4594727470748974
22,TSU,Yuki Tsunoda,Red Bull Racing,17.0,17.0,0.0,Finished,True,19.0,70.711,17.348026315789475,30.69276315789474,70.57236842105263,False,2025,21,São Paulo Grand Prix,São Paulo,Brazil,2025-11-09,10.0,9.8,6.0,3.1144823004794877,1.0,0.1999999999999993,6.0,1.5,7.199999999999999,8.2,1.2000000000000028,11.0,3.0,12.75,0,21,0,0.4594727470748974
44,HAM,Lewis Hamilton,Ferrari,13.0,18.0,0.0,Retired,False,13.0,70.1,17.348026315789475,30.69276315789474,70.57236842105263,False,2025,21,São Paulo Grand Prix,São Paulo,Brazil,2025-11-09,6.666666666666667,6.8,4.0,1.7888543819998282,0.9,-0.13333333333333286,5.166666666666667,1.5,6.2,2.0,0.5889999999999986,6.666666666666667,3.0,7.625,0,21,0,0.4594727470748974
16,LEC,Charles Leclerc,Ferrari,3.0,19.0,0.0,Retired,False,3.0,69.805,17.348026315789475,30.69276315789474,70.57236842105263,False,2025,21,São Paulo Grand Prix,São Paulo,Brazil,2025-11-09,3.6666666666666665,4.8,2.0,2.7748873851023172,0.9,-1.1333333333333333,5.166666666666667,1.5,-1.7999999999999998,-2.0,0.29400000000001114,9.666666666666666,3.0,5.125,0,21,0,0.4594727470748974
5,BOR,Gabriel Bortoleto,Kick Sauber,18.0,20.0,0.0,Retired,False,,,17.348026315789475,30.69276315789474,70.57236842105263,False,2025,21,São Paulo Grand Prix,São Paulo,Brazil,2025-11-09,15.0,12.8,8.0,4.438468204234429,0.9,2.1999999999999993,15.333333333333334,8.5,5.199999999999999,-3.8,,,0.0,14.0,0,21,0,0.4594727470748974
1,VER,Max Verstappen,Red Bull Racing,2.0,1.0,25.0,Finished,True,,,16.73404255319149,19.52978723404255,37.765957446808514,False,2025,22,Las Vegas Grand Prix,Las Vegas,United States,2025-11-22,2.3333333333333335,2.0,1.0,0.9999999999999946,1.0,0.3333333333333335,7.0,1.5,0.0,-8.6,,3.0,2.0,1.7272727272727273,0,22,0,0.4709571267704842
63,RUS,George Russell,Mercedes,4.0,2.0,18.0,Finished,True,,,16.73404255319149,19.52978723404255,37.765957446808514,False,2025,22,Las Vegas Grand Prix,Las Vegas,United States,2025-11-22,5.666666666666667,4.0,1.0,2.549509756796393,1.0,1.666666666666667,6.333333333333333,1.5,0.0,-2.0,,4.5,2.0,4.818181818181818,0,22,0,0.4709571267704842
12,ANT,Kimi Antonelli,Mercedes,17.0,3.0,15.0,Finished,True,,,16.73404255319149,19.52978723404255,37.765957446808514,False,2025,22,Las Vegas Grand Prix,Las Vegas,United States,2025-11-22,7.0,6.0,2.0,4.183300132670378,0.9,1.0,6.333333333333333,1.5,11.0,2.0,,,0.0,5.0,0,22,0,0.4709571267704842
16,LEC,Charles Leclerc,Ferrari,9.0,4.0,12.0,Finished,True,,,16.73404255319149,19.52978723404255,37.765957446808514,False,2025,22,Las Vegas Grand Prix,Las Vegas,United States,2025-11-22,8.0,7.8,2.0,6.833739825307954,0.8,0.20000000000000018,9.0,1.5,1.2000000000000002,-1.4,,3.0,2.0,5.454545454545454,0,22,0,0.4709571267704842
55,SAI,Carlos Sainz,Williams,3.0,5.0,10.0,Finished,True,,,16.73404255319149,19.52978723404255,37.765957446808514,False,2025,22,Las Vegas Grand Prix,Las Vegas,United States,2025-11-22,16.666666666666668,12.6,3.0,6.580273550544844,0.8,4.066666666666668,14.5,6.5,-9.6,-0.2,,4.5,2.0,7.6,0,22,0,0.4709571267704842
6,HAD,Isack Hadjar,Racing Bulls,8.0,6.0,8.0,Finished,True,,,16.73404255319149,19.52978723404255,37.765957446808514,False,2025,22,Las Vegas Grand Prix,Las Vegas,United States,2025-11-22,12.333333333333334,11.6,8.0,3.0495901363953823,0.9,0.7333333333333343,12.5,7.0,-3.5999999999999996,0.0,,,0.0,10.0,0,22,0,0.4709571267704842
27,HUL,Nico Hulkenberg,Kick Sauber,11.0,7.0,6.0,Finished,True,,,16.73404255319149,19.52978723404255,37.765957446808514,False,2025,22,Las Vegas Grand Prix,Las Vegas,United States,2025-11-22,12.0,14.4,8.0,5.594640292279746,0.8,-2.4000000000000004,14.0,8.5,-3.4000000000000004,-0.8,,13.5,2.0,13.222222222222221,0,22,0,0.4709571267704842
44,HAM,Lewis Hamilton,Ferrari,19.0,8.0,4.0,Finished,True,,,16.73404255319149,19.52978723404255,37.765957446808514,False,2025,22,Las Vegas Grand Prix,Las Vegas,United States,2025-11-22,10.0,9.2,4.0,5.215361924162119,0.8,0.8000000000000007,9.0,1.5,9.8,1.4,,4.5,2.0,6.909090909090909,0,22,0,0.4709571267704842
31,OCO,Esteban Ocon,Haas F1 Team,13.0,9.0,2.0,Finished,True,,,16.73404255319149,19.52978723404255,37.765957446808514,False,2025,22,Las Vegas Grand Prix,Las Vegas,United States,2025-11-22,12.0,13.6,9.0,3.361547262794323,1.0,-1.5999999999999996,9.166666666666666,6.5,-0.5999999999999996,5.6,,10.5,2.0,11.090909090909092,0,22,0,0.4709571267704842
87,BEA,Oliver Bearman,Haas F1 Team,14.0,10.0,1.0,Finished,True,,,16.73404255319149,19.52978723404255,37.765957446808514,False,2025,22,Las Vegas Grand Prix,Las Vegas,United States,2025-11-22,6.333333333333333,8.0,4.0,3.0822070014844867,0.9,-1.666666666666667,9.166666666666666,6.5,6.0,-5.6,,,0.0,10.5,0,22,0,0.4709571267704842
14,ALO,Fernando Alonso,Aston Martin,7.0,11.0,0.0,Finished,True,,,16.73404255319149,19.52978723404255,37.765957446808514,False,2025,22,Las Vegas Grand Prix,Las Vegas,United States,2025-11-22,14.0,12.8,7.0,4.324349662087929,0.8,1.1999999999999993,14.0,3.5,-5.800000000000001,-1.6,,10.0,2.0,8.181818181818182,0,22,0,0.4709571267704842
22,TSU,Yuki Tsunoda,Red Bull Racing,20.0,12.0,0.0,Finished,True,,,16.73404255319149,19.52978723404255,37.765957446808514,False,2025,22,Las Vegas Grand Prix,Las Vegas,United States,2025-11-22,11.666666666666666,10.6,6.0,4.39317652729776,1.0,1.0666666666666664,7.0,1.5,9.4,8.6,,13.5,2.0,13.0,0,22,0,0.4709571267704842
10,GAS,Pierre Gasly,Alpine,10.0,13.0,0.0,Finished,True,,,16.73404255319149,19.52978723404255,37.765957446808514,False,2025,22,Las Vegas Grand Prix,Las Vegas,United States,2025-11-22,14.666666666666666,16.2,10.0,3.8340579025361676,1.0,-1.5333333333333332,15.333333333333334,2.5,-6.199999999999999,-0.4,,15.5,2.0,13.090909090909092,0,22,0,0.4709571267704842
30,LAW,Liam Lawson,Racing Bulls,6.0,14.0,0.0,Lapped,True,,,16.73404255319149,19.52978723404255,37.765957446808514,False,2025,22,Las Vegas Grand Prix,Las Vegas,United States,2025-11-22,12.666666666666666,11.6,5.0,6.06630035524124,0.8,1.0666666666666664,12.5,7.0,-5.6,0.0,,16.0,1.0,8.5,0,22,0,0.4709571267704842
43,COL,Franco Colapinto,Alpine,15.0,15.0,0.0,Lapped,True,,,16.73404255319149,19.52978723404255,37.765957446808514,False,2025,22,Las Vegas Grand Prix,Las Vegas,United States,2025-11-22,16.0,16.6,15.0,1.5165750888103104,0.9,-0.6000000000000014,15.333333333333334,2.5,-1.6000000000000014,0.4,,14.0,1.0,13.5,0,22,0,0.4709571267704842
23,ALB,Alexander Albon,Williams,16.0,16.0,0.0,Retired,False,,,16.73404255319149,19.52978723404255,37.765957446808514,False,2025,22,Las Vegas Grand Prix,Las Vegas,United States,2025-11-22,12.333333333333334,12.8,11.0,1.303840481040533,1.0,-0.4666666666666668,14.5,6.5,3.1999999999999993,0.2,,15.5,2.0,12.545454545454545,0,22,0,0.4709571267704842
5,BOR,Gabriel Bortoleto,Kick Sauber,18.0,17.0,0.0,Retired,False,,,16.73404255319149,19.52978723404255,37.765957446808514,False,2025,22,Las Vegas Grand Prix,Las Vegas,United States,2025-11-22,16.0,15.2,10.0,4.438468204234429,0.8,0.8000000000000007,14.0,8.5,2.8000000000000007,0.8,,,0.0,14.5,0,22,0,0.4709571267704842
18,STR,Lance Stroll,Aston Martin,12.0,18.0,0.0,Retired,False,,,16.73404255319149,19.52978723404255,37.765957446808514,False,2025,22,Las Vegas Grand Prix,Las Vegas,United States,2025-11-22,14.0,14.4,12.0,2.073644135332769,1.0,-0.40000000000000036,14.0,3.5,-2.4000000000000004,1.6,,10.0,2.0,15.090909090909092,0,22,0,0.4709571267704842
4,NOR,Lando Norris,McLaren,1.0,19.0,0.0,Disqualified,False,,,16.73404255319149,19.52978723404255,37.765957446808514,False,2025,22,Las Vegas Grand Prix,Las Vegas,United States,2025-11-22,1.3333333333333333,2.8,1.0,2.4899799195977548,0.9,-1.4666666666666666,3.1666666666666665,1.5,-1.7999999999999998,-5.0,,13.0,2.0,9.272727272727273,0,22,0,0.4709571267704842
81,PIA,Oscar Piastri,McLaren,5.0,20.0,0.0,Disqualified,False,,,16.73404255319149,19.52978723404255,37.765957446808514,False,2025,22,Las Vegas Grand Prix,Las Vegas,United States,2025-11-22,5.0,7.8,4.0,6.833739825307955,0.9,-2.8,3.1666666666666665,1.5,-2.8,5.0,,8.5,2.0,10.5,0,22,0,0.4709571267704842
1,VER,Max Verstappen,Red Bull Racing,3.0,1.0,25.0,Finished,True,3.0,79.651,22.5993288590604,28.160402684563756,69.04697986577182,False,2025,23,Qatar Grand Prix,Lusail,Qatar,2025-11-30,2.3333333333333335,2.0,1.0,0.9999999999999946,1.0,0.3333333333333335,7.833333333333333,1.5,1.0,-9.8,0.2639999999999958,1.0,2.0,5.0,0,23,0,0.4781666590763296
81,PIA,Oscar Piastri,McLaren,1.0,2.0,18.0,Finished,True,1.0,79.387,22.5993288590604,28.160402684563756,69.04697986577182,False,2025,23,Qatar Grand Prix,Lusail,Qatar,2025-11-30,10.0,7.8,4.0,6.833739825307955,0.8,2.2,8.5,1.5,-6.8,2.6,0.0,2.5,2.0,9.0,0,23,0,0.4781666590763296
55,SAI,Carlos Sainz,Williams,7.0,3.0,15.0,Finished,True,7.0,80.287,22.5993288590604,28.160402684563756,69.04697986577182,False,2025,23,Qatar Grand Prix,Lusail,Qatar,2025-11-30,11.666666666666666,13.0,5.0,5.87367006223537,0.8,-1.333333333333334,12.333333333333334,6.5,-6.0,-0.4,0.9000000000000057,13.0,2.0,7.428571428571429,0,23,0,0.4781666590763296
4,NOR,Lando Norris,McLaren,2.0,4.0,12.0,Finished,True,2.0,79.495,22.5993288590604,28.160402684563756,69.04697986577182,False,2025,23,Qatar Grand Prix,Lusail,Qatar,2025-11-30,7.0,5.2,1.0,7.758865896508332,0.8,1.7999999999999998,8.5,1.5,-3.2,-2.6,0.10800000000000409,6.5,2.0,7.571428571428571,0,23,0,0.4781666590763296
12,ANT,Kimi Antonelli,Mercedes,5.0,5.0,10.0,Finished,True,5.0,79.846,22.5993288590604,28.160402684563756,69.04697986577182,False,2025,23,Qatar Grand Prix,Lusail,Qatar,2025-11-30,3.6666666666666665,5.8,2.0,4.324349662087931,1.0,-2.1333333333333333,4.0,1.5,-0.7999999999999998,1.8,0.4590000000000032,,0.0,11.0,0,23,0,0.4781666590763296
63,RUS,George Russell,Mercedes,4.0,6.0,8.0,Finished,True,4.0,79.662,22.5993288590604,28.160402684563756,69.04697986577182,False,2025,23,Qatar Grand Prix,Lusail,Qatar,2025-11-30,4.333333333333333,4.0,1.0,2.549509756796393,1.0,0.33333333333333304,4.0,1.5,0.0,-1.8,0.2750000000000057,4.0,2.0,4.428571428571429,0,23,0,0.4781666590763296
14,ALO,Fernando Alonso,Aston Martin,8.0,7.0,6.0,Finished,True,8.0,80.418,22.5993288590604,28.160402684563756,69.04697986577182,False,2025,23,Qatar Grand Prix,Lusail,Qatar,2025-11-30,14.333333333333334,12.0,7.0,4.183300132670376,0.8,2.333333333333334,15.166666666666666,3.5,-4.0,-2.6,1.031000000000006,6.5,2.0,10.285714285714286,0,23,0,0.4781666590763296
16,LEC,Charles Leclerc,Ferrari,10.0,8.0,4.0,Finished,True,10.0,80.561,22.5993288590604,28.160402684563756,69.04697986577182,False,2025,23,Qatar Grand Prix,Lusail,Qatar,2025-11-30,8.333333333333334,6.8,2.0,6.978538528947159,0.8,1.533333333333334,9.833333333333334,1.5,3.2,-2.4,1.1740000000000066,3.5,2.0,5.0,0,23,0,0.4781666590763296
30,LAW,Liam Lawson,Racing Bulls,12.0,9.0,2.0,Finished,True,12.0,80.433,22.5993288590604,28.160402684563756,69.04697986577182,False,2025,23,Qatar Grand Prix,Lusail,Qatar,2025-11-30,13.666666666666666,13.4,7.0,4.827007354458867,0.9,0.2666666666666657,11.333333333333334,7.0,-1.4000000000000004,2.6,1.0460000000000065,15.5,2.0,16.5,0,23,0,0.4781666590763296
22,TSU,Yuki Tsunoda,Red Bull Racing,15.0,10.0,1.0,Finished,True,16.0,80.761,22.5993288590604,28.160402684563756,69.04697986577182,False,2025,23,Qatar Grand Prix,Lusail,Qatar,2025-11-30,13.333333333333334,11.8,7.0,3.5637059362410928,1.0,1.5333333333333332,7.833333333333333,1.5,3.1999999999999993,9.8,1.3739999999999952,14.0,2.0,10.428571428571429,0,23,0,0.4781666590763296
23,ALB,Alexander Albon,Williams,14.0,11.0,0.0,Finished,True,15.0,80.629,22.5993288590604,28.160402684563756,69.04697986577182,False,2025,23,Qatar Grand Prix,Lusail,Qatar,2025-11-30,13.0,13.4,11.0,1.9493588689617962,0.9,-0.40000000000000036,12.333333333333334,6.5,0.5999999999999996,0.4,1.2420000000000044,14.0,2.0,12.571428571428571,0,23,0,0.4781666590763296
44,HAM,Lewis Hamilton,Ferrari,17.0,12.0,0.0,Finished,True,18.0,80.907,22.5993288590604,28.160402684563756,69.04697986577182,False,2025,23,Qatar Grand Prix,Lusail,Qatar,2025-11-30,11.333333333333334,9.2,4.0,5.215361924162119,0.8,2.1333333333333346,9.833333333333334,1.5,7.800000000000001,2.4,1.519999999999996,15.5,2.0,7.285714285714286,0,23,0,0.4781666590763296
5,BOR,Gabriel Bortoleto,Kick Sauber,19.0,13.0,0.0,Finished,True,14.0,80.534,22.5993288590604,28.160402684563756,69.04697986577182,False,2025,23,Qatar Grand Prix,Lusail,Qatar,2025-11-30,15.666666666666666,16.4,10.0,3.7815340802378072,0.8,-0.7333333333333325,13.666666666666666,8.5,2.6000000000000014,3.8,1.1470000000000056,,0.0,18.0,0,23,0,0.4781666590763296
43,COL,Franco Colapinto,Alpine,20.0,14.0,0.0,Lapped,True,20.0,81.137,22.5993288590604,28.160402684563756,69.04697986577182,False,2025,23,Qatar Grand Prix,Lusail,Qatar,2025-11-30,15.333333333333334,15.8,15.0,0.8366600265340767,1.0,-0.4666666666666668,14.0,2.5,4.199999999999999,0.6,1.75,19.0,1.0,19.0,0,23,0,0.4781666590763296
31,OCO,Esteban Ocon,Haas F1 Team,16.0,15.0,0.0,Lapped,True,17.0,80.864,22.5993288590604,28.160402684563756,69.04697986577182,False,2025,23,Qatar Grand Prix,Lusail,Qatar,2025-11-30,10.0,12.6,9.0,3.9115214431215897,1.0,-2.5999999999999996,8.333333333333334,6.5,3.4000000000000004,5.0,1.4770000000000039,13.5,2.0,11.5,0,23,0,0.4781666590763296
10,GAS,Pierre Gasly,Alpine,9.0,16.0,0.0,Lapped,True,9.0,80.477,22.5993288590604,28.160402684563756,69.04697986577182,False,2025,23,Qatar Grand Prix,Lusail,Qatar,2025-11-30,12.666666666666666,15.2,10.0,3.89871773792359,1.0,-2.533333333333333,14.0,2.5,-6.199999999999999,-0.6,1.0900000000000034,8.5,2.0,12.571428571428571,0,23,0,0.4781666590763296
18,STR,Lance Stroll,Aston Martin,18.0,17.0,0.0,Retired,False,19.0,81.058,22.5993288590604,28.160402684563756,69.04697986577182,False,2025,23,Qatar Grand Prix,Lusail,Qatar,2025-11-30,16.0,14.6,12.0,2.4083189157584566,0.9,1.4000000000000004,15.166666666666666,3.5,3.4000000000000004,2.6,1.6710000000000065,14.5,2.0,11.0,0,23,0,0.4781666590763296
6,HAD,Isack Hadjar,Racing Bulls,6.0,18.0,0.0,Retired,False,6.0,80.114,22.5993288590604,28.160402684563756,69.04697986577182,False,2025,23,Qatar Grand Prix,Lusail,Qatar,2025-11-30,9.0,10.8,6.0,3.962322551231791,1.0,-1.8000000000000007,11.333333333333334,7.0,-4.800000000000001,-2.6,0.7270000000000039,,0.0,13.0,0,23,0,0.4781666590763296
87,BEA,Oliver Bearman,Haas F1 Team,13.0,19.0,0.0,Retired,False,13.0,80.438,22.5993288590604,28.160402684563756,69.04697986577182,False,2025,23,Qatar Grand Prix,Lusail,Qatar,2025-11-30,6.666666666666667,7.6,4.0,2.509980079602225,0.9,-0.9333333333333327,8.333333333333334,6.5,5.4,-5.0,1.051000000000002,,0.0,10.0,0,23,0,0.4781666590763296
27,HUL,Nico Hulkenberg,Kick Sauber,11.0,20.0,0.0,Retired,False,11.0,80.353,22.5993288590604,28.160402684563756,69.04697986577182,False,2025,23,Qatar Grand Prix,Lusail,Qatar,2025-11-30,11.666666666666666,12.6,7.0,6.3482280992415525,0.8,-0.9333333333333336,13.666666666666666,8.5,-1.5999999999999996,-3.8,0.965999999999994,16.0,2.0,15.166666666666666,0,23,0,0.4781666590763296
1,VER,Max Verstappen,Red Bull Racing,1.0,1.0,25.0,Finished,True,1.0,82.207,26.67402597402597,31.06168831168831,60.44155844155844,False,2025,24,Abu Dhabi Grand Prix,Yas Island,United Arab Emirates,2025-12-07,1.6666666666666667,1.8,1.0,1.0954451150103273,1.0,-0.1333333333333333,7.333333333333333,1.5,-0.8,-9.6,0.0,2.6666666666666665,3.0,4.285714285714286,0,24,0,0.48456547643433656
81,PIA,Oscar Piastri,McLaren,3.0,2.0,18.0,Finished,True,3.0,82.437,26.67402597402597,31.06168831168831,60.44155844155844,False,2025,24,Abu Dhabi Grand Prix,Yas Island,United Arab Emirates,2025-12-07,9.0,7.4,2.0,7.162401831787993,0.8,1.5999999999999996,8.5,1.5,-4.4,2.0,0.23000000000000398,8.0,2.0,6.0,0,24,0,0.48456547643433656
4,NOR,Lando Norris,McLaren,2.0,3.0,15.0,Finished,True,2.0,82.408,26.67402597402597,31.06168831168831,60.44155844155844,False,2025,24,Abu Dhabi Grand Prix,Yas Island,United Arab Emirates,2025-12-07,8.0,5.4,1.0,7.700649323271384,0.8,2.5999999999999996,8.5,1.5,-3.4000000000000004,-2.0,0.20100000000000762,4.0,3.0,8.285714285714286,0,24,0,0.48456547643433656
16,LEC,Charles Leclerc,Ferrari,5.0,4.0,12.0,Finished,True,5.0,82.73,26.67402597402597,31.06168831168831,60.44155844155844,False,2025,24,Abu Dhabi Grand Prix,Yas Island,United Arab Emirates,2025-12-07,10.333333333333334,7.2,2.0,6.978538528947159,0.8,3.1333333333333337,11.5,1.5,-2.2,-2.8,0.5230000000000103,2.3333333333333335,3.0,6.142857142857143,0,24,0,0.48456547643433656
63,RUS,George Russell,Mercedes,4.0,5.0,10.0,Finished,True,4.0,82.645,26.67402597402597,31.06168831168831,60.44155844155844,False,2025,24,Abu Dhabi Grand Prix,Yas Island,United Arab Emirates,2025-12-07,4.0,5.0,2.0,2.0000000000000004,1.0,-1.0,3.6666666666666665,1.5,-1.0,-0.8,0.4380000000000024,4.333333333333333,3.0,4.571428571428571,0,24,0,0.48456547643433656
14,ALO,Fernando Alonso,Aston Martin,6.0,6.0,8.0,Finished,True,6.0,82.902,26.67402597402597,31.06168831168831,60.44155844155844,False,2025,24,Abu Dhabi Grand Prix,Yas Island,United Arab Emirates,2025-12-07,10.666666666666666,12.0,7.0,4.183300132670376,0.8,-1.333333333333334,13.833333333333334,3.5,-6.0,-3.4,0.6950000000000074,12.0,3.0,8.0,0,24,0,0.48456547643433656
31,OCO,Esteban Ocon,Haas F1 Team,8.0,7.0,6.0,Finished,True,8.0,82.913,26.67402597402597,31.06168831168831,60.44155844155844,False,2025,24,Abu Dhabi Grand Prix,Yas Island,United Arab Emirates,2025-12-07,12.0,12.0,9.0,3.0000000000000004,1.0,0.0,11.833333333333334,6.5,-4.0,2.4,0.7060000000000031,9.5,2.0,13.142857142857142,0,24,0,0.48456547643433656
44,HAM,Lewis Hamilton,Ferrari,16.0,8.0,4.0,Finished,True,16.0,83.394,26.67402597402597,31.06168831168831,60.44155844155844,False,2025,24,Abu Dhabi Grand Prix,Yas Island,United Arab Emirates,2025-12-07,12.666666666666666,10.0,4.0,5.291502622129181,0.8,2.666666666666666,11.5,1.5,6.0,2.8,1.1870000000000118,10.333333333333334,3.0,9.0,0,24,0,0.48456547643433656
27,HUL,Nico Hulkenberg,Kick Sauber,18.0,9.0,2.0,Finished,True,18.0,83.45,26.67402597402597,31.06168831168831,60.44155844155844,False,2025,24,Abu Dhabi Grand Prix,Yas Island,United Arab Emirates,2025-12-07,12.0,12.6,7.0,6.3482280992415525,0.7,-0.5999999999999996,14.333333333333334,8.5,5.4,-3.0,1.2430000000000092,11.5,2.0,17.142857142857142,0,24,0,0.48456547643433656
18,STR,Lance Stroll,Aston Martin,15.0,10.0,1.0,Finished,True,15.0,83.097,26.67402597402597,31.06168831168831,60.44155844155844,False,2025,24,Abu Dhabi Grand Prix,Yas Island,United Arab Emirates,2025-12-07,17.0,15.4,12.0,2.4083189157584566,0.8,1.5999999999999996,13.833333333333334,3.5,-0.40000000000000036,3.4,0.8900000000000006,10.666666666666666,3.0,13.0,0,24,0,0.48456547643433656
5,BOR,Gabriel Bortoleto,Kick Sauber,7.0,11.0,0.0,Finished,True,7.0,82.904,26.67402597402597,31.06168831168831,60.44155844155844,False,2025,24,Abu Dhabi Grand Prix,Yas Island,United Arab Emirates,2025-12-07,16.666666666666668,15.6,10.0,4.03732584763727,0.8,1.0666666666666682,14.333333333333334,8.5,-8.6,3.0,0.6970000000000027,,0.0,15.5,0,24,0,0.48456547643433656
87,BEA,Oliver Bearman,Haas F1 Team,11.0,12.0,0.0,Finished,True,11.0,83.041,26.67402597402597,31.06168831168831,60.44155844155844,False,2025,24,Abu Dhabi Grand Prix,Yas Island,United Arab Emirates,2025-12-07,11.666666666666666,9.6,4.0,5.770615218501402,0.8,2.0666666666666664,11.833333333333334,6.5,1.4000000000000004,-2.4,0.8340000000000032,,0.0,14.5,0,24,0,0.48456547643433656
55,SAI,Carlos Sainz,Williams,12.0,13.0,0.0,Finished,True,12.0,83.042,26.67402597402597,31.06168831168831,60.44155844155844,False,2025,24,Abu Dhabi Grand Prix,Yas Island,United Arab Emirates,2025-12-07,7.0,11.6,3.0,7.4027022093287025,0.8,-4.6,9.833333333333334,6.5,0.40000000000000036,-1.2,0.835000000000008,8.0,3.0,8.142857142857142,0,24,0,0.48456547643433656
22,TSU,Yuki Tsunoda,Red Bull Racing,10.0,14.0,0.0,Finished,True,10.0,83.034,26.67402597402597,31.06168831168831,60.44155844155844,False,2025,24,Abu Dhabi Grand Prix,Yas Island,United Arab Emirates,2025-12-07,13.0,11.4,7.0,3.6469165057620945,1.0,1.5999999999999996,7.333333333333333,1.5,-1.4000000000000004,9.6,0.8270000000000124,10.333333333333334,3.0,11.428571428571429,0,24,0,0.48456547643433656
12,ANT,Kimi Antonelli,Mercedes,14.0,15.0,0.0,Finished,True,14.0,83.08,26.67402597402597,31.06168831168831,60.44155844155844,False,2025,24,Abu Dhabi Grand Prix,Yas Island,United Arab Emirates,2025-12-07,3.3333333333333335,5.8,2.0,4.324349662087931,1.0,-2.4666666666666663,3.6666666666666665,1.5,8.2,0.8,0.8730000000000047,,0.0,8.0,0,24,0,0.48456547643433656
23,ALB,Alexander Albon,Williams,17.0,16.0,0.0,Finished,True,17.0,83.416,26.67402597402597,31.06168831168831,60.44155844155844,False,2025,24,Abu Dhabi Grand Prix,Yas Island,United Arab Emirates,2025-12-07,12.666666666666666,12.8,11.0,2.167948338867882,0.9,-0.13333333333333464,9.833333333333334,6.5,4.199999999999999,1.2,1.2090000000000032,12.666666666666666,3.0,12.714285714285714,0,24,0,0.48456547643433656
6,HAD,Isack Hadjar,Racing Bulls,9.0,17.0,0.0,Lapped,True,9.0,83.072,26.67402597402597,31.06168831168831,60.44155844155844,False,2025,24,Abu Dhabi Grand Prix,Yas Island,United Arab Emirates,2025-12-07,10.666666666666666,12.2,6.0,5.118593556827892,0.9,-1.5333333333333332,10.333333333333334,7.0,-3.1999999999999993,0.0,0.8650000000000091,,0.0,15.5,0,24,0,0.48456547643433656
30,LAW,Liam Lawson,Racing Bulls,13.0,18.0,0.0,Lapped,True,13.0,83.077,26.67402597402597,31.06168831168831,60.44155844155844,False,2025,24,Abu Dhabi Grand Prix,Yas Island,United Arab Emirates,2025-12-07,10.0,12.2,7.0,5.0695167422546294,0.9,-2.1999999999999993,10.333333333333334,7.0,0.8000000000000007,0.0,0.8700000000000045,17.0,1.0,14.0,0,24,0,0.48456547643433656
10,GAS,Pierre Gasly,Alpine,19.0,19.0,0.0,Lapped,True,19.0,83.468,26.67402597402597,31.06168831168831,60.44155844155844,False,2025,24,Abu Dhabi Grand Prix,Yas Island,United Arab Emirates,2025-12-07,13.0,14.6,10.0,3.3615472627943275,1.0,-1.5999999999999996,13.833333333333334,2.5,4.4,-0.8,1.26100000000001,11.333333333333334,3.0,12.428571428571429,0,24,0,0.48456547643433656
43,COL,Franco Colapinto,Alpine,20.0,20.0,0.0,Lapped,True,20.0,83.89,26.67402597402597,31.06168831168831,60.44155844155844,False,2025,24,Abu Dhabi Grand Prix,Yas Island,United Arab Emirates,2025-12-07,14.666666666666666,15.4,14.0,1.140175425099139,1.0,-0.7333333333333343,13.833333333333334,2.5,4.6,0.8,1.683000000000007,19.0,1.0,16.5,0,24,0,0.48456547643433656
63,RUS,George Russell,Mercedes,1.0,1.0,25.0,Finished,True,,,24.23445945945946,36.134459459459464,53.972972972972975,False,2026,1,Australian Grand Prix,Melbourne,Australia,2026-03-08,4.333333333333333,4.8,2.0,1.9235384061671352,1.0,-0.4666666666666668,6.0,1.5,-3.8,-1.4,,10.25,4.0,6.2,0,1,1,0.863962797462521
12,ANT,Kimi Antonelli,Mercedes,2.0,2.0,18.0,Finished,True,,,24.23445945945946,36.134459459459464,53.972972972972975,False,2026,1,Australian Grand Prix,Melbourne,Australia,2026-03-08,7.666666666666667,6.2,2.0,5.167204273105526,1.0,1.4666666666666668,6.0,1.5,-4.2,1.4,,4.0,1.0,11.0,0,1,1,0.863962797462521
16,LEC,Charles Leclerc,Ferrari,4.0,3.0,15.0,Finished,True,,,24.23445945945946,36.134459459459464,53.972972972972975,False,2026,1,Australian Grand Prix,Melbourne,Australia,2026-03-08,5.333333333333333,7.4,2.0,6.841052550594827,0.8,-2.0666666666666673,7.333333333333333,1.5,-3.4000000000000004,-3.4,,7.75,4.0,6.0,0,1,1,0.863962797462521
44,HAM,Lewis Hamilton,Ferrari,7.0,4.0,12.0,Finished,True,,,24.23445945945946,36.134459459459464,53.972972972972975,False,2026,1,Australian Grand Prix,Melbourne,Australia,2026-03-08,9.333333333333334,10.8,8.0,4.38178046004133,0.8,-1.4666666666666668,7.333333333333333,1.5,-3.8000000000000007,3.4,,8.5,4.0,5.7,0,1,1,0.863962797462521
1,NOR,Lando Norris,McLaren,6.0,5.0,10.0,Finished,True,,,24.23445945945946,36.134459459459464,53.972972972972975,False,2026,1,Australian Grand Prix,Melbourne,Australia,2026-03-08,8.666666666666666,5.6,1.0,7.602631123499287,0.8,3.0666666666666664,8.333333333333334,1.5,0.40000000000000036,-1.2,,3.75,4.0,9.2,0,1,1,0.863962797462521
3,VER,Max Verstappen,Red Bull Racing,20.0,6.0,8.0,Finished,True,,,24.23445945945946,36.134459459459464,53.972972972972975,False,2026,1,Australian Grand Prix,Melbourne,Australia,2026-03-08,1.0,1.8,1.0,1.0954451150103273,1.0,-0.8,6.5,1.5,18.2,-11.0,,10.0,4.0,1.2,0,1,1,0.863962797462521
87,BEA,Oliver Bearman,Haas F1 Team,12.0,7.0,6.0,Lapped,True,,,24.23445945945946,36.134459459459464,53.972972972972975,False,2026,1,Australian Grand Prix,Melbourne,Australia,2026-03-08,13.666666666666666,10.2,4.0,5.848076606885378,0.9,3.466666666666667,12.0,6.5,1.8000000000000007,-0.2,,14.0,1.0,14.0,0,1,1,0.863962797462521
41,LIN,Arvid Lindblad,Racing Bulls,9.0,8.0,4.0,Lapped,True,,,24.23445945945946,36.134459459459464,53.972972972972975,False,2026,1,Australian Grand Prix,Melbourne,Australia,2026-03-08,,,,,,,13.666666666666666,7.0,,,,,0.0,,0,1,1,0.863962797462521
5,BOR,Gabriel Bortoleto,Audi,10.0,9.0,2.0,Lapped,True,,,24.23445945945946,36.134459459459464,53.972972972972975,False,2026,1,Australian Grand Prix,Melbourne,Australia,2026-03-08,13.666666666666666,14.2,10.0,4.207136793592525,0.8,-0.5333333333333332,,,-4.199999999999999,1.4,,16.0,1.0,16.0,0,1,1,0.863962797462521
10,GAS,Pierre Gasly,Alpine,14.0,10.0,1.0,Lapped,True,,,24.23445945945946,36.134459459459464,53.972972972972975,False,2026,1,Australian Grand Prix,Melbourne,Australia,2026-03-08,16.0,14.6,10.0,3.3615472627943275,1.0,1.4000000000000004,16.166666666666668,2.5,-0.5999999999999996,-1.4,,11.5,4.0,12.9,0,1,1,0.863962797462521
31,OCO,Esteban Ocon,Haas F1 Team,13.0,11.0,0.0,Lapped,True,,,24.23445945945946,36.134459459459464,53.972972972972975,False,2026,1,Australian Grand Prix,Melbourne,Australia,2026-03-08,10.333333333333334,10.4,7.0,3.130495168499706,1.0,-0.06666666666666643,12.0,6.5,2.5999999999999996,0.2,,12.5,4.0,10.8,0,1,1,0.863962797462521
23,ALB,Alexander Albon,Williams,15.0,12.0,0.0,Lapped,True,,,24.23445945945946,36.134459459459464,53.972972972972975,False,2026,1,Australian Grand Prix,Melbourne,Australia,2026-03-08,14.333333333333334,13.2,11.0,2.588435821108959,0.9,1.1333333333333346,10.666666666666666,6.5,1.8000000000000007,3.0,,11.25,4.0,13.4,0,1,1,0.863962797462521
30,LAW,Liam Lawson,Racing Bulls,8.0,13.0,0.0,Lapped,True,,,24.23445945945946,36.134459459459464,53.972972972972975,False,2026,1,Australian Grand Prix,Melbourne,Australia,2026-03-08,13.666666666666666,13.6,7.0,5.594640292279745,0.9,0.06666666666666643,13.666666666666666,7.0,-5.6,1.2,,15.0,1.0,16.5,0,1,1,0.863962797462521
43,COL,Franco Colapinto,Alpine,16.0,14.0,0.0,Lapped,True,,,24.23445945945946,36.134459459459464,53.972972972972975,False,2026,1,Australian Grand Prix,Melbourne,Australia,2026-03-08,16.333333333333332,16.0,14.0,2.3452078799117153,1.0,0.33333333333333215,16.166666666666668,2.5,0.0,1.4,,,0.0,14.5,0,1,1,0.863962797462521
55,SAI,Carlos Sainz,Williams,21.0,15.0,0.0,Lapped,True,,,24.23445945945946,36.134459459459464,53.972972972972975,False,2026,1,Australian Grand Prix,Melbourne,Australia,2026-03-08,7.0,10.2,3.0,5.932958789676534,0.8,-3.1999999999999993,10.666666666666666,6.5,10.8,-3.0,,12.75,4.0,7.9,0,1,1,0.863962797462521
11,PER,Sergio Perez,Cadillac,18.0,16.0,0.0,Lapped,True,,,24.23445945945946,36.134459459459464,53.972972972972975,False,2026,1,Australian Grand Prix,Melbourne,Australia,2026-03-08,15.666666666666666,15.0,10.0,4.301162633521314,0.7,0.6666666666666661,,,3.0,11.2,,4.0,3.0,8.0,0,1,1,0.863962797462521
18,STR,Lance Stroll,Aston Martin,22.0,17.0,0.0,Lapped,True,,,24.23445945945946,36.134459459459464,53.972972972972975,False,2026,1,Australian Grand Prix,Melbourne,Australia,2026-03-08,15.0,15.0,10.0,3.1622776601683773,0.8,0.0,11.5,3.5,7.0,3.8,,7.0,4.0,11.6,0,1,1,0.863962797462521
14,ALO,Fernando Alonso,Aston Martin,17.0,18.0,0.0,Retired,False,,,24.23445945945946,36.134459459459464,53.972972972972975,False,2026,1,Australian Grand Prix,Melbourne,Australia,2026-03-08,8.0,11.2,6.0,4.969909455915669,0.8,-3.1999999999999993,11.5,3.5,5.800000000000001,-3.8,,11.25,4.0,9.6,0,1,1,0.863962797462521
77,BOT,Valtteri Bottas,Cadillac,19.0,19.0,0.0,Retired,False,,,24.23445945945946,36.134459459459464,53.972972972972975,False,2026,1,Australian Grand Prix,Melbourne,Australia,2026-03-08,15.666666666666666,14.8,11.0,3.1144823004794833,0.9,0.8666666666666654,,,4.199999999999999,2.0,,11.0,3.0,11.125,0,1,1,0.863962797462521
6,HAD,Isack Hadjar,Red Bull Racing,3.0,20.0,0.0,Retired,False,,,24.23445945945946,36.134459459459464,53.972972972972975,False,2026,1,Australian Grand Prix,Melbourne,Australia,2026-03-08,13.666666666666666,12.4,6.0,5.319774431308156,0.9,1.2666666666666657,6.5,1.5,-9.4,-1.2,,20.0,1.0,12.5,0,1,1,0.863962797462521
81,PIA,Oscar Piastri,McLaren,5.0,21.0,0.0,Did not start,False,,,24.23445945945946,36.134459459459464,53.972972972972975,False,2026,1,Australian Grand Prix,Melbourne,Australia,2026-03-08,8.0,6.8,2.0,7.52994023880668,0.8,1.2000000000000002,8.333333333333334,1.5,-1.7999999999999998,1.2,,7.0,3.0,8.428571428571429,0,1,1,0.863962797462521
27,HUL,Nico Hulkenberg,Audi,11.0,22.0,0.0,Did not start,False,,,24.23445945945946,36.134459459459464,53.972972972972975,False,2026,1,Australian Grand Prix,Melbourne,Australia,2026-03-08,12.0,12.8,7.0,6.180614856144978,0.7,-0.8000000000000007,,,-1.8000000000000007,-1.4,,7.666666666666667,3.0,11.857142857142858,0,1,1,0.863962797462521
12,ANT,Kimi Antonelli,Mercedes,1.0,1.0,25.0,Finished,True,,,18.556410256410256,34.14294871794871,52.49551282051282,False,2026,3,Japanese Grand Prix,Suzuka,Japan,2026-03-29,7.333333333333333,5.4,2.0,5.504543577809154,1.0,1.9333333333333327,5.666666666666667,1.5,-4.4,1.8,,6.0,1.0,16.666666666666668,0,3,1,0.8991136189445247
81,PIA,Oscar Piastri,McLaren,3.0,2.0,18.0,Finished,True,,,18.556410256410256,34.14294871794871,52.49551282051282,False,2026,3,Japanese Grand Prix,Suzuka,Japan,2026-03-29,8.333333333333334,10.0,2.0,9.669539802906858,0.7,-1.666666666666666,6.166666666666667,1.5,-7.0,3.6,,4.666666666666667,3.0,6.0,0,3,1,0.8991136189445247
16,LEC,Charles Leclerc,Ferrari,4.0,3.0,15.0,Finished,True,,,18.556410256410256,34.14294871794871,52.49551282051282,False,2026,3,Japanese Grand Prix,Suzuka,Japan,2026-03-29,5.0,7.6,3.0,6.655824516917494,0.9,-2.5999999999999996,6.5,1.5,-3.5999999999999996,-2.4,,3.75,4.0,7.916666666666667,0,3,1,0.8991136189445247
63,RUS,George Russell,Mercedes,2.0,4.0,12.0,Finished,True,,,18.556410256410256,34.14294871794871,52.49551282051282,False,2026,3,Japanese Grand Prix,Suzuka,Japan,2026-03-29,4.0,3.6,1.0,2.073644135332773,1.0,0.3999999999999999,5.666666666666667,1.5,-1.6,-1.8,,6.75,4.0,8.416666666666666,0,3,1,0.8991136189445247
1,NOR,Lando Norris,McLaren,5.0,5.0,10.0,Finished,True,,,18.556410256410256,34.14294871794871,52.49551282051282,False,2026,3,Japanese Grand Prix,Suzuka,Japan,2026-03-29,4.0,6.4,1.0,7.197221686178635,0.9,-2.4000000000000004,6.166666666666667,1.5,-1.4000000000000004,-3.6,,4.75,4.0,5.583333333333333,0,3,1,0.8991136189445247
44,HAM,Lewis Hamilton,Ferrari,6.0,6.0,8.0,Finished,True,,,18.556410256410256,34.14294871794871,52.49551282051282,False,2026,3,Japanese Grand Prix,Suzuka,Japan,2026-03-29,8.0,10.0,4.0,5.291502622129181,0.9,-2.0,6.5,1.5,-4.0,2.4,,6.5,4.0,4.916666666666667,0,3,1,0.8991136189445247
10,GAS,Pierre Gasly,Alpine,7.0,7.0,6.0,Finished,True,,,18.556410256410256,34.14294871794871,52.49551282051282,False,2026,3,Japanese Grand Prix,Suzuka,Japan,2026-03-29,15.0,13.6,10.0,3.9115214431215937,1.0,1.4000000000000004,15.5,2.5,-6.6,-2.0,,14.25,4.0,11.916666666666666,0,3,1,0.8991136189445247
3,VER,Max Verstappen,Red Bull Racing,11.0,8.0,4.0,Finished,True,,,18.556410256410256,34.14294871794871,52.49551282051282,False,2026,3,Japanese Grand Prix,Suzuka,Japan,2026-03-29,2.6666666666666665,2.4,1.0,2.190890230020662,1.0,0.2666666666666666,8.666666666666666,1.5,8.6,-12.2,,1.0,4.0,3.1666666666666665,0,3,1,0.8991136189445247
30,LAW,Liam Lawson,Racing Bulls,14.0,9.0,2.0,Finished,True,,,18.556410256410256,34.14294871794871,52.49551282051282,False,2026,3,Japanese Grand Prix,Suzuka,Japan,2026-03-29,13.333333333333334,12.2,7.0,4.324349662087929,0.9,1.1333333333333346,13.833333333333334,7.0,1.8000000000000007,0.8,,14.0,2.0,12.666666666666666,0,3,1,0.8991136189445247
31,OCO,Esteban Ocon,Haas F1 Team,12.0,10.0,1.0,Finished,True,,,18.556410256410256,34.14294871794871,52.49551282051282,False,2026,3,Japanese Grand Prix,Suzuka,Japan,2026-03-29,11.0,10.8,7.0,3.0331501776206204,1.0,0.1999999999999993,11.833333333333334,6.5,1.1999999999999993,0.0,,11.5,4.0,12.0,0,3,1,0.8991136189445247
27,HUL,Nico Hulkenberg,Audi,13.0,11.0,0.0,Finished,True,,,18.556410256410256,34.14294871794871,52.49551282051282,False,2026,3,Japanese Grand Prix,Suzuka,Japan,2026-03-29,17.0,13.4,7.0,7.021395872616784,0.6,3.5999999999999996,15.5,15.5,-0.40000000000000036,-0.6,,13.666666666666666,3.0,11.222222222222221,0,3,1,0.8991136189445247
6,HAD,Isack Hadjar,Red Bull Racing,8.0,12.0,0.0,Finished,True,,,18.556410256410256,34.14294871794871,52.49551282051282,False,2026,3,Japanese Grand Prix,Suzuka,Japan,2026-03-29,18.333333333333332,13.8,6.0,6.340346993658944,0.8,4.533333333333331,8.666666666666666,1.5,-5.800000000000001,3.0,,8.0,1.0,14.666666666666666,0,3,1,0.8991136189445247
5,BOR,Gabriel Bortoleto,Audi,9.0,13.0,0.0,Finished,True,,,18.556410256410256,34.14294871794871,52.49551282051282,False,2026,3,Japanese Grand Prix,Suzuka,Japan,2026-03-29,11.0,14.0,9.0,4.472135954999579,0.8,-3.0,15.5,15.5,-5.0,0.6,,19.0,1.0,13.0,0,3,1,0.8991136189445247
41,LIN,Arvid Lindblad,Racing Bulls,10.0,14.0,0.0,Finished,True,,,18.556410256410256,34.14294871794871,52.49551282051282,False,2026,3,Japanese Grand Prix,Suzuka,Japan,2026-03-29,8.0,8.0,8.0,,1.0,0.0,13.833333333333334,7.0,2.0,-5.0,,,0.0,,0,3,1,0.8991136189445247
55,SAI,Carlos Sainz,Williams,16.0,15.0,0.0,Finished,True,,,18.556410256410256,34.14294871794871,52.49551282051282,False,2026,3,Japanese Grand Prix,Suzuka,Japan,2026-03-29,10.333333333333334,9.8,3.0,5.403702434442523,0.8,0.5333333333333332,11.666666666666666,6.5,6.199999999999999,-3.4,,10.5,4.0,8.583333333333334,0,3,1,0.8991136189445247
43,COL,Franco Colapinto,Alpine,15.0,16.0,0.0,Finished,True,,,18.556410256410256,34.14294871794871,52.49551282051282,False,2026,3,Japanese Grand Prix,Suzuka,Japan,2026-03-29,16.0,15.6,14.0,2.509980079602227,1.0,0.40000000000000036,15.5,2.5,-0.5999999999999996,2.0,,,0.0,18.0,0,3,1,0.8991136189445247
11,PER,Sergio Perez,Cadillac,19.0,17.0,0.0,Finished,True,,,18.556410256410256,34.14294871794871,52.49551282051282,False,2026,3,Japanese Grand Prix,Suzuka,Japan,2026-03-29,17.666666666666668,14.8,10.0,4.207136793592526,0.7,2.866666666666667,17.5,17.5,4.199999999999999,8.4,,7.666666666666667,3.0,5.555555555555555,0,3,1,0.8991136189445247
14,ALO,Fernando Alonso,Aston Martin,21.0,18.0,0.0,Lapped,True,,,18.556410256410256,34.14294871794871,52.49551282051282,False,2026,3,Japanese Grand Prix,Suzuka,Japan,2026-03-29,10.333333333333334,11.2,6.0,4.969909455915669,0.7,-0.8666666666666654,12.5,3.5,9.8,-4.4,,8.0,4.0,8.416666666666666,0,3,1,0.8991136189445247
77,BOT,Valtteri Bottas,Cadillac,20.0,19.0,0.0,Lapped,True,,,18.556410256410256,34.14294871794871,52.49551282051282,False,2026,3,Japanese Grand Prix,Suzuka,Japan,2026-03-29,16.0,15.8,11.0,3.5637059362410906,0.8,0.1999999999999993,17.5,17.5,4.199999999999999,2.8,,16.333333333333332,3.0,14.555555555555555,0,3,1,0.8991136189445247
23,ALB,Alexander Albon,Williams,17.0,20.0,0.0,Lapped,True,,,18.556410256410256,34.14294871794871,52.49551282051282,False,2026,3,Japanese Grand Prix,Suzuka,Japan,2026-03-29,13.0,13.2,11.0,2.588435821108959,0.9,-0.1999999999999993,11.666666666666666,6.5,3.8000000000000007,3.4,,16.25,4.0,13.166666666666666,0,3,1,0.8991136189445247
18,STR,Lance Stroll,Aston Martin,22.0,21.0,0.0,Retired,False,,,18.556410256410256,34.14294871794871,52.49551282051282,False,2026,3,Japanese Grand Prix,Suzuka,Japan,2026-03-29,14.666666666666666,15.6,10.0,3.209361307176241,0.8,-0.9333333333333336,12.5,3.5,6.4,4.4,,15.5,4.0,10.818181818181818,0,3,1,0.8991136189445247
87,BEA,Oliver Bearman,Haas F1 Team,18.0,22.0,0.0,Retired,False,,,18.556410256410256,34.14294871794871,52.49551282051282,False,2026,3,Japanese Grand Prix,Suzuka,Japan,2026-03-29,12.666666666666666,10.8,6.0,5.167204273105525,0.9,1.8666666666666654,11.833333333333334,6.5,7.199999999999999,0.0,,10.0,1.0,13.0,0,3,1,0.8991136189445247
12,ANT,Kimi Antonelli,Mercedes,1.0,1.0,25.0,Finished,True,1.0,87.798,27.12559523809524,37.01190476190476,70.44821428571429,True,2026,4,Miami Grand Prix,Miami Gardens,United States,2026-05-03,6.0,5.2,1.0,5.674504383644443,1.0,0.7999999999999998,4.666666666666667,1.5,-4.2,1.6,0.0,6.0,1.0,,1,4,1,0.9609050283063585
1,NOR,Lando Norris,McLaren,4.0,2.0,18.0,Finished,True,4.0,88.183,27.12559523809524,37.01190476190476,70.44821428571429,True,2026,4,Miami Grand Prix,Miami Gardens,United States,2026-05-03,4.333333333333333,7.2,3.0,6.648308055437867,0.9,-2.866666666666667,6.333333333333333,1.5,-3.2,-2.2,0.3850000000000051,2.0,1.0,,1,4,1,0.9609050283063585
81,PIA,Oscar Piastri,McLaren,7.0,3.0,15.0,Finished,True,7.0,88.5,27.12559523809524,37.01190476190476,70.44821428571429,True,2026,4,Miami Grand Prix,Miami Gardens,United States,2026-05-03,8.333333333333334,9.4,2.0,10.13903348450926,0.7,-1.0666666666666664,6.333333333333333,1.5,-2.4000000000000004,2.2,0.7019999999999982,1.0,1.0,,1,4,1,0.9609050283063585
63,RUS,George Russell,Mercedes,5.0,4.0,12.0,Finished,True,5.0,88.197,27.12559523809524,37.01190476190476,70.44821428571429,True,2026,4,Miami Grand Prix,Miami Gardens,United States,2026-05-03,3.3333333333333335,3.6,1.0,2.073644135332773,1.0,-0.2666666666666666,4.666666666666667,1.5,1.4,-1.6,0.3990000000000009,3.0,1.0,,1,4,1,0.9609050283063585
3,VER,Max Verstappen,Red Bull Racing,2.0,5.0,10.0,Finished,True,2.0,87.964,27.12559523809524,37.01190476190476,70.44821428571429,True,2026,4,Miami Grand Prix,Miami Gardens,United States,2026-05-03,5.0,3.4,1.0,3.3615472627943204,1.0,1.6,10.166666666666666,1.5,-1.4,-10.2,0.16599999999999682,4.0,1.0,,1,4,1,0.9609050283063585
44,HAM,Lewis Hamilton,Ferrari,6.0,6.0,8.0,Finished,True,6.0,88.319,27.12559523809524,37.01190476190476,70.44821428571429,True,2026,4,Miami Grand Prix,Miami Gardens,United States,2026-05-03,6.0,7.6,4.0,2.966479394838263,0.9,-1.5999999999999996,4.666666666666667,1.5,-1.5999999999999996,3.2,0.5210000000000008,8.0,1.0,,1,4,1,0.9609050283063585
43,COL,Franco Colapinto,Alpine,8.0,7.0,6.0,Finished,True,8.0,88.762,27.12559523809524,37.01190476190476,70.44821428571429,True,2026,4,Miami Grand Prix,Miami Gardens,United States,2026-05-03,16.666666666666668,15.8,14.0,2.489979919597747,1.0,0.8666666666666671,14.333333333333334,2.5,-7.800000000000001,2.8,0.9639999999999986,,0.0,,1,4,1,0.9609050283063585
16,LEC,Charles Leclerc,Ferrari,3.0,8.0,4.0,Finished,True,3.0,88.143,27.12559523809524,37.01190476190476,70.44821428571429,True,2026,4,Miami Grand Prix,Miami Gardens,United States,2026-05-03,3.3333333333333335,4.4,3.0,2.0736441353327644,0.9,-1.0666666666666669,4.666666666666667,1.5,-1.4000000000000004,-3.2,0.34499999999999886,7.0,1.0,,1,4,1,0.9609050283063585
55,SAI,Carlos Sainz,Williams,13.0,9.0,2.0,Finished,True,13.0,89.568,27.12559523809524,37.01190476190476,70.44821428571429,True,2026,4,Miami Grand Prix,Miami Gardens,United States,2026-05-03,14.333333333333334,10.2,3.0,5.761944116355178,0.8,4.133333333333335,15.166666666666666,6.5,2.8000000000000007,-4.8,1.769999999999996,9.0,1.0,,1,4,1,0.9609050283063585
23,ALB,Alexander Albon,Williams,15.0,10.0,1.0,Finished,True,15.0,89.946,27.12559523809524,37.01190476190476,70.44821428571429,True,2026,4,Miami Grand Prix,Miami Gardens,United States,2026-05-03,16.0,15.0,11.0,3.6055512754639927,0.9,1.0,15.166666666666666,6.5,0.0,4.8,2.147999999999996,5.0,1.0,,1,4,1,0.9609050283063585
87,BEA,Oliver Bearman,Haas F1 Team,12.0,11.0,0.0,Lapped,True,12.0,89.567,27.12559523809524,37.01190476190476,70.44821428571429,True,2026,4,Miami Grand Prix,Miami Gardens,United States,2026-05-03,13.666666666666666,14.0,7.0,6.284902544988267,0.8,-0.3333333333333339,11.5,6.5,-2.0,3.6,1.7689999999999912,19.0,1.0,,1,4,1,0.9609050283063585
5,BOR,Gabriel Bortoleto,Audi,21.0,12.0,0.0,Lapped,True,21.0,93.737,27.12559523809524,37.01190476190476,70.44821428571429,True,2026,4,Miami Grand Prix,Miami Gardens,United States,2026-05-03,11.0,12.6,9.0,2.966479394838265,0.8,-1.5999999999999996,13.75,12.0,8.4,-1.2,5.938999999999993,18.0,1.0,,1,4,1,0.9609050283063585
31,OCO,Esteban Ocon,Haas F1 Team,14.0,13.0,0.0,Lapped,True,14.0,89.772,27.12559523809524,37.01190476190476,70.44821428571429,True,2026,4,Miami Grand Prix,Miami Gardens,United States,2026-05-03,9.333333333333334,10.4,7.0,2.9664793948382657,1.0,-1.0666666666666664,11.5,6.5,3.5999999999999996,-3.6,1.9740000000000038,12.0,1.0,,1,4,1,0.9609050283063585
41,LIN,Arvid Lindblad,Racing Bulls,16.0,14.0,0.0,Lapped,True,16.0,90.133,27.12559523809524,37.01190476190476,70.44821428571429,True,2026,4,Miami Grand Prix,Miami Gardens,United States,2026-05-03,11.0,11.0,8.0,4.242640687119285,1.0,0.0,13.166666666666666,7.0,5.0,0.0,2.3349999999999937,,0.0,,1,4,1,0.9609050283063585
14,ALO,Fernando Alonso,Aston Martin,17.0,15.0,0.0,Lapped,True,17.0,91.098,27.12559523809524,37.01190476190476,70.44821428571429,True,2026,4,Miami Grand Prix,Miami Gardens,United States,2026-05-03,14.0,12.0,6.0,5.787918451395112,0.8,2.0,15.0,3.5,5.0,-4.6,3.299999999999997,15.0,1.0,,1,4,1,0.9609050283063585
11,PER,Sergio Perez,Cadillac,20.0,16.0,0.0,Lapped,True,20.0,91.967,27.12559523809524,37.01190476190476,70.44821428571429,True,2026,4,Miami Grand Prix,Miami Gardens,United States,2026-05-03,17.666666666666668,16.0,10.0,3.6742346141747673,0.7,1.6666666666666679,17.75,17.5,4.0,6.0,4.168999999999997,,0.0,,1,4,1,0.9609050283063585
18,STR,Lance Stroll,Aston Martin,18.0,17.0,0.0,Lapped,True,18.0,91.164,27.12559523809524,37.01190476190476,70.44821428571429,True,2026,4,Miami Grand Prix,Miami Gardens,United States,2026-05-03,16.0,16.6,10.0,4.037325847637268,0.7,-0.6000000000000014,15.0,3.5,1.3999999999999986,4.6,3.3659999999999997,16.0,1.0,,1,4,1,0.9609050283063585
77,BOT,Valtteri Bottas,Cadillac,19.0,18.0,0.0,Lapped,True,19.0,91.629,27.12559523809524,37.01190476190476,70.44821428571429,True,2026,4,Miami Grand Prix,Miami Gardens,United States,2026-05-03,18.666666666666668,17.0,11.0,3.3911649915626354,0.8,1.6666666666666679,17.75,17.5,2.0,3.6,3.831000000000003,,0.0,,1,4,1,0.9609050283063585
27,HUL,Nico Hulkenberg,Audi,10.0,19.0,0.0,Retired,False,10.0,89.439,27.12559523809524,37.01190476190476,70.44821428571429,True,2026,4,Miami Grand Prix,Miami Gardens,United States,2026-05-03,14.0,13.8,7.0,6.760177512462229,0.7,0.1999999999999993,13.75,12.0,-3.8000000000000007,1.2,1.6409999999999911,14.0,1.0,,1,4,1,0.9609050283063585
30,LAW,Liam Lawson,Racing Bulls,11.0,20.0,0.0,Retired,False,11.0,89.499,27.12559523809524,37.01190476190476,70.44821428571429,True,2026,4,Miami Grand Prix,Miami Gardens,United States,2026-05-03,13.333333333333334,12.6,9.0,3.781534080237806,0.9,0.7333333333333343,13.166666666666666,7.0,-1.5999999999999996,0.0,1.7009999999999934,17.0,1.0,,1,4,1,0.9609050283063585
10,GAS,Pierre Gasly,Alpine,9.0,21.0,0.0,Retired,False,9.0,88.81,27.12559523809524,37.01190476190476,70.44821428571429,True,2026,4,Miami Grand Prix,Miami Gardens,United States,2026-05-03,12.0,13.0,7.0,4.743416490252573,1.0,-1.0,14.333333333333334,2.5,-4.0,-2.8,1.0120000000000005,13.0,1.0,,1,4,1,0.9609050283063585
6,HAD,Isack Hadjar,Red Bull Racing,22.0,22.0,0.0,Retired,False,22.0,88.789,27.12559523809524,37.01190476190476,70.44821428571429,True,2026,4,Miami Grand Prix,Miami Gardens,United States,2026-05-03,16.333333333333332,14.6,6.0,5.639148871948675,0.8,1.7333333333333325,10.166666666666666,1.5,7.4,3.6,0.9909999999999997,11.0,1.0,,1,4,1,0.9609050283063585
12,ANT,Kimi Antonelli,Mercedes,2.0,1.0,25.0,Finished,True,2.0,72.646,12.84875,17.8275,71.69500000000001,False,2026,5,Canadian Grand Prix,Montréal,Canada,2026-05-24,1.3333333333333333,4.8,1.0,5.932958789676531,1.0,-3.466666666666667,2.1666666666666665,1.5,-2.8,0.8,0.06799999999999784,3.0,1.0,7.25,0,5,1,1.0
44,HAM,Lewis Hamilton,Ferrari,5.0,2.0,18.0,Finished,True,5.0,72.868,12.84875,17.8275,71.69500000000001,False,2026,5,Canadian Grand Prix,Montréal,Canada,2026-05-24,5.333333333333333,7.2,4.0,3.033150177620618,0.9,-1.8666666666666671,5.0,1.5,-2.2,2.0,0.28999999999999204,4.0,4.0,7.333333333333333,0,5,1,1.0
3,VER,Max Verstappen,Red Bull Racing,6.0,3.0,15.0,Finished,True,6.0,72.907,12.84875,17.8275,71.69500000000001,False,2026,5,Canadian Grand Prix,Montréal,Canada,2026-05-24,6.333333333333333,4.2,1.0,3.1144823004794855,1.0,2.133333333333333,12.166666666666666,1.5,1.7999999999999998,-11.4,0.3289999999999935,1.25,4.0,4.833333333333333,0,5,1,1.0
16,LEC,Charles Leclerc,Ferrari,8.0,4.0,12.0,Finished,True,8.0,72.976,12.84875,17.8275,71.69500000000001,False,2026,5,Canadian Grand Prix,Montréal,Canada,2026-05-24,4.666666666666667,5.2,3.0,2.5884358211089515,0.9,-0.5333333333333332,5.0,1.5,2.8,-2.0,0.39799999999999613,8.25,4.0,6.833333333333333,0,5,1,1.0
6,HAD,Isack Hadjar,Red Bull Racing,7.0,5.0,10.0,Lapped,True,7.0,72.935,12.84875,17.8275,71.69500000000001,False,2026,5,Canadian Grand Prix,Montréal,Canada,2026-05-24,18.0,17.8,12.0,3.7682887362833553,0.7,0.1999999999999993,12.166666666666666,1.5,-10.8,8.6,0.3569999999999993,16.0,1.0,14.75,0,5,1,1.0
43,COL,Franco Colapinto,Alpine,10.0,6.0,8.0,Lapped,True,10.0,73.697,12.84875,17.8275,71.69500000000001,False,2026,5,Canadian Grand Prix,Montréal,Canada,2026-05-24,12.333333333333334,14.2,7.0,4.711687595755898,1.0,-1.8666666666666654,12.5,2.5,-4.199999999999999,-0.4,1.1189999999999998,13.0,1.0,14.25,0,5,1,1.0
30,LAW,Liam Lawson,Racing Bulls,12.0,7.0,6.0,Lapped,True,12.0,73.897,12.84875,17.8275,71.69500000000001,False,2026,5,Canadian Grand Prix,Montréal,Canada,2026-05-24,14.0,13.8,9.0,5.069516742254629,0.8,0.1999999999999993,13.0,7.0,-1.8000000000000007,-0.4,1.3190000000000026,19.0,1.0,11.75,0,5,1,1.0
10,GAS,Pierre Gasly,Alpine,14.0,8.0,4.0,Lapped,True,14.0,74.187,12.84875,17.8275,71.69500000000001,False,2026,5,Canadian Grand Prix,Montréal,Canada,2026-05-24,12.666666666666666,14.6,7.0,5.941380311005182,0.9,-1.9333333333333336,12.5,2.5,-0.5999999999999996,0.4,1.6089999999999947,12.5,4.0,12.166666666666666,0,5,1,1.0
55,SAI,Carlos Sainz,Williams,15.0,9.0,2.0,Lapped,True,15.0,74.273,12.84875,17.8275,71.69500000000001,False,2026,5,Canadian Grand Prix,Montréal,Canada,2026-05-24,13.0,11.0,3.0,5.09901951359279,0.8,2.0,13.5,6.5,4.0,-2.8,1.6949999999999932,8.25,4.0,12.083333333333334,0,5,1,1.0
87,BEA,Oliver Bearman,Haas F1 Team,16.0,10.0,1.0,Lapped,True,16.0,74.416,12.84875,17.8275,71.69500000000001,False,2026,5,Canadian Grand Prix,Montréal,Canada,2026-05-24,13.333333333333334,14.2,7.0,6.1400325732034995,0.8,-0.8666666666666654,12.333333333333334,6.5,1.8000000000000007,3.0,1.8379999999999939,11.0,1.0,12.0,0,5,1,1.0
81,PIA,Oscar Piastri,McLaren,4.0,11.0,0.0,Lapped,True,4.0,72.781,12.84875,17.8275,71.69500000000001,False,2026,5,Canadian Grand Prix,Montréal,Canada,2026-05-24,8.666666666666666,6.0,2.0,8.396427811873332,0.8,2.666666666666666,6.333333333333333,1.5,-2.0,2.2,0.20300000000000296,6.666666666666667,3.0,9.0,0,5,1,1.0
27,HUL,Nico Hulkenberg,Audi,11.0,12.0,0.0,Lapped,True,11.0,73.886,12.84875,17.8275,71.69500000000001,False,2026,5,Canadian Grand Prix,Montréal,Canada,2026-05-24,17.333333333333332,16.2,9.0,5.805170109479997,0.6,1.1333333333333329,14.333333333333334,12.0,-5.199999999999999,4.6,1.3079999999999927,11.333333333333334,3.0,12.444444444444445,0,5,1,1.0
5,BOR,Gabriel Bortoleto,Audi,13.0,13.0,0.0,Lapped,True,13.0,74.071,12.84875,17.8275,71.69500000000001,False,2026,5,Canadian Grand Prix,Montréal,Canada,2026-05-24,11.333333333333334,11.6,9.0,1.67332005306815,0.8,-0.2666666666666657,14.333333333333334,12.0,1.4000000000000004,-4.6,1.492999999999995,14.0,1.0,13.5,0,5,1,1.0
31,OCO,Esteban Ocon,Haas F1 Team,17.0,14.0,0.0,Lapped,True,17.0,74.845,12.84875,17.8275,71.69500000000001,False,2026,5,Canadian Grand Prix,Montréal,Canada,2026-05-24,11.333333333333334,11.2,7.0,3.033150177620621,1.0,0.13333333333333464,12.333333333333334,6.5,5.800000000000001,-3.0,2.266999999999996,8.25,4.0,13.583333333333334,0,5,1,1.0
18,STR,Lance Stroll,Aston Martin,22.0,15.0,0.0,Lapped,True,21.0,76.195,12.84875,17.8275,71.69500000000001,False,2026,5,Canadian Grand Prix,Montréal,Canada,2026-05-24,18.333333333333332,16.4,10.0,3.9749213828703565,0.7,1.9333333333333336,17.666666666666668,3.5,5.600000000000001,3.6,3.6169999999999902,10.75,4.0,11.5,0,5,1,1.0
77,BOT,Valtteri Bottas,Cadillac,21.0,16.0,0.0,Lapped,True,22.0,76.272,12.84875,17.8275,71.69500000000001,False,2026,5,Canadian Grand Prix,Montréal,Canada,2026-05-24,18.666666666666668,17.0,11.0,3.3911649915626354,0.8,1.6666666666666679,17.5,17.0,4.0,3.0,3.6940000000000026,10.0,3.0,13.333333333333334,0,5,1,1.0
11,PER,Sergio Perez,Cadillac,20.0,17.0,0.0,Retired,False,20.0,75.429,12.84875,17.8275,71.69500000000001,False,2026,5,Canadian Grand Prix,Montréal,Canada,2026-05-24,16.333333333333332,17.2,16.0,1.643167672515499,0.8,-0.8666666666666671,17.5,17.0,2.8000000000000007,4.6,2.850999999999999,14.666666666666666,3.0,6.444444444444445,0,5,1,1.0
1,NOR,Lando Norris,McLaren,3.0,18.0,0.0,Retired,False,3.0,72.729,12.84875,17.8275,71.69500000000001,False,2026,5,Canadian Grand Prix,Montréal,Canada,2026-05-24,4.0,3.8,2.0,1.303840481040546,0.9,0.20000000000000018,6.333333333333333,1.5,-0.7999999999999998,-2.2,0.15099999999999625,12.0,4.0,4.666666666666667,0,5,1,1.0
63,RUS,George Russell,Mercedes,1.0,19.0,0.0,Retired,False,1.0,72.578,12.84875,17.8275,71.69500000000001,False,2026,5,Canadian Grand Prix,Montréal,Canada,2026-05-24,3.0,4.0,1.0,1.8708286933869713,1.0,-1.0,2.1666666666666665,1.5,-3.0,-0.8,0.0,6.75,4.0,6.333333333333333,0,5,1,1.0
14,ALO,Fernando Alonso,Aston Martin,19.0,20.0,0.0,Retired,False,19.0,75.196,12.84875,17.8275,71.69500000000001,False,2026,5,Canadian Grand Prix,Montréal,Canada,2026-05-24,17.0,12.8,6.0,5.890670590009256,0.8,4.199999999999999,17.666666666666668,3.5,6.199999999999999,-3.6,2.617999999999995,6.0,4.0,12.0,0,5,1,1.0
23,ALB,Alexander Albon,Williams,18.0,21.0,0.0,Retired,False,18.0,74.851,12.84875,17.8275,71.69500000000001,False,2026,5,Canadian Grand Prix,Montréal,Canada,2026-05-24,14.0,13.8,10.0,4.1472882706655465,0.9,0.1999999999999993,13.5,6.5,4.199999999999999,2.8,2.272999999999996,14.25,4.0,11.416666666666666,0,5,1,1.0
41,LIN,Arvid Lindblad,Racing Bulls,9.0,22.0,0.0,Did not start,False,9.0,73.28,12.84875,17.8275,71.69500000000001,False,2026,5,Canadian Grand Prix,Montréal,Canada,2026-05-24,12.0,12.0,8.0,3.4641016151377544,1.0,0.0,13.0,7.0,-3.0,-2.0,0.7019999999999982,,0.0,8.0,0,5,1,1.0
